$MeshFormat
2.2 0 8
$EndMeshFormat
$PhysicalNames
4
2 1 "Top_Plate"
2 2 "Soundhole"
2 3 "Body_Shell"
3 10 "Air_Internal"
$EndPhysicalNames
$Nodes
3760
1 0.0496 -9.797174393178826e-18 0.047
2 0.237 0 -0.047
3 0.237 0 0.047
4 0.237 0.0266 -0.047
5 0.237 0.0266 0.047
6 -0.237 0 -0.047
7 -0.237 0 0.047
8 0.237 -0.0266 -0.047
9 0.237 -0.0266 0.047
10 0.04689888917617424 0.0144496666474861 0.047
11 0.03916035668882639 0.02694782574586226 0.047
12 0.02742953423106159 0.03580653165420247 0.047
13 0.01329073437853217 0.03982936705180137 0.047
14 -0.001346519602883234 0.03847302572691279 0.047
15 -0.01450538545517017 0.03192068909120965 0.047
16 -0.02440868542918449 0.02105728651509436 0.047
17 -0.02971892398735604 0.007349980712663007 0.047
18 -0.02971892398735611 -0.007349980712662613 0.047
19 -0.02440868542918465 -0.0210572865150941 0.047
20 -0.01450538545517038 -0.03192068909120949 0.047
21 -0.001346519602883397 -0.03847302572691274 0.047
22 0.01329073437853199 -0.03982936705180139 0.047
23 0.02742953423106147 -0.03580653165420252 0.047
24 0.03916035668882634 -0.02694782574586231 0.047
25 0.04689888917617423 -0.01444966664748612 0.047
26 0.237 0 -0.03357142857142854
27 0.237 0 -0.02014285714285708
28 0.237 0 -0.006714285714285659
29 0.237 0 0.006714285714285756
30 0.237 0 0.02014285714285718
31 0.237 0 0.03357142857142859
32 0.237 0.0266 -0.03357142857142854
33 0.237 0.0266 -0.02014285714285708
34 0.237 0.0266 -0.006714285714285659
35 0.237 0.0266 0.006714285714285756
36 0.237 0.0266 0.02014285714285718
37 0.237 0.0266 0.03357142857142859
38 0.237 0.01329999999999999 -0.047
39 0.237 0.01329999999999999 0.04699999999999999
40 -0.237 0 -0.03357142857142854
41 -0.237 0 -0.02014285714285708
42 -0.237 0 -0.006714285714285659
43 -0.237 0 0.006714285714285756
44 -0.237 0 0.02014285714285718
45 -0.237 0 0.03357142857142859
46 0.2289221826141087 0.03915388810851618 -0.047
47 0.2203693695050159 0.05138943611982099 -0.047
48 0.2114093102629032 0.06333018052885782 -0.04700000000000001
49 0.2020684430026616 0.07497529339663421 -0.047
50 0.1922711328345035 0.08623839835466433 -0.047
51 0.1819049364274841 0.09697900534053477 -0.047
52 0.1708369034570167 0.1069924830658659 -0.047
53 0.1589118869073523 0.1159631353920108 -0.047
54 0.1459749512689879 0.1233879097355298 -0.047
55 0.1319691240898164 0.1284838995767672 -0.047
56 0.1171844974043437 0.1302288445915317 -0.047
57 0.1024040534946568 0.1283301564167971 -0.047
58 0.08810526209147193 0.1240675662701317 -0.047
59 0.07419714323717728 0.1186453682317638 -0.047
60 0.06041999990141213 0.112894493077024 -0.047
61 0.04651717091274683 0.107457813874142 -0.047
62 0.03229483800343427 0.1029332942656472 -0.047
63 0.01765954423739129 0.1000538024334244 -0.047
64 0.002771830637772693 0.1001019636385552 -0.047
65 -0.01131750174112999 0.1048045138334588 -0.047
66 -0.02349143663794274 0.113390634996392 -0.047
67 -0.03411300939999386 0.1238712893278619 -0.047
68 -0.04401076298496994 0.1350471153446378 -0.047
69 -0.05389827432747926 0.1462321879914998 -0.047
70 -0.06435373305762465 0.15688368357389 -0.047
71 -0.07583514130366051 0.1664108406597711 -0.047
72 -0.08845250355460804 0.1743719294672638 -0.047
73 -0.1019743563452826 0.1806765794714979 -0.047
74 -0.1161897503241112 0.1852025522635281 -0.047
75 -0.1308915925202944 0.1877195592858624 -0.047
76 -0.1458008345532897 0.1878450250199793 -0.04700000000000001
77 -0.1604285558691191 0.1850196313415578 -0.047
78 -0.1738782103472078 0.1786494455455832 -0.047
79 -0.1852309620941111 0.1690080581698172 -0.047
80 -0.1944125953276993 0.1572590247744264 -0.047
81 -0.2018338404524553 0.1443148595604867 -0.047
82 -0.2079536084283683 0.1307019829614675 -0.047
83 -0.2131453109842533 0.1167065298695587 -0.04700000000000001
84 -0.2176977581753496 0.1024891737710939 -0.047
85 -0.221776554618994 0.0881285160061213 -0.047
86 -0.2254256158595027 0.07365261035702507 -0.047
87 -0.2286640405678171 0.05907931166467413 -0.047
88 -0.231492109116501 0.04442087091824743 -0.047
89 -0.2338852676566386 0.02968527572541754 -0.047
90 -0.2357764334357298 0.01487716781382549 -0.047
91 0.2289221826141087 0.03915388810851618 0.04699999999999999
92 0.2203693695050159 0.05138943611982099 0.04699999999999999
93 0.2114093102629032 0.06333018052885782 0.04699999999999999
94 0.2020684430026616 0.07497529339663421 0.04699999999999999
95 0.1922711328345035 0.08623839835466433 0.04699999999999999
96 0.1819049364274841 0.09697900534053477 0.04699999999999999
97 0.1708369034570167 0.1069924830658659 0.04699999999999999
98 0.1589118869073523 0.1159631353920108 0.04699999999999999
99 0.1459749512689879 0.1233879097355298 0.04699999999999999
100 0.1319691240898164 0.1284838995767672 0.04699999999999999
101 0.1171844974043437 0.1302288445915317 0.04699999999999999
102 0.1024040534946568 0.1283301564167971 0.04699999999999999
103 0.08810526209147193 0.1240675662701317 0.04699999999999999
104 0.07419714323717728 0.1186453682317638 0.04699999999999999
105 0.06041999990141213 0.112894493077024 0.04699999999999999
106 0.04651717091274683 0.107457813874142 0.04699999999999999
107 0.03229483800343427 0.1029332942656472 0.04699999999999999
108 0.01765954423739129 0.1000538024334244 0.04699999999999999
109 0.002771830637772693 0.1001019636385552 0.04699999999999999
110 -0.01131750174112999 0.1048045138334588 0.04699999999999999
111 -0.02349143663794274 0.113390634996392 0.04699999999999999
112 -0.03411300939999386 0.1238712893278619 0.04699999999999999
113 -0.04401076298496994 0.1350471153446378 0.04699999999999999
114 -0.05389827432747926 0.1462321879914998 0.04699999999999999
115 -0.06435373305762465 0.15688368357389 0.04699999999999999
116 -0.07583514130366051 0.1664108406597711 0.04699999999999999
117 -0.08845250355460804 0.1743719294672638 0.04699999999999999
118 -0.1019743563452826 0.1806765794714979 0.04699999999999999
119 -0.1161897503241112 0.1852025522635281 0.04699999999999999
120 -0.1308915925202944 0.1877195592858624 0.04699999999999999
121 -0.1458008345532897 0.1878450250199793 0.04699999999999999
122 -0.1604285558691191 0.1850196313415578 0.04699999999999999
123 -0.1738782103472078 0.1786494455455832 0.04699999999999999
124 -0.1852309620941111 0.1690080581698172 0.04699999999999999
125 -0.1944125953276993 0.1572590247744264 0.04699999999999999
126 -0.2018338404524553 0.1443148595604867 0.04699999999999999
127 -0.2079536084283683 0.1307019829614675 0.04699999999999999
128 -0.2131453109842533 0.1167065298695587 0.04699999999999999
129 -0.2176977581753496 0.1024891737710939 0.04699999999999999
130 -0.221776554618994 0.0881285160061213 0.04699999999999999
131 -0.2254256158595027 0.07365261035702507 0.04699999999999999
132 -0.2286640405678171 0.05907931166467413 0.04699999999999999
133 -0.231492109116501 0.04442087091824743 0.04699999999999999
134 -0.2338852676566386 0.02968527572541754 0.04699999999999999
135 -0.2357764334357298 0.01487716781382549 0.04699999999999999
136 0.237 -0.0266 -0.03357142857142854
137 0.237 -0.0266 -0.02014285714285708
138 0.237 -0.0266 -0.006714285714285659
139 0.237 -0.0266 0.006714285714285756
140 0.237 -0.0266 0.02014285714285718
141 0.237 -0.0266 0.03357142857142859
142 0.2289221826141087 -0.03915388810851618 -0.047
143 0.2203693695050159 -0.05138943611982099 -0.047
144 0.2114093102629032 -0.06333018052885782 -0.04700000000000001
145 0.2020684430026616 -0.07497529339663421 -0.047
146 0.1922711328345035 -0.08623839835466433 -0.047
147 0.1819049364274841 -0.09697900534053477 -0.047
148 0.1708369034570167 -0.1069924830658659 -0.047
149 0.1589118869073523 -0.1159631353920108 -0.047
150 0.1459749512689879 -0.1233879097355298 -0.047
151 0.1319691240898164 -0.1284838995767672 -0.047
152 0.1171844974043437 -0.1302288445915317 -0.047
153 0.1024040534946568 -0.1283301564167971 -0.047
154 0.08810526209147193 -0.1240675662701317 -0.047
155 0.07419714323717728 -0.1186453682317638 -0.047
156 0.06041999990141213 -0.112894493077024 -0.047
157 0.04651717091274683 -0.107457813874142 -0.047
158 0.03229483800343427 -0.1029332942656472 -0.047
159 0.01765954423739129 -0.1000538024334244 -0.047
160 0.002771830637772693 -0.1001019636385552 -0.047
161 -0.01131750174112999 -0.1048045138334588 -0.047
162 -0.02349143663794274 -0.113390634996392 -0.047
163 -0.03411300939999386 -0.1238712893278619 -0.047
164 -0.04401076298496994 -0.1350471153446378 -0.047
165 -0.05389827432747926 -0.1462321879914998 -0.047
166 -0.06435373305762465 -0.15688368357389 -0.047
167 -0.07583514130366051 -0.1664108406597711 -0.047
168 -0.08845250355460804 -0.1743719294672638 -0.047
169 -0.1019743563452826 -0.1806765794714979 -0.047
170 -0.1161897503241112 -0.1852025522635281 -0.047
171 -0.1308915925202944 -0.1877195592858624 -0.047
172 -0.1458008345532897 -0.1878450250199793 -0.04700000000000001
173 -0.1604285558691191 -0.1850196313415578 -0.047
174 -0.1738782103472078 -0.1786494455455832 -0.047
175 -0.1852309620941111 -0.1690080581698172 -0.047
176 -0.1944125953276993 -0.1572590247744264 -0.047
177 -0.2018338404524553 -0.1443148595604867 -0.047
178 -0.2079536084283683 -0.1307019829614675 -0.047
179 -0.2131453109842533 -0.1167065298695587 -0.04700000000000001
180 -0.2176977581753496 -0.1024891737710939 -0.047
181 -0.221776554618994 -0.0881285160061213 -0.047
182 -0.2254256158595027 -0.07365261035702507 -0.047
183 -0.2286640405678171 -0.05907931166467413 -0.047
184 -0.231492109116501 -0.04442087091824743 -0.047
185 -0.2338852676566386 -0.02968527572541754 -0.047
186 -0.2357764334357298 -0.01487716781382549 -0.047
187 0.2289221826141087 -0.03915388810851618 0.04699999999999999
188 0.2203693695050159 -0.05138943611982099 0.04699999999999999
189 0.2114093102629032 -0.06333018052885782 0.04699999999999999
190 0.2020684430026616 -0.07497529339663421 0.04699999999999999
191 0.1922711328345035 -0.08623839835466433 0.04699999999999999
192 0.1819049364274841 -0.09697900534053477 0.04699999999999999
193 0.1708369034570167 -0.1069924830658659 0.04699999999999999
194 0.1589118869073523 -0.1159631353920108 0.04699999999999999
195 0.1459749512689879 -0.1233879097355298 0.04699999999999999
196 0.1319691240898164 -0.1284838995767672 0.04699999999999999
197 0.1171844974043437 -0.1302288445915317 0.04699999999999999
198 0.1024040534946568 -0.1283301564167971 0.04699999999999999
199 0.08810526209147193 -0.1240675662701317 0.04699999999999999
200 0.07419714323717728 -0.1186453682317638 0.04699999999999999
201 0.06041999990141213 -0.112894493077024 0.04699999999999999
202 0.04651717091274683 -0.107457813874142 0.04699999999999999
203 0.03229483800343427 -0.1029332942656472 0.04699999999999999
204 0.01765954423739129 -0.1000538024334244 0.04699999999999999
205 0.002771830637772693 -0.1001019636385552 0.04699999999999999
206 -0.01131750174112999 -0.1048045138334588 0.04699999999999999
207 -0.02349143663794274 -0.113390634996392 0.04699999999999999
208 -0.03411300939999386 -0.1238712893278619 0.04699999999999999
209 -0.04401076298496994 -0.1350471153446378 0.04699999999999999
210 -0.05389827432747926 -0.1462321879914998 0.04699999999999999
211 -0.06435373305762465 -0.15688368357389 0.04699999999999999
212 -0.07583514130366051 -0.1664108406597711 0.04699999999999999
213 -0.08845250355460804 -0.1743719294672638 0.04699999999999999
214 -0.1019743563452826 -0.1806765794714979 0.04699999999999999
215 -0.1161897503241112 -0.1852025522635281 0.04699999999999999
216 -0.1308915925202944 -0.1877195592858624 0.04699999999999999
217 -0.1458008345532897 -0.1878450250199793 0.04699999999999999
218 -0.1604285558691191 -0.1850196313415578 0.04699999999999999
219 -0.1738782103472078 -0.1786494455455832 0.04699999999999999
220 -0.1852309620941111 -0.1690080581698172 0.04699999999999999
221 -0.1944125953276993 -0.1572590247744264 0.04699999999999999
222 -0.2018338404524553 -0.1443148595604867 0.04699999999999999
223 -0.2079536084283683 -0.1307019829614675 0.04699999999999999
224 -0.2131453109842533 -0.1167065298695587 0.04699999999999999
225 -0.2176977581753496 -0.1024891737710939 0.04699999999999999
226 -0.221776554618994 -0.0881285160061213 0.04699999999999999
227 -0.2254256158595027 -0.07365261035702507 0.04699999999999999
228 -0.2286640405678171 -0.05907931166467413 0.04699999999999999
229 -0.231492109116501 -0.04442087091824743 0.04699999999999999
230 -0.2338852676566386 -0.02968527572541754 0.04699999999999999
231 -0.2357764334357298 -0.01487716781382549 0.04699999999999999
232 0.237 -0.01329999999999999 -0.047
233 0.237 -0.01329999999999999 0.04699999999999999
234 -0.01004905283972417 0.01791247844435783 0.047
235 0.03220589965276691 -0.01399698047461977 0.047
236 -0.01004905283972427 -0.01791247844435766 0.047
237 0.02575679764459701 0.02277835275722213 0.047
238 0.007146733431380506 -0.02647496259980642 0.047
239 0.007748645577665146 0.02761573033408647 0.047
240 -0.01827272735055205 0.001139092573016062 0.047
241 0.03573566619514743 0.004885602731872826 0.047
242 -0.01704976389702263 -0.009170989333770424 0.047
243 -0.003867211280506672 -0.02704580617530699 0.047
244 0.01801239756047981 0.02956651059064531 0.047
245 0.03334546030136666 0.01563068183043486 0.047
246 -0.01906418694683605 0.011104565182804 0.047
247 0.03879289423047302 -0.005483255239195992 0.047
248 0.0180123975604797 -0.02956651059064533 0.047
249 0.01774001176633877 -0.01622251315096471 0.047
250 0.002882933182270921 -0.01409645639379014 0.047
251 0.01120323838343413 -0.00228835977480102 0.047
252 -0.003918239019689799 -0.002049431121032654 0.047
253 0.003907746799956444 0.01252948099805529 0.047
254 0.01997511883342071 0.009399361341109136 0.047
255 0.02556161558865634 -0.003697090632612236 0.047
256 -0.002848913104031198 0.0256902809189244 0.047
257 0.02768207351808849 -0.02452267083087933 0.047
258 0.01504651850559278 0.01954966560207692 0.047
259 -0.00932500731569515 0.0076698205321078 0.047
260 0.237 0.01273418740184174 0.01342857142857146
261 0.237 0.01276588944015514 -0.01342857142857137
262 0.237 0.01434968242519335 0.02719900306305151
263 0.237 0.01497051600632325 -0.02685714285714281
264 0.237 0.01364634705442533 4.163336342344337e-17
265 0.237 0.009759979403317454 -0.03819109881847141
266 0.237 0.009825270145447835 0.03780982665506451
267 0.237 0.01846838413116123 0.03883826203477592
268 0.237 0.01893959501463445 -0.03925794502941179
269 -0.2361104180020407 0.01162732092889482 -0.0003141181962035555
270 -0.227087804457987 0.06641261186107839 0.03483665368108101
271 0.2313515731206773 0.03549510296052268 1.0987523710905e-05
272 -0.004266286933811263 0.1017633868442867 0.03273362390815081
273 -0.167374166779742 0.1823006887557032 -0.03412217747644158
274 0.122135464827133 0.1300817522462427 -0.03539734740623192
275 -0.124223094136614 0.1868546941563929 0.03319180398141107
276 -0.1983131414199841 0.150895830538943 -0.0340843029442264
277 0.1641741763337639 0.1122462918873712 -0.03243500145229424
278 0.03945440641929089 0.1050434077946608 -0.03407964813989837
279 -0.0838517372882894 0.1717279307281371 -0.03445542505659068
280 0.08111756140389209 0.1214427582057076 -0.03407563039176585
281 -0.04059524519574473 0.1311215957686408 -0.0341038385959718
282 0.1971670785898423 0.08073865203150941 -0.03412651920355177
283 -0.2154863435929353 0.1096186038932003 -0.03407223738866443
284 -0.05898037558965152 0.1516154470509528 0.03317359923600774
285 0.01021413632210172 0.09959839829351878 -0.03413061887807248
286 -0.1798404725854802 0.1741653835893319 0.03411405445566018
287 -0.2300010123286165 0.0524272223746519 -0.03390626119458562
288 0.1393093914443305 0.1262109292263941 0.03419073805036481
289 -0.1383434370615003 0.1881122240057369 -0.03409703593445854
290 0.02516480179791548 0.1012531622419638 0.03328377343611036
291 -0.02887014555917557 0.1184138164004443 0.03267393926270248
292 0.09555544421826834 0.126517550433298 0.0337347661249349
293 -0.2049022365921863 0.137856506839171 0.03461070533321169
294 0.1765686323710444 0.1020016621871118 0.03393092943877223
295 0.2068230738125451 0.06915144394798944 0.03406466050486802
296 -0.2200031118252553 0.09458141587730112 0.03451027570806044
297 0.06728399789894349 0.1157580207358177 0.03353503770577057
298 -0.2235197131194352 0.08143220063031374 -0.03379477938508128
299 -0.06055954625993373 0.1532127058572157 -0.0342943618506462
300 -0.08189206958629841 0.1705156668460712 0.03280131253445175
301 -0.1090076529698661 0.1831732461273904 -0.03408371722632746
302 -0.1529867121374497 0.1868810349809316 0.03198041195903603
303 -0.01764764251495923 0.1087527881981737 -0.03412453236364608
304 0.2159376974467353 0.05739444877171265 -0.03480712339066299
305 -0.2323774950786567 0.03929543786304386 0.03487202211994406
306 0.2242946309073763 0.04588889517565158 0.03384097139927759
307 -0.234791246216021 0.02313528232441521 -0.03419895222228972
308 -0.2361641787055007 0.01107185093904284 0.02645703904420482
309 0.2296071055738273 0.03813150654777947 -0.02585592655761802
310 0.2158432563137233 0.05752022950892129 0.03410474751249595
311 0.2114574772191724 0.0632680341989605 0.02124404486103856
312 0.2022041560693783 0.07481217670966607 0.02110894679473312
313 0.2069979299194367 0.0689330755163871 0.008393693391259269
314 0.1975281685727646 0.08032268922247339 0.008201285961916979
315 0.2024272652705462 0.07454361103845614 -0.004520090266259366
316 0.1927221943537945 0.08574280206580279 -0.004728469610068113
317 0.2116182700629415 0.06306042577588741 -0.004368892260708336
318 0.187549648568072 0.09128691781302137 0.008043274066655295
319 0.1824254606206189 0.09647018902371511 -0.004924479439991976
320 0.1769049367683272 0.1016956813588616 0.007877773662035459
321 0.1714305950337052 0.1064954364839071 -0.005106946790584911
322 0.1654803659165968 0.1112638649852023 0.007704829860846037
323 0.1596167917292615 0.1154879412998609 -0.005440483784434194
324 0.1531262339385256 0.1195917775195358 0.007555083631235457
325 0.1467625249992833 0.1230081434294608 -0.005652618017473882
326 0.1396472856894733 0.1260849153497564 0.007661278932812647
327 0.1327422747073515 0.1282869724727267 -0.005642114409949925
328 0.1252131040701413 0.1297655384902058 0.007420594440170368
329 0.117952590127012 0.1302349952151892 -0.005179909425274042
330 0.110335601696776 0.1297426386013715 0.007395177875266702
331 0.1030760982534375 0.1284807287073152 -0.005262982884232707
332 0.09576256980686901 0.1265791785933268 0.007029297783191238
333 0.08885809659336183 0.1243337039786676 -0.006186957337839132
334 0.08172240129909963 0.1216794560492104 0.006636855234569666
335 0.07494625969299157 0.1189544559269816 -0.006369571747289089
336 0.06787664455440161 0.1160067263567274 0.006703222601303183
337 0.06113809032759254 0.1131912574272754 -0.006510271699148237
338 0.05409732223877574 0.1103354004663356 0.006569168154360254
339 0.04730514648419899 0.1077445430733736 -0.006628095643992679
340 0.04014348614283052 0.10526562208685 0.006163637723498025
341 0.03311196593416329 0.1031544231680501 -0.00690470399218223
342 0.02577293603086994 0.1013776482559042 0.00591977881575128
343 0.01861143326792991 0.1001686354558005 -0.007022681291105851
344 0.01096164603394629 0.0996052993245634 0.005727881806131138
345 0.003634700428345152 0.09998466127137665 -0.007245238639082378
346 -0.003789683142227159 0.1016086433948809 0.005518341570608772
347 -0.01056281090469824 0.1044108534945325 -0.007325817562679561
348 -0.01713229416517721 0.1083885557327116 0.00535237780226596
349 -0.02293681326221125 0.1129117888538796 -0.007496189568370677
350 -0.02847519138167975 0.1180231715317461 0.005193739729943733
351 -0.03352909121166425 0.1232412144518516 -0.007802323655741274
352 -0.0386486912035466 0.1289056660854218 0.005015102304331623
353 -0.04348694850348053 0.1344437214339547 -0.007845710760899724
354 -0.04854153682840836 0.1402457610527502 0.00528967095117798
355 -0.05335736036039968 0.145640041530461 -0.007903395612976725
356 -0.05864115394811966 0.1512673351808529 0.005185477393207363
357 -0.06375244748228694 0.1563182960909606 -0.008050919175191407
358 -0.06943381906460297 0.1614005743402868 0.004611604805873935
359 -0.07514190211525393 0.1659037926933376 -0.008255323886053829
360 -0.08140518658406856 0.1702060947713127 0.004371134832296335
361 -0.08766433741670805 0.1739383373147257 -0.008445845963360434
362 -0.09442328931668512 0.1774119641937376 0.004178940652846089
363 -0.04385252751438234 0.1348648318022707 0.01944193007101316
364 -0.1011103866801973 0.1803343330489713 -0.008595929263349095
365 -0.1088601504990906 0.1831261029614027 0.004455552988410216
366 -0.1153457510951096 0.1849910461220004 -0.008698108653988561
367 -0.1227506649016641 0.1866011139525467 0.003768902610360211
368 -0.1020933510621172 0.1807230982577812 0.01750051554663656
369 -0.1299173603958364 0.1876226711601484 -0.008901040061358952
370 -0.137469977028604 0.1880990024818727 0.002785094241100114
371 -0.1448858406522595 0.1879159308151735 -0.009405088371589321
372 -0.1523787735413092 0.1869921323867108 0.003471632331301995
373 -0.1594885115805047 0.1853095468336949 -0.009258878783176536
374 -0.1666693022463535 0.1826273573117801 0.003501726582682267
375 -0.1731134223875663 0.1791419306257131 -0.009342746729632222
376 -0.1792615349233311 0.1746537866379764 0.00225631911508397
377 -0.1846041410035189 0.1696673951722649 -0.009933465535301597
378 -0.1896542198338649 0.1638627754416835 0.001858031365120492
379 0.04667769126683377 0.10751596460333 0.01953749264945917
380 -0.1939032204732795 0.1580239285670901 -0.01011645046583137
381 -0.1979288567324912 0.1515642430467085 0.002700348279693093
382 -0.2014140478030503 0.1451444434871401 -0.01029835820768234
383 -0.2047180364542761 0.1382644358432642 0.002522077864510086
384 -0.2076225131263304 0.1315153718152979 -0.01012886393567384
385 -0.2103906724180961 0.1244265473300834 0.002397981570908772
386 -0.1930166443911627 0.1593208977701864 0.01634885747084337
387 0.1178402745220749 0.1302347417539778 0.0206395181792448
388 -0.2128589495098118 0.117540428478317 -0.01021523414697212
389 -0.2152600092322404 0.1103246909870941 0.001503410154541002
390 -0.2174235339813207 0.1033964825344477 -0.01048569472997452
391 -0.2195678122903208 0.09611440756971965 0.001596024098723246
392 -0.2134832580552858 0.1157130587594488 0.01494491132866112
393 0.1592029057213143 0.1157678121927859 0.02080718441011525
394 -0.2215198991201648 0.08908384548318264 -0.01060635945296001
395 -0.2234274826518316 0.08179600772629528 0.001070490002038037
396 -0.2251725888020259 0.07471561855721646 -0.01081588600098506
397 -0.2268837533541365 0.0673268390381367 0.000850394063056599
398 -0.2284229840776812 0.06023393455345442 -0.01096836809954272
399 -0.2299149314497826 0.0528691728009732 0.0006149269503863339
400 -0.2312494569538319 0.04577295452883793 -0.01108953370209925
401 -0.2325026149756175 0.03854424276279612 0.001199075111482928
402 -0.233601371747785 0.03159935273869659 -0.01065226961676199
403 0.1771477485486261 0.1014738703684689 -0.0170726170710366
404 0.1399862116741663 0.125956659058672 -0.01844957580225947
405 0.2072188867831598 0.0686567196750065 -0.01718439518679362
406 0.09775519529059216 0.1271516158917034 -0.01793457760228364
407 0.05441139993251745 0.1104597077024346 -0.01955571952112293
408 -0.2311225425726366 0.04647194249968585 0.0136037594302011
409 -0.233269482422884 0.03376928372929835 0.01177233692540779
410 -0.2252737712713262 0.07429170201365663 0.01415833538064475
411 -0.1894086423179189 0.1641722129437333 -0.02292867895758978
412 0.02601351082853705 0.1014279266202396 -0.01988594066523065
413 -0.2103176620000456 0.1246220380418082 -0.02359815118648841
414 -0.003513916850366588 0.1015219882273324 -0.02021395297839383
415 -0.02682624492181301 0.1164277636440362 -0.02059360688424058
416 -0.1753123541055316 0.1776773230685644 0.01701919918167885
417 -0.04716272263147104 0.1386710432379277 -0.02078022022806238
418 -0.1443013930475496 0.1879554460545413 0.01698735542294592
419 -0.06786611316239533 0.1600571793352382 -0.02100175311893284
420 -0.09416217311392322 0.1772877625645169 -0.02170173524206364
421 -0.1224484291200012 0.1865463076839406 -0.0220490151172036
422 -0.152142996113667 0.187033675991036 -0.02238381389182334
423 -0.07547959606231326 0.1661518033156004 0.01784379934353837
424 0.2161980475220292 0.0570472473604343 -0.0166108139663626
425 0.2199520614524177 0.05196379653585101 -0.004514984072609571
426 -0.02308298924962671 0.1130372379546972 0.01817936431429434
427 -0.2196097999546477 0.09596737688118351 -0.02405551126614118
428 0.003292237616597368 0.1000291793540029 0.01921433263481036
429 -0.2268964347833589 0.06727023989938108 -0.02419163488942515
430 -0.2325628367072259 0.0381800832191371 -0.02414366705071292
431 0.07449990399979931 0.1187704258167251 0.02023220598294764
432 0.152675752175222 0.1198536877393897 0.03400606430931054
433 0.2242594269929629 0.04593904953657006 -0.01575820962809579
434 0.1462453881779853 0.1232585902804937 0.02099204559271561
435 0.1821980133059249 0.09669292776500088 0.02088462442306076
436 0.2160541415081308 0.05723924250005473 0.008277946464277181
437 0.2202027731693598 0.05161896104084551 0.0212864494599479
438 0.2281325584459712 0.04032400517293853 0.02124556527955899
439 0.171141445774407 0.1067380977346648 0.02080695051478818
440 0.2248354910357191 0.04511638168163058 0.007275737080906994
441 -0.2299090963226479 0.05289905849004497 0.03491753103795779
442 -0.2284674899273814 0.0600217134734597 0.02216822681087104
443 0.1972986370711146 0.08058726308215995 0.03401741852323607
444 0.2069009835689123 0.06905418249218077 -0.03514592347865311
445 -0.2347300847988402 0.02360262162346867 0.03359217238893404
446 0.1872696005596711 0.0915782582275908 0.03397631543759615
447 -0.2236849912158737 0.0807774676154261 0.03500603092957673
448 -0.2224041205842333 0.085760351587039 0.02339136556357703
449 -0.2181107805002425 0.1011096968728586 0.02273977140815514
450 -0.2137721915278869 0.1148556617000682 0.030022537348334
451 0.08122621740761954 0.1214853919985906 0.03351652122362468
452 0.06050047279549862 0.1129277019240431 0.01991783770424134
453 0.05345971929409653 0.1100841246244247 0.03314427456957383
454 -0.03905771868281398 0.1293692753071378 0.03305206020557151
455 -0.04890962188026501 0.1406644037954448 0.03333716773012468
456 -0.05384231257036368 0.1461710778499715 0.01996732907353259
457 0.06731197556648749 0.1157697614105081 -0.03407318869924847
458 0.05350329951601127 0.1101012524282552 -0.03407063043492636
459 0.1651081937415733 0.1115461797921904 0.03384320972967465
460 0.0682042118198774 0.1161441823440602 -0.01937979792218775
461 0.1873688301006177 0.09147513269333357 -0.01721138254084879
462 0.1826564664275574 0.09624331960859257 -0.03073260447482803
463 0.1974090418199514 0.08046007333006319 -0.01840033694589984
464 -0.03392328520110031 0.1236660363811708 0.01893996704115268
465 -0.01750879219072565 0.108653918002745 0.03264681090672002
466 -0.2077829106605841 0.1311224809742736 0.01456267382126769
467 0.09519215589176251 0.1264085229853926 -0.03417516779232579
468 0.08844733385738057 0.1241889530637537 0.02039861456648046
469 0.1030198275623027 0.1284683244685777 0.02095639402061608
470 0.03265870905805107 0.1030310927215496 0.01925794603404099
471 0.08257525561401341 0.122010529562548 -0.01931249338383218
472 0.1099938939252948 0.1296993602337236 -0.02668688441028034
473 -0.2059467426443529 0.1354926124546428 -0.0348295993483432
474 -0.201477758241947 0.1450193487754535 0.01466138292381439
475 -0.1992556524805478 0.1492160062541579 0.02703797429846971
476 -0.1913669273236924 0.1616218389773282 0.03312688773842323
477 -0.1853585727787988 0.1688717974726319 0.02226221335840967
478 -0.1675116957639025 0.1822354807157077 0.03117794414697801
479 0.1659278733576259 0.1109218891584449 -0.01790126228441116
480 0.1525792409461427 0.1199094066032515 -0.03408176565730211
481 0.1382460967661147 0.1265953621427998 -0.033844571151719
482 0.1552085985465474 0.1183420659419041 -0.01903804919599306
483 -0.08810937325394094 0.1741841218494156 0.01775425218654782
484 -0.0698397890690273 0.1617409706496779 0.03207153794683688
485 -0.09498161142373258 0.1776749294997053 0.03190183574602787
486 -0.1096304787085359 0.1833698695879087 0.03260007676898138
487 -0.1184523432782894 0.1857341240457331 0.01782469118021796
488 0.01820128488174307 0.1001177247785821 0.01960269205780443
489 -0.1384189161174948 0.1881129445179812 0.03301127744770023
490 0.1924835537247538 0.08600528906539183 0.02103503578044262
491 -0.160009302910141 0.1851510338656273 0.01742002198214862
492 0.0105514297697658 0.09960034343325468 0.03312716535095209
493 -0.1774546446710127 0.1761023659568384 -0.02217196184926421
494 0.110135644650411 0.1297175196729559 0.03399317657351031
495 0.1247094427104694 0.1298289410886496 -0.02013769466831041
496 -0.01090573817772377 0.1045876889973851 0.01896783483767907
497 -0.06410306293800586 0.1566487483367845 0.01839347759751757
498 -0.2361047218360533 0.01168557810498812 0.01236718464388499
499 -0.2361563927376555 0.01115294320211889 -0.01391792800472536
500 0.0409321692612542 0.1055237157740501 -0.01963379808807767
501 0.02450781456930374 0.1011229450792066 -0.034258578618936
502 0.1323997241001057 0.1283754757343681 0.02102582181372654
503 0.0117838704180874 0.09962362479550567 -0.01986225798842851
504 0.03960878374007409 0.1050929213420995 0.03318445063923528
505 -0.004990934120372044 0.102010805023016 -0.03438250598066162
506 0.2245724759373146 0.04549250889680059 -0.03622411257378789
507 -0.01615602938793057 0.1077191296851006 -0.02011331379239314
508 -0.03059616195952396 0.120157169252316 -0.03373034205322266
509 -0.2361489460705286 0.0112302935238254 -0.02663644462170263
510 -0.037218352866942 0.1272950354639853 -0.02076617900372095
511 -0.234635141751727 0.02431993488514725 0.003698890853071207
512 -0.05070623480296307 0.1426945811729699 -0.03387691040130043
513 0.1249358254077844 0.1298010039165418 0.03395518222607146
514 -0.05705112444914121 0.1496131303944849 -0.02095560131804889
515 -0.07199050168523968 0.163492458995819 -0.0340193858981953
516 -0.08045923493418264 0.169594842501905 -0.0207895444314419
517 -0.09531751960414848 0.1778314379762349 -0.03685668112009299
518 -0.108195290015193 0.1829108589836203 -0.01902451546444317
519 -0.1231940844543239 0.186679826099872 -0.03685285377054897
520 -0.1323261754126779 0.187843457325196 0.02198444022570847
521 -0.2348600016991547 0.02260479114194709 -0.01997038012358365
522 -0.1374173621185777 0.1880979202747519 -0.01936201906898429
523 0.2309713526965682 0.03607380723522659 -0.01249974852041388
524 -0.1528709150467423 0.186902641108633 -0.03690989481265227
525 -0.1662530830568885 0.1828144388551628 -0.01948558812921432
526 -0.1812051773884413 0.1729657916886938 -0.03484148556148898
527 -0.1902313683965183 0.1631239561192914 -0.03715344090408677
528 -0.1979832469725093 0.1514702109385538 -0.01967228286317681
529 -0.2039439674904773 0.1399498851661317 -0.02206914331718717
530 -0.2101919542094373 0.1249575344673071 0.03646562849611026
531 -0.2107650236035648 0.1234168358561668 -0.03730294287066442
532 -0.215281967291986 0.1102563814732967 -0.02050064646259962
533 -0.2197223808139189 0.09557226859151875 -0.03717955950739465
534 -0.2234363421620271 0.08176110904596215 -0.02070611973543806
535 -0.2326297849174533 0.03777321872827531 -0.03724998948474517
536 -0.226984444419468 0.06687664468032764 -0.03717915754846919
537 -0.2299047895531742 0.05292111052940665 -0.02085412321091971
538 -0.2346932880789408 0.02388178410349153 0.01837123508825071
539 0.1744077756797845 0.1039331994631053 -0.03611598450854366
540 0.2317091466471127 0.03494873344337976 0.01104092254082708
541 0.110577693092715 0.1297722676633241 -0.01504143638081437
542 0.2310232682629091 0.03599492714419004 0.03201806153357323
543 -0.2329032052599375 0.03608850120135524 0.0227325604557318
544 0.2204453856902643 0.0512846039448089 -0.02575774760513782
545 0.190462154006093 0.08820289010741239 -0.02801142613832444
546 -0.209882149431514 0.1257784559408455 0.02475775477912098
547 -0.2284990729445618 0.05987085306485547 0.01003971121659047
548 0.2316015454569228 0.03511336671032877 -0.0375690525202989
549 -0.236269956924987 0.009946840790359245 0.03741755130327015
550 -0.2362748050492035 0.009894177341010012 -0.03746825439382765
551 0.1097445348050476 0.1296667093229403 -0.03856186216435623
552 0.21172852631258 0.06291793499434833 -0.02557414847409322
553 -0.2254593138217474 0.07351030114241242 0.02593296236670886
554 -0.2351365564309753 0.02041157181261653 -0.008229269205862935
555 -0.2310158474943689 0.04705536130787701 0.02562755504482857
556 -0.2214267821832016 0.08942859758254069 0.01085212180060342
557 0.2030497804892525 0.07379160828993177 -0.02558363362265065
558 -0.2167400875574797 0.1056285959511024 0.03647832586629524
559 -0.2174921658570311 0.1031700408835386 0.0101658623526762
560 0.226309739961576 0.04299158662360759 -0.005839248606281155
561 -0.2049202744638854 0.1378164173256545 0.02308315476487603
562 -0.1985159680406004 0.1505392188952308 0.03850306332476432
563 -0.1304377499194857 0.187675699787854 0.01171317569250699
564 0.1890644827769366 0.08969512538937666 -0.03741651624021853
565 0.172337735973061 0.1057269979133324 -0.02627088388796007
566 -0.1848352058270678 0.1694262622920377 0.01109248406314609
567 -0.2361106218959197 -0.01162523354511384 -0.0003134539807243819
568 -0.2270878122875877 -0.06641257663656674 0.03483548743371288
569 0.2313529612759362 -0.0354929858914165 -8.214957542795193e-05
570 -0.004272640578577716 -0.1017654924445925 0.03357733122632919
571 -0.167374166779742 -0.1823006887557032 -0.03412217747644157
572 0.1248000902548096 -0.1298178645611335 0.0340527595361457
573 -0.1242483966804675 -0.1868588564671951 0.0331856880538355
574 -0.1983131414199841 -0.1508958305389429 -0.0340843029442264
575 0.1652221117236031 -0.1114599682046616 -0.03512094732171851
576 0.03945440641929089 -0.1050434077946608 -0.03407964813989837
577 -0.08201601965318041 -0.170593936995782 -0.03408198107121259
578 0.08147838215723165 -0.1215841464203722 0.03368178180950944
579 -0.04060670940134636 -0.131134710333082 -0.03411008927829513
580 0.1973402350515168 -0.08053935622464976 -0.03476673215286622
581 -0.2154863435929353 -0.1096186038932003 -0.03407223738866383
582 -0.05903069488491305 -0.1516669372456074 0.03395603032472429
583 0.01021413632210172 -0.09959839829351878 -0.03413061887807262
584 -0.1798404725854802 -0.1741653835893319 0.03411405445566018
585 -0.2300052053629554 -0.05240564326747292 -0.03391523193558586
586 0.109203826680762 -0.1295928430927515 -0.03427558706434189
587 -0.1383434370615003 -0.1881122240057369 -0.03409703593445851
588 0.02523461227184371 -0.1012672609947222 0.0335181622613525
589 0.152578045550376 -0.1199100958714828 0.03409028347280668
590 -0.02890582893942029 -0.1184492670002997 0.03303973093854466
591 -0.2049089314489475 -0.1378416303724188 0.03460650329473896
592 0.1872675636209799 -0.09158037393053234 0.03392522789687956
593 -0.220002902101479 -0.09458215912025379 0.03450985660210459
594 0.06730913907996808 -0.1157685710916002 -0.03407209224540692
595 -0.2235252267273722 -0.08141041682870116 -0.03380345593024402
596 0.206822225668234 -0.06915250244204714 0.03406545133970512
597 0.05362469402206747 -0.1101489993110515 0.03361503774264926
598 -0.06057179365884147 -0.1532249401455163 -0.03430076248701698
599 -0.08178712080942992 -0.1704492244241008 0.03211890177499714
600 -0.109007652969866 -0.1831732461273904 -0.03408371722608868
601 0.1391001582879735 -0.1262880315554643 -0.03410541156164531
602 -0.1530036375681112 -0.1868778593029458 0.03196302340410687
603 -0.01764764251495923 -0.1087527881981737 -0.03412453236364676
604 0.2159387546590442 -0.0573930402337867 -0.03480851205561122
605 -0.2323796616787225 -0.03928249105520816 0.03487110805259086
606 0.2242934626426782 -0.04589055982928986 0.0337650724957782
607 -0.2347923467592065 -0.02312683417628297 -0.03420189618205455
608 -0.2361644600884204 -0.01106891609225142 0.02645704237206674
609 0.2296096469884533 -0.03812769991591116 -0.02586068551598703
610 0.2158380423535233 -0.05752717112631583 0.03403809469905485
611 0.2114673922223651 -0.0632552390372033 0.02121629689663106
612 0.2021973564484641 -0.07482035377658768 0.0211175949161863
613 0.2069980319222074 -0.06893294804588064 0.008384789531056189
614 0.1975090608141757 -0.08034473565454786 0.008207932604579624
615 0.2024101366891992 -0.07456424725953595 -0.004541920767461828
616 0.1926962927615744 -0.0857713227938092 -0.004752404456700894
617 0.2116188062499723 -0.06305973309111357 -0.004389910458025378
618 0.1875263653806638 -0.09131117490439136 0.00803794014140153
619 0.1823972819887781 -0.09649781857185155 -0.004943494368098662
620 0.1768722432064431 -0.1017254901049097 0.007868314637907763
621 0.1713954148908709 -0.1065250194717513 -0.005122975085550971
622 0.1654430175043099 -0.1112922818058482 0.007691530231963575
623 0.1595154692250248 -0.1155566816702306 -0.005305572008183046
624 0.1530162716906016 -0.1196559879449165 0.007772376032133183
625 0.1466399095808859 -0.1230679001119995 -0.005482525896958856
626 0.1396212773249655 -0.1260946806191503 0.007532599550165851
627 0.1326868626707906 -0.1283014239896539 -0.005657747096623471
628 0.1252271079576232 -0.1297637109280139 0.00737289293350956
629 0.1184948278117154 -0.130233075056825 -0.006524927873876582
630 0.1103126646551931 -0.1297397868449332 0.006971245249407218
631 0.1030104868778975 -0.128466261801548 -0.008582766032389881
632 0.0956797635407626 -0.1265545871439303 0.006628062187594534
633 0.08880445836565456 -0.1243148655291589 -0.006201121523594456
634 0.08161392675847386 -0.121637119025913 0.006848437973191679
635 0.07482511573357001 -0.1189045502703349 -0.006328309843425861
636 0.06786765292701505 -0.1160029530615955 0.006444372430591559
637 0.06109739055360996 -0.1131744123603679 -0.006543663634744318
638 0.05404964232709804 -0.1103165597034988 0.006534759500085849
639 0.04725787024360822 -0.107727250546568 -0.006647392211355546
640 0.04007787513815252 -0.1052443307164467 0.006410965683680464
641 0.03306197120098618 -0.1031407382604586 -0.00691928300424495
642 0.02571648973499039 -0.1013659356759267 0.006268235982546375
643 0.01851411110299596 -0.1001563608195652 -0.0070409058577331
644 0.0109387764455748 -0.09960494889027363 0.006105737638390459
645 0.003650871221764203 -0.09998262461320763 -0.007114943510911152
646 -0.003797024601624518 -0.1016109791441343 0.006075857683679513
647 -0.01059027425420921 -0.1044248901591522 -0.007215530205019804
648 -0.01713431056856192 -0.1083899662920722 0.005928794066820356
649 -0.02296593938040631 -0.1129367417393623 -0.007388934694197449
650 -0.02848624034872382 -0.118034056413719 0.005177396134855024
651 -0.03356408722963987 -0.1232788386851994 -0.007817274178596706
652 -0.03868174352193611 -0.1289430833691518 0.005000080615195773
653 -0.04352038655206251 -0.1344822358413662 -0.007859118958264973
654 -0.04856935941932765 -0.1402774334391877 0.005284226810640516
655 -0.05339088644163963 -0.1456768371515889 -0.007915025961797488
656 -0.05870621028068039 -0.1513342304490864 0.005774829419513572
657 -0.0637957731349226 -0.156359246281681 -0.007969486970671742
658 -0.06953520560447955 -0.161485874314735 0.005298558736199187
659 -0.07519721315020911 -0.1659445473668043 -0.008143244752289183
660 -0.08146364122003477 -0.1702434411524909 0.004499096520895605
661 -0.08771508883609462 -0.1739664923981938 -0.008414950991081339
662 -0.09447355517016386 -0.1774357841907662 0.004196248057207787
663 -0.04386747910545585 -0.1348820555558199 0.0194440350679575
664 -0.1011599957920517 -0.1803541991082811 -0.00859637841118896
665 -0.1089095296891542 -0.1831419096461908 0.004450505106730326
666 -0.1153959410135988 -0.1850038243688859 -0.008707561897427135
667 -0.1228013507395032 -0.1866102134333981 0.003753434060182317
668 -0.1021413218064608 -0.1807418092675296 0.01749428395184105
669 -0.1299685544323415 -0.1876280172912755 -0.008913734265655102
670 -0.1375214664526582 -0.1881000302176959 0.002769350903941634
671 -0.1449371554269553 -0.1879122475090094 -0.009420635414983385
672 -0.1524292761333985 -0.1869831222590479 0.003448484395573728
673 -0.1595379735533392 -0.1852947143950088 -0.009273938191265658
674 -0.1667162383922633 -0.1826059922076168 0.003477262908001565
675 -0.1731571412207708 -0.179114254502581 -0.009358043232329263
676 -0.1793013570938385 -0.17462057573159 0.002240578062701906
677 -0.1846397914835908 -0.1696303365827826 -0.009949217582232356
678 -0.1896861257122514 -0.1638223579232979 0.001843604621248093
679 -0.1939318847552776 -0.1579812711236568 -0.01013225039134336
680 -0.1979546181469345 -0.1515197290852313 0.002684546778018077
681 -0.201437383108703 -0.1450986583169495 -0.01031420407789493
682 -0.2047392445243184 -0.1382176037161801 0.002506235737520721
683 -0.2076419265519149 -0.131467933842507 -0.01014304197321412
684 -0.2104085956911879 -0.1243784849366296 0.002382360515570704
685 -0.1930376593759243 -0.1592906525667568 0.01633842728215319
686 0.1031388450777839 -0.1284945163816744 0.02063793911554634
687 -0.2128756873249439 -0.1174918874025809 -0.01022912042768117
688 -0.2152756946621513 -0.110275899273438 0.001488930523678211
689 -0.2174383973593973 -0.1033474787085861 -0.01049936770747866
690 -0.2195819295097718 -0.09606499224869575 0.001580740445202219
691 -0.2134950291960941 -0.1156782726137912 0.01493354410920302
692 0.1710709901570378 -0.1067970585913078 0.02090893005121265
693 -0.2215332656477716 -0.08903427741695182 -0.01062011436086847
694 -0.2234401230910446 -0.08174621240784173 0.001055996317600755
695 -0.2251844958188226 -0.07466581281346912 -0.01082951646016281
696 -0.2268949365644472 -0.06727692817513864 0.0008359755500438881
697 -0.2284334801538884 -0.06018392377299667 -0.01098186782306771
698 -0.2299247017942689 -0.05281911161016189 0.0006004117849197493
699 -0.2312584786601673 -0.04572305631968475 -0.01110289049098838
700 -0.2325102218658429 -0.03849833843330456 0.001185734412146137
701 -0.2336075894981272 -0.0315580275809528 -0.01065989218213249
702 0.1771021988096956 -0.1015155374899627 -0.0179420624222112
703 0.2072201838324625 -0.06865509606163162 -0.01721512249309459
704 0.08196141065918322 -0.1217725614506444 -0.01920960690625058
705 -0.231130182807433 -0.04643001862733222 0.01359290922060519
706 -0.2332752453547343 -0.03373218340319262 0.01176523055850599
707 0.1533437150348503 -0.1194642548362253 -0.01830020500902246
708 0.1255141063867374 -0.1297254868541877 -0.01863922586960829
709 -0.225284328289549 -0.07424738281609081 0.01414437444219804
710 0.054362606637197 -0.1104403735251919 -0.01956897959303925
711 -0.1894406540692679 -0.1641320423224975 -0.02294448085889932
712 0.02596292389208557 -0.1014173061324564 -0.0199003705535665
713 -0.2103335919243208 -0.1245794244017066 -0.0236116898862282
714 -0.003563086982899591 -0.1015372848203094 -0.02022866946815071
715 -0.02684962232886546 -0.1164499683796561 -0.02058053508761765
716 -0.1753368513407137 -0.1776601560060174 0.01699916524051265
717 -0.04718696449103958 -0.1386988068763949 -0.02078877537654474
718 -0.06917989910868232 -0.1611860975551383 -0.02136502439788094
719 -0.1443464409487115 -0.187952559011158 0.01696863452747559
720 -0.09420855911144604 -0.1773098832503971 -0.02171705702858596
721 -0.1224989777864311 -0.1865555391685665 -0.0220644541705854
722 -0.1521936343295268 -0.1870248258776413 -0.02239935766943297
723 -0.07552966802802001 -0.1661884127250972 0.0185158064389839
724 0.2162037330232225 -0.05703965771715847 -0.01663621057586442
725 0.2199544938112597 -0.0519604543274613 -0.004613298064042995
726 -0.02325210100682663 -0.113183046481511 0.01950909873921625
727 -0.2196185845227333 -0.09593659299960598 -0.02406379748987954
728 0.003236768209678234 -0.1000366406758496 0.0197489983334427
729 -0.2269041798158358 -0.06723565849833912 -0.02420108420045251
730 -0.2325568237690742 -0.03821652052248822 -0.02417402453252857
731 0.03271879292210353 -0.10304734570027 0.01980054201334275
732 0.06072856137431464 -0.1130218947261005 0.02013476837682981
733 0.1323381026094669 -0.128391185186327 0.02053273908698775
734 0.2242652369255773 -0.04593077330161081 -0.0157843231374723
735 0.1650857836542798 -0.1115631184480914 0.0339943338438049
736 0.2160596992293829 -0.05723183135995408 0.008262096703669938
737 0.2203427577142671 -0.05142612065554407 0.0211103930356278
738 0.2281551313026499 -0.04029068010691704 0.02110560194396541
739 0.1590056540528742 -0.1159003338825894 0.0210917570581968
740 0.224862268566613 -0.04507803893343357 0.007191598084660918
741 -0.2299103570913404 -0.05289260200549176 0.03491755228794555
742 -0.2284711338048918 -0.06000431907140665 0.02216446397702274
743 0.2069229838628137 -0.06902670718918275 -0.0352295227569226
744 -0.2347317158573274 -0.02359021294733173 0.0335909678561337
745 -0.223684941138544 -0.08077766653723734 0.03500460667498093
746 -0.2224081418644229 -0.08574502648989708 0.02338621644001768
747 -0.2181171575469814 -0.1010882745014357 0.02273210566451432
748 -0.2137781785104902 -0.114837817636324 0.03001758235364109
749 0.1973061978072675 -0.0805785570402299 0.03401713965132669
750 0.06746490733178656 -0.1158339393105522 0.03348673765865638
751 0.04687223992607103 -0.1075866214972944 0.02001087639922558
752 0.03968474021117928 -0.1051173404232679 0.03349154803941699
753 0.01819993720540727 -0.1001175610463504 0.01992424244647299
754 0.01055663697850296 -0.09960038860534189 0.03344403369649565
755 -0.01090438575097953 -0.104586984920863 0.02011941334904227
756 0.07454406303383572 -0.1187886507484394 0.0202927563553688
757 0.0886881197099755 -0.1242739401257888 0.02070231235163641
758 -0.03907138229705419 -0.1293847828998061 0.03310898972607616
759 -0.04892347034200302 -0.1406801382278675 0.03349340283456775
760 -0.05378342079835917 -0.1461067298184784 0.01987940880594911
761 0.1765702003780006 -0.1020002388998031 0.03390642054596769
762 0.08111756140407142 -0.121442758205778 -0.03412946455261882
763 0.1977388579682064 -0.08007933828319952 -0.01711497487279035
764 -0.03390905613999461 -0.1236506630736182 0.01884550192556754
765 0.1873495116200568 -0.09149521872502928 -0.03513759783610413
766 -0.2078017880054915 -0.1310760990805938 0.0145488732155447
767 0.1767151703321795 -0.1018685138619157 -0.03534022301996714
768 0.1821682385531495 -0.09672203936340487 0.02094125393519948
769 0.09374865061678295 -0.1259638611084236 -0.03134626228228354
770 0.102345016368193 -0.1283166777327155 -0.02123890692329055
771 0.187738134316411 -0.09109031421959091 -0.01775280411306123
772 -0.2059532778542459 -0.1354775477002201 -0.03483421333206761
773 -0.2014998582039318 -0.1449758884172076 0.0146481193507115
774 -0.1992680529830932 -0.1491935164724287 0.02703029337986272
775 -0.1913722703304196 -0.1616146165458197 0.03312297775265133
776 -0.185375822625951 -0.168853325244515 0.02225346710471479
777 -0.1675191092488316 -0.1822319518736462 0.03115438727386198
778 -0.06424436766431915 -0.15678131888654 0.02035883158168215
779 0.1656888083268949 -0.1111049188465756 -0.01806329844125274
780 0.1522362206868863 -0.1201063186954132 -0.03279141973995178
781 -0.0880372393511959 -0.1741444528634535 0.01736316402149991
782 -0.0949611407353438 -0.1776653504303505 0.031714841750577
783 -0.1096450723743481 -0.1833744295266585 0.032564515296785
784 -0.1184935420235491 -0.1857433240949363 0.01780971995467139
785 -0.06986776372059345 -0.161764312753879 0.03343575015809045
786 0.19247166019469 -0.08601835434750484 0.02104064441711193
787 -0.01756364108597153 -0.1086929091983332 0.03336239740698664
788 -0.1384421012854805 -0.1881131523015542 0.03300105992360493
789 0.1392329496851919 -0.1262391804170291 0.03397739306954963
790 0.146183592519147 -0.1232882402867416 0.02094803736843361
791 0.09555083648763908 -0.1265161750276086 0.03394953761633787
792 -0.160057283449162 -0.1851361683750135 0.01736004191722171
793 0.1177266198584891 -0.1302342591074601 0.02103365259712826
794 0.1404556905609505 -0.1257759331472081 -0.01867173257906819
795 -0.1774821991242795 -0.1760811181656495 -0.02218216559321076
796 0.06815393453530373 -0.1161230856117919 -0.01927894936264157
797 0.1229939131187046 -0.1300107427999675 -0.03396234089971926
798 -0.2361054737953949 -0.01167789387824362 0.01236710033625237
799 -0.2361572493281412 -0.01114403258519888 -0.01391475058736729
800 0.05296821267117166 -0.1098914422979213 -0.03409193723083685
801 0.04086273323753555 -0.1055008344083126 -0.01964019599757765
802 0.02450343855018664 -0.1011220928008215 -0.03426673164040872
803 0.01173715359475174 -0.09962228798509343 -0.01986245450552502
804 -0.004995132767392337 -0.1020122814089562 -0.03439060727021118
805 0.2245743253506816 -0.04548986718406203 -0.03622640552809825
806 -0.0161912087375571 -0.1077427824752036 -0.02010288796723194
807 -0.03060817667906474 -0.1201695026546118 -0.03372965806578239
808 -0.2361496957880495 -0.01122251517768838 -0.02663614703516405
809 -0.03724117368420851 -0.1273205898374676 -0.02077095449938539
810 -0.2346386046417455 -0.02429394156329754 0.003697362929334515
811 -0.0507200642676225 -0.1427101132892378 -0.03388113136567088
812 0.1100136501449152 -0.1297019086569153 0.03393419095232825
813 -0.0577980659154864 -0.1503947591368756 -0.0205710163670017
814 -0.07010142565908198 -0.1619587058980448 -0.03632340854124675
815 -0.08139587865543975 -0.1702001434427321 -0.01875046326973902
816 -0.09491464502841836 -0.1776435755656659 -0.0367809262888579
817 -0.1082351758271997 -0.1829238987010043 -0.01903272538527003
818 -0.1323728647844726 -0.1878471110049089 0.02196510345011633
819 -0.1232039344892739 -0.1866815516698063 -0.03685605159031301
820 -0.2348619789991667 -0.02258945275580631 -0.01997284392378253
821 -0.1374585341868458 -0.1880987698725236 -0.01937386356782073
822 0.2309743553834332 -0.03606924614818937 -0.01252464891204511
823 -0.1528811643435702 -0.1869007372125263 -0.03691293777231845
824 -0.1662877564317506 -0.182799016214397 -0.01949704619967671
825 -0.1812158257095297 -0.1729561599488255 -0.03484729106618366
826 -0.1902394056008492 -0.1631135517322313 -0.03715762763088568
827 -0.1980038863775563 -0.1514344794281871 -0.01968249782112623
828 -0.2039583627543367 -0.1399189620064021 -0.02207859881550698
829 -0.210197977237733 -0.1249414914357033 0.03646246317450734
830 -0.210769154885729 -0.1234056240190928 -0.03730677667838039
831 -0.215293044957853 -0.1102219041640223 -0.02051024251186395
832 -0.2197253436142366 -0.09556185318270266 -0.03718326977767382
833 -0.2234457644285984 -0.08172398241754945 -0.02071661439542874
834 -0.2326295806167488 -0.03777446361564114 -0.03725861448117218
835 -0.2269879293812981 -0.06686103058074935 -0.03718495904276041
836 -0.2299095606535504 -0.05289668066885218 -0.02086927350612975
837 -0.234696411704049 -0.02385814383379713 0.01836784258891036
838 0.231719214434598 -0.03493331968905795 0.01097659088301279
839 0.2310226791546439 -0.03599582247176819 0.03196707877817652
840 0.1135524258155329 -0.1300641922009262 -0.02049786235206701
841 -0.2329073788943739 -0.03606248787255598 0.02272944922949742
842 0.2204489094726823 -0.05127974281863806 -0.02576933209229999
843 -0.2098967200931737 -0.1257400344639341 0.02475174999769782
844 -0.228509608341536 -0.05982048109625083 0.01003049791064883
845 0.2316017704907338 -0.03511302259926343 -0.03756942753765954
846 -0.236269956924987 -0.009946840790359691 0.03741755130327021
847 -0.2362748050492035 -0.009894177341010637 -0.03746825439382791
848 0.09314272584371198 -0.1257719387425966 -0.01712827510542999
849 -0.2254629153679592 -0.07349508116023312 0.02592795363375117
850 0.2117340546606309 -0.06291078752493899 -0.02559247009647389
851 -0.2351389540496063 -0.02039211027430256 -0.008231032572690831
852 -0.2310196606411578 -0.0470345758880521 0.02562399647644141
853 -0.2214391038512642 -0.08938303450472629 0.01084261635133195
854 0.202514041923156 -0.07443901846444083 -0.02565814585285244
855 -0.216738862341041 -0.1056325606610276 0.03647593493553992
856 -0.217507109365233 -0.1031206806323661 0.01015701242432313
857 0.2263177244105991 -0.04298000095667914 -0.005883797737211385
858 -0.2049352129966827 -0.1377831968165025 0.02307416116075509
859 0.1926740364466397 -0.08579582363243364 -0.02596902350886982
860 -0.1985184755357883 -0.1505347935664375 0.03849741045230855
861 -0.1304879312317903 -0.1876806589105476 0.01169469487408511
862 0.1823845739322621 -0.09651027583225878 -0.02626122428685253
863 -0.184867610338804 -0.1693922673996919 0.01108204960428013
864 0.1713989254526526 -0.1065220681727308 -0.0263804218248629
865 0.1596896379318912 -0.1154384297793042 -0.02569188787043971
866 0.237 -0.01273418740184174 0.01342857142857146
867 0.237 -0.01276588944015514 -0.01342857142857137
868 0.237 -0.01434968242519336 0.02719900306305151
869 0.237 -0.01497051600632325 -0.02685714285714281
870 0.237 -0.01364634705442533 4.163336342344337e-17
871 0.237 -0.009759979403317453 -0.03819109881847141
872 0.237 -0.00982527014544784 0.03780982665506454
873 0.237 -0.01846838413116124 0.03883826203477593
874 0.237 -0.01893959501463445 -0.03925794502941179
875 -0.02511262235014128 0.0986701409601872 -0.047
876 -0.2219649292614914 -0.02138716097113487 -0.047
877 -0.02514316710948786 -0.09840034738641659 -0.047
878 0.1874159390983678 -0.07212237533390616 -0.047
879 0.05763694401319075 0.09828946131377379 -0.047
880 -0.2182094909934473 0.04813438724101556 -0.047
881 0.05831352881459541 -0.09908413803621557 -0.047
882 -0.2105027762476083 -0.07755532831159553 -0.047
883 0.1887134213531395 0.07267983834767555 -0.047
884 0.01017475550723882 -0.08719904508830395 -0.047
885 -0.05878530383193309 0.1301273297059981 -0.047
886 0.01058082462209768 0.08747840828328217 -0.047
887 -0.05857777588744652 -0.1324164471432775 -0.047
888 -0.2044518667256575 0.1037935035804775 -0.047
889 -0.1930428756753585 -0.1315897763857629 -0.047
890 -0.1128467363764493 0.1724824465224862 -0.047
891 0.2248218856646328 -0.005379499380109566 -0.047
892 0.1470719509977785 0.1090181843317606 -0.047
893 0.1462472593557377 -0.1091934860803699 -0.047
894 -0.1014338046106562 -0.1664171220763998 -0.047
895 -0.1870474987703153 0.1456851206219184 -0.047
896 -0.1507102672012669 -0.1731584060610809 -0.047
897 0.2140495758289484 0.03786477521746124 -0.047
898 0.1003680642598213 0.1128055452804096 -0.047
899 0.09826693838302475 -0.1149918589291534 -0.047
900 -0.1509650937991238 0.1758161309088639 -0.047
901 -0.2120288516624575 0.07975328782612404 -0.047
902 -0.2180915977052927 -0.04921709749738225 -0.047
903 -0.2224091701748017 0.01995162674333385 -0.047
904 0.205548449039742 -0.04960024230345649 -0.047
905 -0.2027632509382744 -0.105429117397169 -0.047
906 -0.07834507962448714 0.1517042126493 -0.047
907 0.1684989343096546 0.09168576582686275 -0.047
908 0.1680183273129298 -0.0930314829091437 -0.047
909 -0.1796525506243883 -0.1551864943051837 -0.047
910 -0.0783548031796814 -0.1522124256206987 -0.047
911 -0.1257200267498804 -0.1737314376875699 -0.047
912 0.1220190941416883 0.1169290248256187 -0.047
913 0.123065644036087 -0.1165525097890607 -0.047
914 -0.1710379367082759 0.1638228065421792 -0.047
915 -0.00475161114138167 0.08607286874804872 -0.047
916 0.002758767945674871 0.0741906692886386 -0.047
917 0.01805663619311396 0.07468779837516371 -0.047
918 0.01018592113771572 0.06147461020170335 -0.047
919 -0.004756175808396098 0.06145881828291397 -0.047
920 0.002638928098652946 0.04856735458234777 -0.047
921 -0.01225687770205779 0.04860798038916843 -0.047
922 0.01751513802779473 0.04854893172095541 -0.047
923 -0.004858195756279163 0.03569506102693693 -0.047
924 -0.0197465497759945 0.0357419315153483 -0.047
925 -0.01234554885366919 0.02282612621407286 -0.047
926 -0.02723280627947763 0.02287336670024813 -0.047
927 -0.03463663038928827 0.03579144314815356 -0.047
928 -0.04212327779924968 0.02291937653486885 -0.047
929 -0.0495290577257869 0.03584077686431775 -0.047
930 -0.05701811796685204 0.02296509535561235 -0.047
931 -0.06442549935641113 0.03588988912105003 -0.047
932 -0.07191586512201095 0.0230109786263979 -0.047
933 -0.07932458351464018 0.03593906585083984 -0.047
934 -0.08681619031323244 0.02305840036003854 -0.047
935 -0.07940604799147245 0.01012960135626537 -0.047
936 -0.09430673439072554 0.010175440343366 -0.047
937 -0.08689685010802126 -0.002753626037154892 -0.047
938 -0.094226940339989 0.03598762492468754 -0.047
939 -0.1017998029083358 -0.002708102118088578 -0.047
940 -0.09438846491189745 -0.01563933337654486 -0.047
941 -0.1092917302890144 -0.01559544973142563 -0.047
942 -0.1018810369867247 -0.02852731344478225 -0.047
943 -0.1167042626387853 -0.002675506676787227 -0.047
944 -0.03471923792051671 0.01000186364794214 -0.047
945 -0.1167889481087333 -0.02848261537294073 -0.047
946 -0.1093736694786456 -0.04141748852150524 -0.047
947 -0.08697382558977668 -0.02856980738770257 -0.047
948 -0.1242831950340979 -0.04137555239188984 -0.047
949 -0.1168720040982735 -0.05431135387113085 -0.047
950 -0.08673150717778573 0.04887118534616788 -0.047
951 -0.1016381196119444 0.04891915428128543 -0.047
952 -0.09414044900796444 0.06180654404841474 -0.047
953 -0.1090516912586016 0.06185508297255272 -0.047
954 -0.1317863989897392 -0.05426617922186243 -0.047
955 -0.1243693443674408 -0.06720643291293112 -0.047
956 -0.1391970085135983 -0.04133490132651688 -0.047
957 -0.1094507049258981 -0.06725150966163859 -0.047
958 -0.1169501536989261 -0.08014816373518746 -0.047
959 -0.1015540806711031 0.0747438696364604 -0.047
960 -0.116466678215365 0.07479257801409282 -0.047
961 -0.1239646510947323 0.06190210821981602 -0.047
962 -0.1313808526771262 0.07484129492176364 -0.047
963 -0.1238818758896643 0.08773428243322745 -0.047
964 -0.1388797920419444 0.06194856945137832 -0.047
965 -0.131868170868342 -0.08010230610060373 -0.047
966 -0.1244490743786866 -0.09304508430424184 -0.047
967 -0.1020323621092168 -0.08019316888207391 -0.047
968 -0.1387981238570601 0.08778304645342611 -0.047
969 -0.1312975979496078 0.1006774481228276 -0.047
970 -0.08664138853983161 0.07469443062930639 -0.047
971 -0.1393677217202696 -0.09299939126159178 -0.047
972 -0.1319477627762522 -0.1059426690057188 -0.047
973 0.002542322261582321 0.02277940069965344 -0.047
974 -0.1163824869324212 0.1006270469624866 -0.047
975 -0.1467872678354238 -0.08005573609432037 -0.047
976 -0.004943118751893256 0.009908542001110129 -0.047
977 0.009947223319661275 0.00986182490152367 -0.047
978 0.00246113251247251 -0.003011935891632673 -0.047
979 0.0173548344970363 -0.003057857804910701 -0.047
980 0.009867102248216852 -0.01593315786381659 -0.047
981 0.02476317687805848 -0.01598083630018178 -0.047
982 0.03225425890593556 -0.0031009617829983 -0.047
983 0.03966633433331278 -0.01602925525373518 -0.047
984 0.04716027504933359 -0.003140977266857192 -0.047
985 0.05457617622150239 -0.01552621378897199 -0.047
986 0.06206995054213496 -0.003093464586847927 -0.047
987 0.06990276054139266 -0.01522803443982428 -0.047
988 0.07705073217532528 -0.003068302305636676 -0.047
989 0.08489445971352577 -0.01575649374770097 -0.047
990 0.09198892339463034 -0.003182129140187601 -0.047
991 0.09941099314985541 -0.01613647584524915 -0.047
992 0.1068093848203301 -0.003324221364785307 -0.047
993 0.09940700937094617 0.00963213418303919 -0.047
994 0.1143080818379142 0.009563265374817121 -0.047
995 0.1217202857832203 -0.003359525032443918 -0.047
996 0.1068910561108102 0.02250699797763863 -0.047
997 0.1292071219261728 0.009509507676691318 -0.047
998 0.136610756218847 -0.003385890874354348 -0.047
999 0.09205795016959605 -0.02896474288962975 -0.047
1000 0.1440834021971317 0.009464499688192728 -0.047
1001 0.1514584418196375 -0.003412899761897042 -0.047
1002 0.1440119139859194 -0.01624542813975527 -0.047
1003 0.04738238082874349 -0.02751257388964157 -0.047
1004 0.1366850881190856 0.02235673231001835 -0.047
1005 0.1515389088679218 0.02230519062501809 -0.047
1006 -0.005024574373609932 -0.01588500767755362 -0.047
1007 0.09197539993298415 0.02255874259546805 -0.047
1008 0.09946964245766676 0.03545421389314423 -0.047
1009 0.08455406917005176 0.03549853670691291 -0.047
1010 0.09204984338983997 0.04839223665183139 -0.047
1011 0.1069638595063435 0.04835057962416398 -0.047
1012 0.1441656470123721 0.03519724767624868 -0.047
1013 -0.1170291263864449 -0.1059879851091416 -0.047
1014 0.07713506667878572 0.04843695559213876 -0.047
1015 -0.146215403371963 0.1007261893534064 -0.047
1016 -0.1387156417120279 0.1136208332577607 -0.047
1017 -0.1537144750094895 0.08783142072067569 -0.047
1018 0.002378490473510839 -0.02880588384043405 -0.047
1019 -0.01251179778892537 -0.02875658566037744 -0.047
1020 0.1588314797103874 -0.01625297872351826 -0.047
1021 0.1514124704705722 -0.02908784937447366 -0.047
1022 0.1662493695521585 -0.003506534243642615 -0.047
1023 -0.1314627872431429 0.04900912690690586 -0.047
1024 -0.1463786301324685 0.04905523072714391 -0.047
1025 -0.1245283394524317 -0.1188851712472825 -0.047
1026 -0.1394459141663836 -0.1188397957148209 -0.047
1027 -0.04203319918356224 0.04871453115527657 -0.047
1028 0.09954439269840895 0.06128486055384484 -0.047
1029 0.1144537952741125 0.06124056805480237 -0.047
1030 -0.1542875718762565 -0.09295301498509034 -0.047
1031 -0.1617079391077056 -0.08000872193686073 -0.047
1032 -0.005107347275539312 -0.04115421622686198 -0.047
1033 -0.01999947611643152 -0.041552431836304 -0.047
1034 0.1590189969441337 0.03514227272213031 -0.047
1035 0.1516433406377416 0.04804579147042912 -0.047
1036 0.1067841258855921 -0.0291241762680087 -0.047
1037 0.0997020457108361 -0.04177613855474661 -0.047
1038 0.1142459223166093 -0.04201924633039578 -0.047
1039 0.1067394689257617 -0.05492526576546838 -0.047
1040 0.1216170013351114 -0.0549443374899268 -0.047
1041 0.09215159257399021 -0.05346147666721066 -0.047
1042 0.1140657032980615 -0.06791017109903126 -0.047
1043 0.06963897106734895 0.03554460556616164 -0.047
1044 0.06222173499216267 0.04848097168906429 -0.047
1045 -0.09453188546209768 -0.06729726069987933 -0.047
1046 -0.08711507836176947 -0.08023832682698161 -0.047
1047 -0.07961684043174 -0.06734432012905567 -0.047
1048 -0.07219899962595035 -0.0802840845058464 -0.047
1049 -0.06470962997062932 -0.06737656101783837 -0.047
1050 0.01020315815690797 -0.03977505470377447 -0.047
1051 -0.07199427118617409 -0.002789296651111682 -0.047
1052 -0.02740401757639957 -0.02869483441158683 -0.047
1053 -0.138961605481983 0.03611490818366717 -0.047
1054 -0.1538776239914641 0.03616083467967917 -0.047
1055 -0.1612955086769794 0.04910280841031556 -0.047
1056 -0.1687950531202023 0.03620719863625736 -0.047
1057 -0.1613760941108701 0.02326406503534604 -0.047
1058 -0.1762948933236266 0.02331043624483226 -0.047
1059 -0.1688748444652572 0.01036610017574525 -0.047
1060 0.03974495429063768 0.009799378512519932 -0.047
1061 0.1735882409982432 -0.01623990515708152 -0.047
1062 0.1809582309887509 -0.00359874304151194 -0.047
1063 -0.07969595917271428 -0.093178315110169 -0.047
1064 -0.1837952691602988 0.01041244858449152 -0.047
1065 -0.1763746130455896 -0.002531876038397989 -0.047
1066 -0.1614544705283761 -0.002577976033443256 -0.047
1067 -0.1689538961489996 -0.01546840054563189 -0.047
1068 -0.1096092219071484 -0.1189310972501283 -0.047
1069 -0.1536324772045423 0.1136694907598946 -0.047
1070 -0.1461323800857983 0.1265642638668577 -0.047
1071 -0.1312165779623419 0.1265146495323329 -0.047
1072 0.1289914510822835 -0.06791263015723913 -0.047
1073 -0.1762142009650976 0.04915054957751055 -0.047
1074 -0.01251053683987027 -0.05294161659622162 -0.047
1075 -0.1320272946359159 -0.1317811148910786 -0.047
1076 -0.06477941416451961 -0.09322404363978115 -0.047
1077 0.188230759577189 -0.01628070114557221 -0.047
1078 0.107037771135491 0.07417691516471296 -0.047
1079 0.1219434532197542 0.07412719991170746 -0.047
1080 0.09212342620158716 0.07350832058110186 -0.047
1081 -0.1469433931469876 -0.1317355213507145 -0.047
1082 -0.1838746938642776 -0.01542939047172111 -0.047
1083 -0.176450508608481 -0.02835980287230045 -0.047
1084 -0.03489104175909605 -0.04158183819998676 -0.047
1085 -0.04229894619494697 -0.02865626407434384 -0.047
1086 0.1809997198823531 -0.02910351119054059 -0.047
1087 -0.1386319221390751 0.1394565740724344 -0.047
1088 -0.1237170512755604 0.1394087932099721 -0.047
1089 -0.1692070366129704 -0.0929069017268489 -0.047
1090 -0.1766293584116615 -0.07996136397949363 -0.047
1091 -0.1691275631984009 -0.06706394609036029 -0.047
1092 0.1214752855150343 -0.08084651430043152 -0.047
1093 0.106560014947901 -0.08080500190877658 -0.047
1094 0.1954705772463098 -0.003700753921502576 -0.047
1095 0.1882687458543527 0.008861730582810836 -0.047
1096 0.2027066845696568 0.008734915921298231 -0.047
1097 -0.1840503135069257 -0.06701519033237625 -0.047
1098 -0.1913745798333062 -0.02832442274970581 -0.047
1099 -0.1912153999369564 0.02335736140149855 -0.047
1100 0.1665093720043329 0.04798163890435815 -0.047
1101 0.1591289078040706 0.06090848901040177 -0.047
1102 0.1363873939718328 -0.08088341891827287 -0.047
1103 0.1439046563697531 -0.06791466350841005 -0.047
1104 0.1738447388352837 0.03495580321536999 -0.047
1105 -0.1395249585366744 -0.144675969320097 -0.047
1106 -0.1246088819195679 -0.144721782783092 -0.047
1107 -0.04978400717409448 -0.04153340069443356 -0.047
1108 0.05472699599799974 0.0355915429071498 -0.047
1109 0.04731199700865854 0.04852652146216879 -0.047
1110 0.0548049983049291 0.06141527016569591 -0.047
1111 -0.1610481076492596 0.1266124627523071 -0.047
1112 -0.168549932060677 0.1137172442081972 -0.047
1113 -0.1543630727701686 -0.1187941665931257 -0.047
1114 -0.124046411974407 0.03607166998894004 -0.047
1115 -0.1162999482689356 0.1264665934199923 -0.047
1116 -0.1087999681459452 0.1393624478093134 -0.047
1117 -0.101381324015979 0.1264185677082786 -0.047
1118 -0.09405516883135859 0.08763260819050236 -0.047
1119 -0.07914337205948679 0.08758252151663928 -0.047
1120 -0.07173014487577183 0.07464543571588002 -0.047
1121 -0.06423210908265663 0.08753298972191981 -0.047
1122 -0.07164419177264125 0.1004713521960215 -0.047
1123 -0.05671297618035084 0.09917913840137157 -0.047
1124 -0.0493396645657455 0.08679494540881977 -0.047
1125 -0.168713208206015 0.06204564324228113 -0.047
1126 -0.1836333438892034 0.06209533570431644 -0.047
1127 -0.1761317255989677 0.07499008510181568 -0.047
1128 -0.01965391341711627 0.06151928349160486 -0.047
1129 0.01742801332838348 0.02274658434112108 -0.047
1130 -0.1315443685004507 0.02317761417293308 -0.047
1131 -0.05719696743357722 -0.02861014207601241 -0.047
1132 -0.04970302190605749 -0.01573300095416556 -0.047
1133 -0.04234816830049611 -0.05450296985339518 -0.047
1134 -0.1540340672124086 -0.01551690926722947 -0.047
1135 -0.1465364842367162 -0.002622765051333246 -0.047
1136 -0.07214544243688385 -0.05441838417915316 -0.047
1137 0.1145310891704569 0.08706880407633316 -0.047
1138 -0.07227531907030607 -0.1060741525782837 -0.047
1139 -0.1618485595009162 -0.1316840799059046 -0.047
1140 -0.1692787707769024 -0.1187502237034346 -0.047
1141 0.2025018325175497 -0.01576360505876008 -0.047
1142 -0.1985740960928019 0.01037620327922036 -0.047
1143 -0.05786293832757822 -0.1058114806976349 -0.047
1144 0.1955572892806973 0.02132421660439097 -0.047
1145 -0.1313663672809522 0.1522005838997426 -0.047
1146 -0.05096683508718512 -0.09261850015251352 -0.047
1147 0.1292478064573654 0.08690294448533191 -0.047
1148 0.1808028915054278 0.04758505931138193 -0.047
1149 -0.1908357932238833 0.04902427585943857 -0.047
1150 -0.004207277684679551 -0.08817519950047778 -0.047
1151 0.003132876859934065 -0.07469637970531139 -0.047
1152 0.01764771646578663 -0.07435577915513028 -0.047
1153 0.2252049825707737 0.01779081076517478 -0.047
1154 0.1365584757942734 -0.02912047207750287 -0.047
1155 0.1439906334426917 -0.04197345252744712 -0.047
1156 0.1588447031655796 -0.04195535112595161 -0.047
1157 0.1293041041249438 0.03525401125043429 -0.047
1158 0.144243147505711 0.06098517048530837 -0.047
1159 0.151371277535819 0.07368564157806573 -0.047
1160 0.03981585939385762 0.03562857465515934 -0.047
1161 0.06214263805837106 0.02265343866239841 -0.047
1162 -0.1467038425174068 -0.0542192778545233 -0.047
1163 -0.102110691912584 -0.1060325196285173 -0.047
1164 -0.09468965094487893 -0.1189762926981103 -0.047
1165 -0.1021894649683226 -0.1318743089213932 -0.047
1166 -0.1166296064370031 0.02313985229408983 -0.047
1167 -0.1391117665257945 -0.01554696874337141 -0.047
1168 -0.1541183164263181 -0.04128343891279804 -0.047
1169 0.03989025834632962 0.0615099593610074 -0.047
1170 0.04738703968655966 0.07434730930878497 -0.047
1171 0.06230473323341593 0.07425191167662781 -0.047
1172 -0.1765373190275562 -0.05413100284941523 -0.047
1173 -0.1911760243860874 -0.05392887866929873 -0.047
1174 -0.1983961634935659 -0.01515477526644621 -0.047
1175 0.1143355341421242 -0.09309508085275116 -0.047
1176 0.2222326518176754 -0.02708805430151964 -0.047
1177 -0.1469918202264328 0.1522352848877985 -0.047
1178 -0.1830105892355862 -0.09370401428857343 -0.047
1179 -0.08738169876723943 -0.1311369495006379 -0.047
1180 0.09997787484004711 -0.09291089546174797 -0.047
1181 0.09164156513519905 -0.08075697979394775 -0.047
1182 0.08423452403269362 -0.09469840672791296 -0.047
1183 0.07672292897351771 -0.08006615346721126 -0.047
1184 -0.01178628682581838 -0.07673661337972607 -0.047
1185 -0.175231659832939 0.1262338224645163 -0.047
1186 -0.1679135625659359 0.139235390685743 -0.047
1187 -0.1835400318689467 0.1143366478554662 -0.047
1188 -0.1759162790724151 0.1008343181484128 -0.047
1189 -0.1903200854740879 0.07461277906346968 -0.047
1190 -0.03702428428723318 0.1103447192366588 -0.047
1191 -0.03579045051604006 -0.1085900503178712 -0.047
1192 0.1666317398294173 0.07378107009211277 -0.047
1193 0.1505742446170423 -0.08021804001512708 -0.047
1194 0.1582802919358637 -0.06752943198286254 -0.047
1195 -0.09460879955498268 0.138810535896494 -0.047
1196 -0.08715170046986292 0.1259547988678493 -0.047
1197 -0.09408215584823029 0.1133997427773089 -0.047
1198 -0.1010680986642988 0.1524861457399184 -0.047
1199 0.01084759561879071 -0.0623940980472466 -0.047
1200 0.0254842930094153 -0.06176745008833992 -0.047
1201 0.03255501018363194 -0.07433465407809686 -0.047
1202 0.0399762409268387 -0.06142044055127073 -0.047
1203 0.04739022624067264 -0.07394318414383073 -0.047
1204 0.05480227232532159 -0.06126929268948007 -0.047
1205 0.03267302533907114 -0.04939401655811475 -0.047
1206 -0.06224178226899973 0.1139807381124094 -0.047
1207 -0.09319332643529721 -0.144996538436442 -0.047
1208 -0.2067386312233277 -0.02815363403841742 -0.047
1209 0.02552844775669219 0.08860653839415475 -0.047
1210 0.04230553312252996 0.0906608154299408 -0.047
1211 0.03984886657422379 -0.08661632706349007 -0.047
1212 -0.1908871277982374 0.1267118459528563 -0.047
1213 -0.1321071978468812 -0.1576157923174235 -0.047
1214 -0.1154612749247421 -0.1590814188946573 -0.047
1215 -0.1461527734045574 -0.1578262508010771 -0.047
1216 0.1225201040784172 0.1014542132232006 -0.047
1217 0.211208030392977 0.02252663762229212 -0.047
1218 -0.1776660815324833 -0.1316869496455648 -0.047
1219 -0.1842929195175274 -0.1189860388574409 -0.047
1220 -0.2076618441555059 0.02477832209012059 -0.047
1221 -0.1991753465771032 -0.06579178439193198 -0.047
1222 0.1075260929623283 0.09971142678140052 -0.047
1223 -0.04887453155553034 -0.1183040719042566 -0.047
1224 -0.04754484142085398 0.1203416826843679 -0.047
1225 0.06226421425174938 -0.07419751780723813 -0.047
1226 0.0696157446949436 -0.06178519198157956 -0.047
1227 0.06257857939857767 -0.04867514648832835 -0.047
1228 0.07736251609278556 -0.05120418882229409 -0.047
1229 0.07086879920239594 -0.03843050833265988 -0.047
1230 0.1882033143893704 0.03434965676891302 -0.047
1231 0.1936305662928703 0.04740418152456383 -0.047
1232 0.1809819893078826 0.02178643980508213 -0.047
1233 0.07184359259120771 0.1037176063724474 -0.047
1234 0.07032835934717388 0.08756453973506206 -0.047
1235 0.08419032227419759 0.0949666822456101 -0.047
1236 0.07193797066687001 -0.1043768715370486 -0.047
1237 0.2098414012747211 -0.003787763495765151 -0.047
1238 0.2169660008733538 0.007755850238815067 -0.047
1239 0.1514209549207628 -0.05483445758841866 -0.047
1240 0.1661430611197982 -0.05479125758288662 -0.047
1241 0.1736953364917295 -0.04195943006938962 -0.047
1242 0.1811371088077836 -0.05482624852697883 -0.047
1243 0.1906864419450312 -0.0432163902248358 -0.047
1244 0.1958676169951426 -0.02817953825165881 -0.047
1245 0.1218731846331002 0.04827432209607714 -0.047
1246 0.1365140328160775 -0.05492788049697618 -0.047
1247 0.1588913283207402 0.009346247994446524 -0.047
1248 0.1663359872942909 0.02216268113361294 -0.047
1249 0.08444052688324133 -0.06585717686215625 -0.047
1250 0.1216872829024536 -0.02912738168743741 -0.047
1251 0.1142597238508956 -0.01621649645872256 -0.047
1252 -0.06467583541569071 -0.04150132173965677 -0.047
1253 0.03248011545998566 0.07478487180641649 -0.047
1254 0.1736404380456052 0.06060847967036532 -0.047
1255 0.114384595262421 0.03537545214923501 -0.047
1256 0.06956402594673612 0.009703669397047403 -0.047
1257 -0.05746981788534411 -0.08022098992130655 -0.047
1258 -0.04286311453048625 -0.08009140273116477 -0.047
1259 -0.04992115655429278 -0.06734690265634689 -0.047
1260 -0.03536583830002273 -0.06719232832445669 -0.047
1261 -0.02747347195897686 -0.08041570460941995 -0.047
1262 -0.1535932293727522 0.139448579960883 -0.047
1263 -0.1609619754359183 0.1524457527160075 -0.047
1264 -0.08704714281646075 -0.05439436422493962 -0.047
1265 0.1662286584531442 -0.02909983760682587 -0.047
1266 -0.05682452836270652 0.0744826236281815 -0.047
1267 -0.06432613715280461 0.06168909396710862 -0.047
1268 -0.04194577392328818 0.0743860881499662 -0.047
1269 -0.0792336509439333 0.06175423978857264 -0.047
1270 -0.01242807979403707 -0.002964357465310406 -0.047
1271 0.04723605745693529 0.02269823698384973 -0.047
1272 -0.1542821164932139 -0.1446655688875352 -0.047
1273 -0.1621430805056127 -0.1579820949557135 -0.047
1274 -0.153956607174093 0.01032034016749868 -0.047
1275 -0.139040273095198 0.01027852877541992 -0.047
1276 -0.1019569414062167 -0.05435503950087893 -0.047
1277 -0.1091340507880868 0.03603187000026537 -0.047
1278 0.01726904139128727 -0.02885687581082655 -0.047
1279 0.07705860837975582 0.02260284944059377 -0.047
1280 -0.04943363857209043 0.06160050666745791 -0.047
1281 0.03239468190662993 0.04854068890110409 -0.047
1282 -0.1464594287256765 0.02321938183575734 -0.047
1283 -0.03480832591522429 -0.01578324955620905 -0.047
1284 -0.06450590059226884 0.01009100217801959 -0.047
1285 -0.1468660614359173 -0.1058970093193234 -0.047
1286 -0.1316170256702809 -0.002644729679839687 -0.047
1287 0.1287277726735291 -0.0927723013638454 -0.047
1288 0.05465298355735811 0.009770046950351725 -0.047
1289 -0.1171090620736825 -0.1318269557772141 -0.047
1290 0.04777396204950973 -0.04936250450111888 -0.047
1291 -0.07948429545695514 -0.01567103264332293 -0.047
1292 -0.1095307021715329 -0.09309020748065666 -0.047
1293 0.03219793305409688 -0.02823950152529033 -0.047
1294 -0.04960996234796847 0.01004944411026739 -0.047
1295 -0.1089680114260893 0.08768307607447434 -0.047
1296 -0.1928623822428312 -0.08161764492220316 -0.047
1297 -0.2066108165048147 -0.09201653246105905 -0.047
1298 0.08450744986672964 0.009707827361720689 -0.047
1299 -0.1237983602774637 0.1135714931013145 -0.047
1300 -0.07989133692833035 -0.1187765349356886 -0.047
1301 -0.0198308258165421 0.009954334622241181 -0.047
1302 -0.1617840263072542 -0.1058512386911327 -0.047
1303 -0.1912049559974161 -0.002461223555928091 -0.047
1304 -0.1164537788152175 0.1513878423241025 -0.047
1305 -0.1392869747602044 -0.0671605294739335 -0.047
1306 -0.1836651797292817 0.03622502894039439 -0.047
1307 -0.1537955207450976 0.06199571530055036 -0.047
1308 -0.01991549312464249 -0.01583392802260885 -0.047
1309 -0.1462960850877669 0.07488940566918752 -0.047
1310 -0.1975757074195357 0.06168585809193642 -0.047
1311 -0.1165496186618191 0.04896483539496091 -0.047
1312 0.09780228674777616 0.08759226036362429 -0.047
1313 -0.1542066264763584 -0.06711321786890682 -0.047
1314 -0.1089020023057421 0.1135093110877159 -0.047
1315 -0.09461298478520688 -0.09313450000368925 -0.047
1316 -0.101718907395624 0.02310304219214822 -0.047
1317 -0.07183009330456297 0.04881814615279625 -0.047
1318 -0.1094086176925187 -0.1445923808573071 -0.047
1319 -0.1611097501534931 0.1007769712195603 -0.047
1320 -0.1014909889361588 0.1005621664438631 -0.047
1321 -0.08657843395443361 0.1005093809330491 -0.047
1322 -0.05693393623009421 0.04876395595080979 -0.047
1323 -0.02714423784135099 0.04865698614215942 -0.047
1324 0.03232475121469348 0.02271791757756562 -0.047
1325 -0.02786941784009732 -0.05400024960768257 -0.047
1326 0.01002526758394579 0.03565926568706617 -0.047
1327 -0.0121762018898751 0.07438828843622482 -0.047
1328 0.06971824926053219 0.06136329832438917 -0.047
1329 0.07730023833184049 0.07348290530823745 -0.047
1330 -0.1616155295002093 -0.05417695624307624 -0.047
1331 0.08463635157751895 0.06123714435112122 -0.047
1332 -0.2062149003279629 -0.002439951422715116 -0.047
1333 -0.1764699126078823 -0.1059861639067427 -0.047
1334 -0.09446834321514085 -0.04145978092839764 -0.047
1335 -0.1978819616153001 0.03666035731036554 -0.047
1336 -0.08721265713567007 -0.1060287191590763 -0.047
1337 0.09914881382901179 -0.06786907044069429 -0.047
1338 0.02484233925939129 0.00982781429080355 -0.047
1339 -0.1612134914748681 0.0749392390268809 -0.047
1340 -0.02731739658215061 -0.002915064538593008 -0.047
1341 0.1293520648556244 0.06116882332276689 -0.047
1342 -0.1686299342018718 0.08788316412677513 -0.047
1343 -0.04220812792648335 -0.002865938314663939 -0.047
1344 -0.07905472627872599 0.1134078944739595 -0.047
1345 -0.1832606483857682 0.08777870283309408 -0.047
1346 -0.1988327731807618 0.08734341395863243 -0.047
1347 -0.1092146415745142 0.01021534626572842 -0.047
1348 -0.1241250296527053 0.01024851752525739 -0.047
1349 0.1367530833131927 0.07396873025949421 -0.047
1350 0.1430191349155235 0.08612463084972405 -0.047
1351 0.02503012182861778 -0.08758215034734879 -0.047
1352 -0.07956756321978335 -0.04148913030125969 -0.047
1353 -0.05709768351102311 -0.002821618354651533 -0.047
1354 0.1367733589894126 0.04811863688187151 -0.047
1355 -0.03454282509386841 0.06155220346908516 -0.047
1356 0.1291462705639224 -0.01622719855441092 -0.047
1357 -0.02706793302930743 0.07418908414203078 -0.047
1358 -0.06458838048648639 -0.01569929256266619 -0.047
1359 -0.1241977657091777 -0.01556618520879246 -0.047
1360 0.1217966745635579 0.02242766112313912 -0.047
1361 -0.07207826852626377 -0.02858660711126804 -0.047
1362 -0.1316913283524823 -0.0284536043498285 -0.047
1363 -0.05726403997534786 -0.05444659002347065 -0.047
1364 0.02491728524255083 0.03564032714716195 -0.047
1365 -0.1466136078155505 -0.02841963497891199 -0.047
1366 -0.1615306388281829 -0.02837844254593815 -0.047
1367 -0.169024259827345 -0.04125585689064104 -0.047
1368 0.02508712517859494 0.06159114339439174 -0.047
1369 -0.1839062485503825 -0.04119518069898002 -0.047
1370 -0.1980204104713965 -0.04084300102802914 -0.047
1371 0.1445036599102594 -0.09430419604661805 -0.047
1372 0.2144462242960102 -0.03817455424841682 -0.047
1373 -0.1706552157779192 -0.1443417360452779 -0.047
1374 -0.1389160094324626 0.1655871328653463 -0.047
1375 0.1291185890472961 -0.04200992270412893 -0.047
1376 -0.03414691126317151 0.08625079151370924 -0.047
1377 0.1736413995391483 0.009082410508447533 -0.047
1378 0.172288538675116 -0.06840803612919508 -0.047
1379 0.1953038192690258 -0.05962661275339 -0.047
1380 -0.064856345575554 -0.118781846913362 -0.047
1381 -0.2137758062169482 -0.06316172273680207 -0.047
1382 -0.2125349071598525 0.06329130427820796 -0.047
1383 -0.07324719922018127 0.1268536620651368 -0.047
1384 -0.2203628653163597 -0.03507990213471734 -0.047
1385 -0.2205513261671765 0.03422412681481385 -0.047
1386 0.08524033934915046 0.1094078027906001 -0.047
1387 -0.2215097595630971 -0.005143594152951209 -0.047
1388 -0.07295623309140652 -0.1308912833106112 -0.047
1389 0.08521514017245674 -0.1100860449749525 -0.047
1390 -0.1985182206305815 -0.1183615147716629 -0.047
1391 0.17738807973308 -0.08237888689727582 -0.047
1392 0.1791483471615051 0.08206451624337599 -0.047
1393 -0.06843726725971323 0.1415552496583107 -0.047
1394 0.1979361271066011 0.06124747893438492 -0.047
1395 -0.213400239368612 0.009309167274710456 -0.047
1396 -0.1900936324011064 0.1003639887647342 -0.047
1397 0.2158937793199914 -0.0154367292586246 -0.047
1398 0.1370726449649337 0.09941852485251004 -0.047
1399 -0.01945722625659273 0.0857714297495614 -0.047
1400 0.1583799125950008 0.1010990549833033 -0.047
1401 0.1580896257579589 -0.1021004154809409 -0.047
1402 -0.1222530269939147 0.1631442384616052 -0.047
1403 0.201800151305649 0.03420877942823737 -0.047
1404 -0.1868186349781507 -0.1442865939629689 -0.047
1405 -0.1000394224057815 0.1672005181675121 -0.047
1406 -0.08814146333676426 0.1609233369500572 -0.047
1407 -0.08992196269469151 -0.1597415125341203 -0.047
1408 -0.06801064715447416 -0.1431913828281768 -0.047
1409 -0.1121558425909345 -0.1730218220787306 -0.047
1410 -0.03819124623321767 -0.09395437979708951 -0.047
1411 0.05399450483100909 -0.08686310999230676 -0.047
1412 0.05544429743324925 0.08515551289441073 -0.047
1413 -0.1899113582397071 -0.1067556431585786 -0.047
1414 -0.1384152061812059 -0.1689091948156637 -0.047
1415 -0.205083125372991 -0.05222138704019208 -0.047
1416 -0.1642371224653957 -0.1720607346162174 -0.047
1417 -0.2044479892196972 0.0495284101586187 -0.047
1418 0.2089601999340363 -0.02715663507252688 -0.047
1419 -0.2260191205084481 0.007798873535783716 -0.047
1420 0.0682702071315921 -0.09027216067675588 -0.047
1421 -0.1819385744452449 0.157199163251826 -0.047
1422 -0.01961273386857399 -0.06566177449155343 -0.047
1423 -0.004604252133374304 -0.06398206820099929 -0.047
1424 0.163845524903378 -0.08041732802543143 -0.047
1425 -0.2004270758977891 0.1181739225890796 -0.047
1426 0.0176995162793811 -0.05056497325344135 -0.047
1427 -0.01739755099986226 -0.08821794919560241 -0.047
1428 0.1564864415010969 0.08639368060722021 -0.047
1429 0.134437978256937 0.1131152927575645 -0.047
1430 0.1364465269200215 -0.1163282850861027 -0.047
1431 0.05503158622542555 -0.03804957068967312 -0.047
1432 0.1219492524828442 -0.1023728486158228 -0.047
1433 0.108964400477242 -0.1060524358015935 -0.047
1434 0.1113139997911596 0.1193159753288212 -0.047
1435 0.1099771067590708 -0.1192311611056273 -0.047
1436 0.09502542111865479 0.1008967434923289 -0.047
1437 -0.210964876773889 -0.01445582317033297 -0.047
1438 -0.04184106298460023 0.09754601428219078 -0.047
1439 -0.1383546215540663 0.1787478461807432 -0.047
1440 0.07822867716651305 -0.02749547881919829 -0.047
1441 -0.2109575608726441 0.09230157902848983 -0.047
1442 0.08506193015268612 -0.04022208901428987 -0.047
1443 0.2074330845693625 0.04900386806166909 -0.047
1444 -0.125199577465161 0.1767713828236641 -0.047
1445 -0.1554259270086188 0.1640689826251347 -0.047
1446 0.228198573821752 0.006693432324776056 -0.047
1447 0.002754688967715978 -0.05180200450475755 -0.047
1448 0.02486605611972282 -0.03905605838620681 -0.047
1449 0.03998749060276159 -0.03860237092500757 -0.047
1450 0.06266506336432882 -0.02704039665999485 -0.047
1451 -0.08187504332844904 0.139097669178457 -0.047
1452 0.202963325159963 -0.0377708715120985 -0.047
1453 0.1334900192297465 -0.1052539378303032 -0.047
1454 -0.102163696508271 -0.1542811538711662 -0.047
1455 0.1853682151061622 0.05974532334974955 -0.047
1456 -0.1733132746920371 -0.1662678597066883 -0.047
1457 0.08460519946732908 0.08302208652439472 -0.047
1458 -0.2099533215427279 -0.0407517391575243 -0.047
1459 0.2229647858693567 0.02926254245934921 -0.047
1460 0.04619378182720189 -0.09659093664636034 -0.047
1461 0.2272386967779411 -0.01690707312869183 -0.047
1462 -0.07997934172561974 -0.1404857159393133 -0.047
1463 -0.08912729703551261 0.1491447111118115 -0.047
1464 0.1568683881134345 -0.09027823470217572 -0.047
1465 -0.04907896552086087 0.108392871639183 -0.047
1466 -0.1733319036396416 0.1497193831335216 -0.047
1467 -0.2096500749061644 0.03837427817074818 -0.047
1468 0.1136530556713057 0.1091826991818616 -0.047
1469 0.1484060169948667 0.09641081512490365 -0.047
1470 -0.1093904010691518 0.1607655597937776 -0.047
1471 -0.1627287395187636 0.1737700818035064 -0.047
1472 0.09494837658145688 -0.1037421829625655 -0.047
1473 -0.2019247674594333 0.07294229291617052 -0.047
1474 -0.1807494290857756 0.1372909510864224 -0.047
1475 -0.04661796990467088 -0.1037354893957236 -0.047
1476 -0.1383733566026701 -0.1794184419963409 -0.047
1477 -0.01281309532220179 0.09421041749365085 -0.047
1478 -0.1945568210029799 -0.09638205521906185 -0.047
1479 -0.194351386210034 0.1367627420977999 -0.047
1480 0.1773464160501959 0.07069836988424769 -0.047
1481 -0.03909522789596906 0.01883730065767821 0.04699999999999999
1482 -0.03907538504154554 -0.01965515649331211 0.04699999999999999
1483 -0.2073005607590602 0.09177653161368916 0.04699999999999999
1484 -0.2082741393015384 -0.09182922893160181 0.04699999999999999
1485 -0.2213697206934611 0.02127521305936695 0.04699999999999999
1486 0.2064782958882413 -0.04890515750888419 0.04699999999999999
1487 -0.0578298697552508 0.131339569771214 0.04699999999999999
1488 -0.06049839397639767 -0.1316219086609802 0.04699999999999999
1489 0.1954560329220542 0.06086830959636881 0.04699999999999999
1490 -0.2208608781742342 -0.03648228158765482 0.04699999999999999
1491 0.06103720317844444 -0.009256492748158037 0.04699999999999999
1492 0.1577352121432756 0.1024285023827619 0.04699999999999999
1493 -0.1123582832800152 -0.1717969438708088 0.04699999999999999
1494 -0.11253729981339 0.1716026253485339 0.04699999999999999
1495 0.1676998938242479 -0.09240154123253244 0.04699999999999999
1496 0.05385334621223369 0.0274005119187286 0.04699999999999999
1497 0.0852948787149856 -0.1101012910844427 0.04699999999999999
1498 -0.1946525880419587 0.1325194672887815 0.04699999999999999
1499 -0.1931064228496565 -0.1322093538469133 0.04699999999999999
1500 0.08530207044543273 0.109032393669113 0.04699999999999999
1501 0.2275376368029758 0.008616113064622627 0.04699999999999999
1502 -0.02704888517722914 0.0975520744873755 0.04699999999999999
1503 -0.02427798236704985 -0.09976238263822504 0.04699999999999999
1504 -0.1617007579633816 0.1704334002139724 0.04699999999999999
1505 -0.1598964342237562 -0.1694297333034039 0.04699999999999999
1506 0.1357085812434832 -0.1137319985939507 0.04699999999999999
1507 0.04253568346456166 -0.04261220183880227 0.04699999999999999
1508 0.05724448983343976 0.09773094299465621 0.04699999999999999
1509 0.05834501083947032 -0.09890522746456604 0.04699999999999999
1510 0.1235964253772344 0.1195413344988317 0.04699999999999999
1511 -0.2138460367904452 0.06445496924459675 0.04699999999999999
1512 -0.2137574785997045 -0.06290277438357295 0.04699999999999999
1513 0.2137997256729267 0.03815397799076595 0.04699999999999999
1514 -0.01338495445563095 -0.0469442845164663 0.04699999999999999
1515 -0.01470514846662031 0.04656793286619215 0.04699999999999999
1516 0.03001069040592158 0.0902907372212883 0.04699999999999999
1517 0.1877717173703988 -0.07275470160993008 0.04699999999999999
1518 0.1777868926786088 0.08263179165855432 0.04699999999999999
1519 0.03014379819084911 -0.08853219649253211 0.04699999999999999
1520 -0.07805353516943603 0.1518066112885016 0.04699999999999999
1521 -0.07907868551215157 -0.1522728302655301 0.04699999999999999
1522 -0.2232933332413516 -0.006242007202866729 0.04699999999999999
1523 0.2226820031348464 -0.02626284996397834 0.04699999999999999
1524 0.02667105154257347 0.04965075959278186 0.04699999999999999
1525 -0.1384548274897992 -0.1748755672615247 0.04699999999999999
1526 -0.1394134173920432 0.1753864521779652 0.04699999999999999
1527 -0.1796525506243883 0.1551864943051837 0.04699999999999999
1528 -0.1786878272747158 -0.1551868177453687 0.04699999999999999
1529 0.1114377791827328 -0.1164855541007207 0.04699999999999999
1530 -0.03240141267598136 -0.03149308147648051 0.04699999999999999
1531 -0.04799181519846481 -0.0302320254163489 0.04699999999999999
1532 -0.05361374051473604 -0.01752032976528589 0.04699999999999999
1533 -0.06272664101919051 -0.02816103008691396 0.04699999999999999
1534 -0.06812047695650732 -0.01474919989357094 0.04699999999999999
1535 -0.07732191370583817 -0.0258406422618683 0.04699999999999999
1536 -0.08269367690706568 -0.01237257310182476 0.04699999999999999
1537 -0.09191569445196696 -0.02354736654084005 0.04699999999999999
1538 -0.09724099136103671 -0.009755517385303513 0.04699999999999999
1539 -0.1065150687778599 -0.02121471933846185 0.04699999999999999
1540 -0.1118475523253169 -0.007410174528576127 0.04699999999999999
1541 -0.1025533305641612 0.004113177915103171 0.04699999999999999
1542 -0.101170951763377 -0.03499625908476282 0.04699999999999999
1543 -0.1171826092211378 0.006409466789187922 0.04699999999999999
1544 -0.1078578848348011 0.01795102135172117 0.04699999999999999
1545 -0.1225145282099604 0.02023997042048948 0.04699999999999999
1546 -0.1131793933908149 0.03178981561511834 0.04699999999999999
1547 -0.1158024702725463 -0.03271752479760952 0.04699999999999999
1548 -0.110447319975596 -0.04653223324463321 0.04699999999999999
1549 -0.1278575901201479 0.03407931892882016 0.04699999999999999
1550 -0.1185310346457316 0.0456326595827569 0.04699999999999999
1551 -0.131823269415512 0.008688557241192373 0.04699999999999999
1552 -0.1251037428764123 -0.04425135788360401 0.04699999999999999
1553 -0.1197527303555238 -0.05808326148239525 0.04699999999999999
1554 -0.1050824906361874 -0.06035988643183711 0.04699999999999999
1555 -0.1143943413248281 -0.07192505148317739 0.04699999999999999
1556 -0.1332107098489248 0.04793010013251071 0.04699999999999999
1557 -0.1238824139425 0.05949016382670982 0.04699999999999999
1558 -0.1091974263520011 0.05718862134447171 0.04699999999999999
1559 -0.114544781378392 0.07105752099189273 0.04699999999999999
1560 -0.129235198674555 0.07336427647373595 0.04699999999999999
1561 -0.1198908935384637 0.08493758373500097 0.04699999999999999
1562 -0.1290680962250174 -0.06964434615943195 0.04699999999999999
1563 -0.1237078160649918 -0.08349883538423318 0.04699999999999999
1564 -0.09985941841227336 0.06874885994057968 0.04699999999999999
1565 -0.05730974475933802 -0.04180696001012833 0.04699999999999999
1566 -0.1345915746111485 0.08724643304338195 0.04699999999999999
1567 -0.09972309450887069 -0.07419944367168894 0.04699999999999999
1568 -0.1252436200117592 0.09882829427949885 0.04699999999999999
1569 -0.1383669798130254 -0.08123754646687922 0.04699999999999999
1570 -0.1330233406406329 -0.09508468556818686 0.04699999999999999
1571 -0.09451302902073415 0.05489325623749301 0.04699999999999999
1572 -0.08517978038205762 0.06643810966694116 0.04699999999999999
1573 -0.143934081372824 0.0756663724174952 0.04699999999999999
1574 -0.1436897200858041 -0.06746222594446888 0.04699999999999999
1575 -0.1183334319896008 -0.09736073069122686 0.04699999999999999
1576 -0.1276564965310752 -0.108953186649056 0.04699999999999999
1577 -0.1425371263216733 0.03636397117813721 0.04699999999999999
1578 -0.09051866554633516 0.0803120340406685 0.04699999999999999
1579 -0.1477052482946843 -0.09280855349210997 0.04699999999999999
1580 -0.1399509551878216 0.1011385516014357 0.04699999999999999
1581 -0.1305946245299526 0.112726482158582 0.04699999999999999
1582 -0.1158862473291938 0.110411235294957 0.04699999999999999
1583 -0.09340372540678495 0.0158511320610668 0.04699999999999999
1584 -0.07583558955551051 0.07799185062818331 0.04699999999999999
1585 -0.07050107373994283 0.06413087214397556 0.04699999999999999
1586 -0.1129550710601127 -0.1112354672967214 0.04699999999999999
1587 -0.1453104405150359 0.1150360975539103 0.04699999999999999
1588 -0.1546631155830177 0.1034453126450198 0.04699999999999999
1589 -0.1222826325767704 -0.1228317891763459 0.04699999999999999
1590 -0.1369911126130116 -0.1205468197359044 0.04699999999999999
1591 -0.1359508921859147 0.1266280168685898 0.04699999999999999
1592 -0.130434142482601 -0.03042988057431998 0.04699999999999999
1593 -0.08116951264302526 0.09187481676947652 0.04699999999999999
1594 -0.06116358792945387 0.07567210152020699 0.04699999999999999
1595 -0.05584589201184068 0.06182017980424815 0.04699999999999999
1596 -0.06516658802749155 0.05029727004975077 0.04699999999999999
1597 -0.1316164193948027 -0.1344312724322919 0.04699999999999999
1598 -0.1463309117475861 -0.1321438694397085 0.04699999999999999
1599 -0.0904119041246764 -0.06263354363892795 0.04699999999999999
1600 -0.08504933965833451 -0.07647006081116141 0.04699999999999999
1601 -0.1075708976328125 -0.1251134877974981 0.04699999999999999
1602 -0.09824218350954413 -0.113514466437706 0.04699999999999999
1603 -0.1506711559680425 0.1289384357177211 0.04699999999999999
1604 -0.0465102015753345 0.07335135827946 0.04699999999999999
1605 -0.05186208458645578 0.08693076574850571 0.04699999999999999
1606 -0.1413101916728728 0.1405326044805372 0.04699999999999999
1607 -0.1265876614237191 0.1382217184619707 0.04699999999999999
1608 -0.04982726261432738 0.04835827735662031 0.04699999999999999
1609 -0.05983540789371371 0.0364786453125398 0.04699999999999999
1610 -0.05758914712910164 -0.003480005592246297 0.04699999999999999
1611 -0.07447677028667349 0.03877886251453099 0.04699999999999999
1612 -0.06993934584659305 0.02510548723870915 0.04699999999999999
1613 -0.1517050928259161 -0.1182584753175568 0.04699999999999999
1614 -0.161046999022406 -0.1298565037369625 0.04699999999999999
1615 -0.1663850393658212 -0.1160003386152679 0.04699999999999999
1616 -0.1478939087018445 0.05022497045285389 0.04699999999999999
1617 -0.1572269050899591 0.03864752305058837 0.04699999999999999
1618 -0.162587777411211 0.05252338128026664 0.04699999999999999
1619 -0.1719246440449645 0.04094368030559987 0.04699999999999999
1620 -0.16655890975169 0.02706717210035209 0.04699999999999999
1621 -0.1812623566300043 0.02936017066760129 0.04699999999999999
1622 -0.17589525716399 0.01547620098722858 0.04699999999999999
1623 -0.1772882853255042 0.05482567993234541 0.04699999999999999
1624 -0.1906021507451392 0.01777176633552631 0.04699999999999999
1625 -0.185232327959961 0.003889197467369722 0.04699999999999999
1626 -0.1705286293262774 0.001594718403964246 0.04699999999999999
1627 -0.1798626729767744 -0.009990071689332193 0.04699999999999999
1628 -0.1651630918739914 -0.0122769503725793 0.04699999999999999
1629 -0.1744935113142281 -0.02386477314110694 0.04699999999999999
1630 -0.195969321537985 0.03165826740843591 0.04699999999999999
1631 -0.1891989585141147 -0.02157798810417083 0.04699999999999999
1632 -0.1838268236095218 -0.03545813451586712 0.04699999999999999
1633 -0.1691280936328997 -0.03773355179967863 0.04699999999999999
1634 -0.1784515633320592 -0.04933737528802903 0.04699999999999999
1635 -0.07576030548955846 -0.06491025818497931 0.04699999999999999
1636 -0.07038231381855688 -0.07873984066787579 0.04699999999999999
1637 -0.0610991445351217 -0.06718562931982773 0.04699999999999999
1638 -0.05572004603210336 -0.08101117601623577 0.04699999999999999
1639 -0.06500734655261618 -0.09258127876523468 0.04699999999999999
1640 -0.04669354709064258 -0.06955890855935841 0.04699999999999999
1641 -0.1679503105841741 0.06640591741351519 0.04699999999999999
1642 -0.1826547370095881 0.06871490477458692 0.04699999999999999
1643 -0.1733139743661725 0.08029740404190799 0.04699999999999999
1644 -0.1397229177637166 -0.04204522644872247 0.04699999999999999
1645 0.06439464013959058 0.004675399935643237 0.04699999999999999
1646 0.0748529002820961 -0.004667174345598577 0.04699999999999999
1647 0.07755415745473394 0.009676800936090753 0.04699999999999999
1648 0.08862777713920636 0.0001902343712555589 0.04699999999999999
1649 0.09128715100547863 0.01470116320180876 0.04699999999999999
1650 0.1025052691802341 0.005101112569547637 0.04699999999999999
1651 0.0997745181904465 -0.009418642986332696 0.04699999999999999
1652 0.1137237363552334 -0.004512498904977263 0.04699999999999999
1653 0.105211818329749 0.01962859486761225 0.04699999999999999
1654 0.1109871097087838 -0.01906162617119717 0.04699999999999999
1655 0.1249623499068266 -0.01414283275400675 0.04699999999999999
1656 0.1222291762995361 -0.02870586728139438 0.04699999999999999
1657 0.1082496624885708 -0.0336141429602091 0.04699999999999999
1658 0.1362120796799528 -0.02379143585675027 0.04699999999999999
1659 0.138944844003159 -0.009218736222456222 0.04699999999999999
1660 0.119494280782918 -0.04327238206929172 0.04699999999999999
1661 0.09394902398825061 0.02925310956285223 0.04699999999999999
1662 0.107925170343348 0.03417125603132746 0.04699999999999999
1663 0.1054947636798701 -0.04819064772100963 0.04699999999999999
1664 0.0966762925902582 0.04379689293879955 0.04699999999999999
1665 0.1106451236853024 0.04873220277268149 0.04699999999999999
1666 0.1219037325377989 0.0390935034055241 0.04699999999999999
1667 0.1500748312268519 -0.0185112197496768 0.04699999999999999
1668 0.1529138496281068 -0.004252271579714424 0.04699999999999999
1669 0.1640230260072607 -0.0135143564853847 0.04699999999999999
1670 0.1668765771547714 0.0006599585353569708 0.04699999999999999
1671 0.1497121647096734 -0.03409786978446697 0.04699999999999999
1672 0.1167608298466379 -0.05785564403007175 0.04699999999999999
1673 0.124626566016956 0.05366896363721636 0.04699999999999999
1674 0.1358935571617345 0.04402087739749274 0.04699999999999999
1675 0.1133525741768058 0.06330859964059633 0.04699999999999999
1676 0.1027546888480207 -0.06277159272180946 0.04699999999999999
1677 0.09149213198133584 -0.05310611372527211 0.04699999999999999
1678 0.1780769990022226 -0.008942255175395611 0.04699999999999999
1679 0.1807975374967578 0.005478305262358406 0.04699999999999999
1680 0.1696398867951061 0.01507309543770501 0.04699999999999999
1681 0.1386164963170675 0.05860799622070248 0.04699999999999999
1682 0.1498785143011781 0.04895774136822063 0.04699999999999999
1683 0.114018756102515 -0.07244818322088767 0.04699999999999999
1684 0.128035432144622 -0.06752464314057038 0.04699999999999999
1685 0.08875147795850968 -0.06768574500935132 0.04699999999999999
1686 0.1751084574428004 -0.0252663443939304 0.04699999999999999
1687 0.07749514336718492 -0.05801828044087151 0.04699999999999999
1688 0.07223083151781741 -0.01884833935984793 0.04699999999999999
1689 0.1416950651930326 0.005322546078197612 0.04699999999999999
1690 0.1935691050894227 -0.003573459768904642 0.04699999999999999
1691 0.1835281177184591 0.0199107476573175 0.04699999999999999
1692 0.08253203141058807 0.03869962262829276 0.04699999999999999
1693 0.08539895476280909 0.05339363367167439 0.04699999999999999
1694 0.07111897066009877 0.04816323288414637 0.04699999999999999
1695 0.07416715017634673 0.06283805124167829 0.04699999999999999
1696 0.06086847843822431 0.0575978668698464 0.04699999999999999
1697 0.1252915745863187 -0.08213005937191675 0.04699999999999999
1698 0.1393161826770236 -0.07720144940792138 0.04699999999999999
1699 0.1112656445191277 -0.08705319606777953 0.04699999999999999
1700 0.15261240446299 0.0635466963055934 0.04699999999999999
1701 0.1413338800900465 0.07321231526649502 0.04699999999999999
1702 0.1638704789311298 0.05385207074470983 0.04699999999999999
1703 0.1420511663468376 -0.06259860545321241 0.04699999999999999
1704 0.1471620828647969 0.03437384872446429 0.04699999999999999
1705 0.08813495125785215 0.06795057787077718 0.04699999999999999
1706 0.07475154738672728 -0.07259563954793354 0.04699999999999999
1707 0.06350422784062548 -0.06293265846356517 0.04699999999999999
1708 0.06650727360790606 -0.04909080107358416 0.04699999999999999
1709 -0.0002491788533211282 -0.05277219737611422 0.04699999999999999
1710 -0.0119413751237463 -0.0612582214618962 0.04699999999999999
1711 0.01495945709830468 -0.0565486986068561 0.04699999999999999
1712 0.001758618132099113 0.05193789480228082 0.04699999999999999
1713 -0.008840159598378357 0.06192838093959917 0.04699999999999999
1714 0.005354898793357227 0.06697036861252606 0.04699999999999999
1715 -0.1409545257548905 -0.1460340136279335 0.04699999999999999
1716 -0.0929277299563552 -0.1273381221655768 0.04699999999999999
1717 -0.1022754442861686 -0.1389303206413532 0.04699999999999999
1718 -0.08355603909904752 -0.115777876595344 0.04699999999999999
1719 -0.02316387649050147 0.05893333014987458 0.04699999999999999
1720 0.07725185970002413 0.07737944928421257 0.04699999999999999
1721 0.09087547064294238 0.08258240772997323 0.04699999999999999
1722 0.002044950894147229 -0.06674318488605965 0.04699999999999999
1723 0.0860279048466894 -0.08209471373479041 0.04699999999999999
1724 -0.004473931282444513 0.07678161006007106 0.04699999999999999
1725 -0.1929960978628904 -0.04699026452665453 0.04699999999999999
1726 -0.1875900254482837 -0.06086356132675936 0.04699999999999999
1727 -0.1730700393920275 -0.06322165956893824 0.04699999999999999
1728 -0.1823719413269208 -0.07481141368298193 0.04699999999999999
1729 0.153224447107884 -0.0719298300720492 0.04699999999999999
1730 0.1556892927128969 -0.05802282512147255 0.04699999999999999
1731 -0.05097238268759222 -0.09435292677241906 0.04699999999999999
1732 -0.1559481158799884 0.1426275410956243 0.04699999999999999
1733 -0.1651172532455605 0.1311862693375007 0.04699999999999999
1734 -0.1998387474803004 0.006160778336249017 0.04699999999999999
1735 -0.02609069176915095 -0.05527206384311112 0.04699999999999999
1736 -0.1264779617418144 -0.1481253032210704 0.04699999999999999
1737 -0.0101586102995766 -0.07577404515165556 0.04699999999999999
1738 0.1723604284738726 0.02955304141834583 0.04699999999999999
1739 0.1859349230242531 0.03399703427593633 0.04699999999999999
1740 -0.1558332289804267 -0.0006979783449381978 0.04699999999999999
1741 0.04159442956168906 0.04178469149743697 0.04699999999999999
1742 0.03849119650382188 0.057847367049537 0.04699999999999999
1743 -0.08116857707129321 -0.05106964668631508 0.04699999999999999
1744 -0.09433966418414193 -0.08804782746254711 0.04699999999999999
1745 -0.05965111306834031 -0.1064458800116507 0.04699999999999999
1746 -0.09586464131519494 0.09419240090566131 0.04699999999999999
1747 -0.08650791315095294 0.105769143918454 0.04699999999999999
1748 -0.0718056233463077 0.1034483745926441 0.04699999999999999
1749 -0.02864782290289742 0.03446123250900966 0.04699999999999999
1750 -0.150432984396935 -0.01449610969947093 0.04699999999999999
1751 -0.07759028501694851 0.1171842016403059 0.04699999999999999
1752 -0.09192060851754456 0.1196392459242537 0.04699999999999999
1753 -0.1676695560350699 -0.07698383548558299 0.04699999999999999
1754 -0.1769872931339391 -0.08857791775529349 0.04699999999999999
1755 -0.1915608912265564 0.056772112444967 0.04699999999999999
1756 -0.1320170774413939 0.1516851114789478 0.04699999999999999
1757 0.1547245147816393 0.07739764007760977 0.04699999999999999
1758 -0.1174699151262255 0.1490159937367838 0.04699999999999999
1759 -0.1119194511319555 0.1357677386603817 0.04699999999999999
1760 -0.101879466447208 0.1500112305106945 0.04699999999999999
1761 0.1972167733649017 0.02455269357720741 0.04699999999999999
1762 0.05260665288936565 -0.03211046531710471 0.04699999999999999
1763 0.1363446471947675 -0.09116573526983193 0.04699999999999999
1764 0.01543292700841 -0.07234264313137403 0.04699999999999999
1765 0.02726441724614779 -0.06428328765440428 0.04699999999999999
1766 0.2199970792242994 -0.01017276635992069 0.04699999999999999
1767 0.2097766074476084 -0.01930613989658071 0.04699999999999999
1768 0.06048539413845769 -0.07673198339289847 0.04699999999999999
1769 0.05003900848315146 -0.06759930121860869 0.04699999999999999
1770 -0.1875243502886272 0.08222528331210205 0.04699999999999999
1771 -0.1785706252868633 0.09412259982396365 0.04699999999999999
1772 0.02703056661373853 0.06460271396828873 0.04699999999999999
1773 0.03756926280541539 0.06956028508618493 0.04699999999999999
1774 0.0466063728391526 -0.08214617864305666 0.04699999999999999
1775 0.007088009744286108 0.07961855692502913 0.04699999999999999
1776 -0.08411239909408583 0.1306256145208205 0.04699999999999999
1777 -0.1976608658745755 -0.07232534045262126 0.04699999999999999
1778 0.1667216853120352 -0.06597581925052444 0.04699999999999999
1779 0.1678085518473085 -0.05156434390841805 0.04699999999999999
1780 0.1433596619704254 0.08660471680117421 0.04699999999999999
1781 0.1299197855473484 0.08267749685447603 0.04699999999999999
1782 0.1323454405527301 0.09685603907538237 0.04699999999999999
1783 0.1188279378833376 0.09191834662996688 0.04699999999999999
1784 -0.0375723086070909 0.1103694741463427 0.04699999999999999
1785 -0.07748526310447232 -0.1292569070216731 0.04699999999999999
1786 -0.03604723772249997 -0.1097529427986925 0.04699999999999999
1787 0.08066052888774113 0.09269917450314313 0.04699999999999999
1788 -0.03716111808060871 0.08488704830511554 0.04699999999999999
1789 0.002887553593892093 -0.08227227724916558 0.04699999999999999
1790 -0.0624295473135124 0.1150323277950687 0.04699999999999999
1791 -0.1777892833905712 -0.1282232599968517 0.04699999999999999
1792 -0.1810541088937595 -0.1133252452943199 0.04699999999999999
1793 0.207360386307794 -0.005644031525481328 0.04699999999999999
1794 0.0435995561548264 0.09316416066224738 0.04699999999999999
1795 0.05491203482908598 0.08295320500102178 0.04699999999999999
1796 -0.0442281369145702 0.03434790374593112 0.04699999999999999
1797 0.05659844611841196 0.04284474472542454 0.04699999999999999
1798 -0.04231989134164923 0.002722546427906687 0.04699999999999999
1799 -0.0521407215929178 0.01035530461350179 0.04699999999999999
1800 -0.1703890530640276 -0.1414681822396971 0.04699999999999999
1801 0.2088743499438758 -0.03338562062223614 0.04699999999999999
1802 0.1956151575684977 -0.03806113562437655 0.04699999999999999
1803 0.19246055307204 -0.05025872726930588 0.04699999999999999
1804 0.06839170196489643 0.03337388063261089 0.04699999999999999
1805 0.1808694432943498 -0.04139148318436227 0.04699999999999999
1806 0.1654271979837677 -0.03757720849061329 0.04699999999999999
1807 -0.06642504165958381 0.01005505626010541 0.04699999999999999
1808 -0.05023629447775399 -0.1186742128258277 0.04699999999999999
1809 -0.01268182933514245 0.09000207216154235 0.04699999999999999
1810 -0.03172200262008901 0.07191542599172801 0.04699999999999999
1811 0.2230179601058013 0.02776622322486462 0.04699999999999999
1812 0.1945288348334084 0.01102089533296976 0.04699999999999999
1813 0.2063672088733422 0.01476842682812826 0.04699999999999999
1814 -0.1355908362066638 -0.1603359840524331 0.04699999999999999
1815 -0.1504503836715309 -0.1570011177213349 0.04699999999999999
1816 -0.08421649956007585 0.02745620209629042 0.04699999999999999
1817 -0.05220035923154451 -0.05573323702421087 0.04699999999999999
1818 0.1889026255625816 -0.01797762478839956 0.04699999999999999
1819 0.1751180593174722 0.04398590538851591 0.04699999999999999
1820 0.1584128891805885 0.02472473082420218 0.04699999999999999
1821 -0.1411257493823087 -0.002901504826202047 0.04699999999999999
1822 -0.04055420629905739 0.06000394531874713 0.04699999999999999
1823 0.08028440823484537 -0.04358460075090145 0.04699999999999999
1824 0.0672616820482765 -0.033967527763337 0.04699999999999999
1825 0.05227472694453068 -0.05327125540686291 0.04699999999999999
1826 0.09425159877948587 -0.03856807395913656 0.04699999999999999
1827 0.07227639527274712 -0.1039158375552012 0.04699999999999999
1828 0.1331770762248046 0.02946665523272753 0.04699999999999999
1829 -0.1611987851057356 0.01317891429590476 0.04699999999999999
1830 -0.1518621343972213 0.02475918301335211 0.04699999999999999
1831 -0.09578488800486279 -0.04880010851272482 0.04699999999999999
1832 0.08001512456155271 0.02407985058153627 0.04699999999999999
1833 0.09701552583586361 -0.02397823562272231 0.04699999999999999
1834 -0.1038361779507997 0.04334858723304894 0.04699999999999999
1835 -0.08895635019190601 -0.1019030876851833 0.04699999999999999
1836 -0.159778388953268 -0.02609438365475443 0.04699999999999999
1837 -0.07983079991603111 0.05260029762264554 0.04699999999999999
1838 -0.1465007691725646 0.01092611066859881 0.04699999999999999
1839 -0.05743997779186814 0.1002403377469953 0.04699999999999999
1840 0.1276924646478678 0.0004001284068348236 0.04699999999999999
1841 -0.1637469347059883 -0.05155161295797287 0.04699999999999999
1842 -0.0880911151787714 0.001743537555213467 0.04699999999999999
1843 -0.1466686048499354 0.1530824030205444 0.04699999999999999
1844 -0.1570467575971248 -0.1043989757176074 0.04699999999999999
1845 -0.1212482562179826 0.1242902762919235 0.04699999999999999
1846 0.1160564954997668 0.077774101396205 0.04699999999999999
1847 -0.1600286479521404 0.1173442861158477 0.04699999999999999
1848 -0.1747549695784898 0.1196477037583126 0.04699999999999999
1849 -0.08922031716509066 0.04110016019988012 0.04699999999999999
1850 -0.09861899971806118 0.02958281975952096 0.04699999999999999
1851 -0.1492930623538886 0.08955478445642856 0.04699999999999999
1852 -0.1979057355179044 -0.03292589758540063 0.04699999999999999
1853 -0.2034950643009534 -0.01911590107772997 0.04699999999999999
1854 -0.2078805480438655 -0.04477043051339145 0.04699999999999999
1855 -0.1556756537257488 -0.1436323777650883 0.04699999999999999
1856 -0.1169588025866556 -0.1366701221742836 0.04699999999999999
1857 0.1307649094250809 -0.05293528670286286 0.04699999999999999
1858 -0.1423546747504075 -0.1066751160800702 0.04699999999999999
1859 -0.198713983305338 0.06998230705808732 0.04699999999999999
1860 0.1191744316441093 0.02455205029690715 0.04699999999999999
1861 -0.0416392594647414 -0.08286996293180421 0.04699999999999999
1862 -0.03352906563100187 -0.07004674877394856 0.04699999999999999
1863 -0.1944959466226938 -0.007677474324814152 0.04699999999999999
1864 -0.1264846252031661 -0.005125100422140205 0.04699999999999999
1865 -0.1913768220456182 -0.08625608912163343 0.04699999999999999
1866 -0.1385677191592053 0.06179346584402316 0.04699999999999999
1867 -0.04872397614584327 0.1209020732855031 0.04699999999999999
1868 -0.1865575100710322 0.04318249100504615 0.04699999999999999
1869 -0.1052048465259285 0.08262364295024706 0.04699999999999999
1870 0.1223584008492758 -0.0958253313848217 0.04699999999999999
1871 0.1080230302420144 -0.1025855144361016 0.04699999999999999
1872 -0.2054729948427663 0.01984282532558993 0.04699999999999999
1873 -0.2105280098285554 0.03360680635300974 0.04699999999999999
1874 0.1526176942186251 -0.08797470795932015 0.04699999999999999
1875 0.1460155381916346 -0.1015633133926606 0.04699999999999999
1876 -0.1090295401754933 -0.08577287878876455 0.04699999999999999
1877 -0.1371825696061799 0.02250951857509836 0.04699999999999999
1878 0.1338606978516483 -0.03847038238769275 0.04699999999999999
1879 -0.1343794211117944 -0.05584759706628709 0.04699999999999999
1880 -0.06654606264210354 0.08935970783433531 0.04699999999999999
1881 -0.1036445506389682 -0.0996409113961066 0.04699999999999999
1882 -0.07195042123802901 -0.03955136018672688 0.04699999999999999
1883 0.1273176329413318 0.0682082455026152 0.04699999999999999
1884 0.1164517791047205 0.01001802731508675 0.04699999999999999
1885 0.100011601138267 -0.07735762729504994 0.04699999999999999
1886 -0.08655719717067234 -0.03727904718054199 0.04699999999999999
1887 0.09744633870065994 -0.09140271606784531 0.04699999999999999
1888 -0.1211233160360443 -0.01891966712457835 0.04699999999999999
1889 0.07023773865310104 -0.08820819392641072 0.04699999999999999
1890 -0.1105482195958944 0.09651064831511556 0.04699999999999999
1891 0.08299825827754795 -0.02893818621989672 0.04699999999999999
1892 -0.153255977286271 0.06409485043640102 0.04699999999999999
1893 -0.1122177581700078 -0.149761531132325 0.04699999999999999
1894 -0.09679401008896334 -0.1531207330838358 0.04699999999999999
1895 -0.2007933407074724 0.04506321867496431 0.04699999999999999
1896 -0.2160526818418237 0.04848586132607428 0.04699999999999999
1897 0.08591663520716299 -0.01427672402719045 0.04699999999999999
1898 0.09939093962800863 0.05835048047413865 0.04699999999999999
1899 0.1556937262540183 0.01020809788970534 0.04699999999999999
1900 0.1684558849249406 0.06982574179012374 0.04699999999999999
1901 0.1787892001443658 0.05840687803310091 0.04699999999999999
1902 -0.1012027078545045 0.108074409332017 0.04699999999999999
1903 -0.07966782042330335 -0.09031327532628644 0.04699999999999999
1904 -0.15861886728391 0.07798005267113303 0.04699999999999999
1905 -0.1543849576396605 -0.0398734609877193 0.04699999999999999
1906 -0.06658142538748081 -0.05337618190203136 0.04699999999999999
1907 -0.1065599061980548 0.1219569135749345 0.04699999999999999
1908 0.1611148303080711 0.0392751956289438 0.04699999999999999
1909 0.1444239656980617 0.01983910923398214 0.04699999999999999
1910 0.1447515762127288 -0.04801945263139035 0.04699999999999999
1911 -0.09742230548086986 0.1336529117541386 0.04699999999999999
1912 -0.1639664706456417 0.09186161221999098 0.04699999999999999
1913 -0.1693288970708738 0.1057449534597924 0.04699999999999999
1914 -0.0688548221576574 -0.1180920006854424 0.04699999999999999
1915 -0.04001775487226018 -0.04502154444412076 0.04699999999999999
1916 0.1304357970854327 0.014933086093956 0.04699999999999999
1917 0.1021008014481389 0.07292400725683808 0.04699999999999999
1918 -0.1584094594349374 -0.06540668621395876 0.04699999999999999
1919 -0.07428224858214512 -0.1041855665115236 0.04699999999999999
1920 0.1047943774834579 0.08757787642933809 0.04699999999999999
1921 0.1081562454996969 0.1023941752403801 0.04699999999999999
1922 -0.1840475214628044 0.1076926622283758 0.04699999999999999
1923 -0.01122328251129185 -0.09126510953436728 0.04699999999999999
1924 -0.1946647917771151 0.09594139738674677 0.04699999999999999
1925 -0.1981905259382623 0.1107449951126118 0.04699999999999999
1926 -0.1357658181531423 -0.01668151487213315 0.04699999999999999
1927 -0.1648820490940517 -0.1552905798248932 0.04699999999999999
1928 -0.1450865348982205 -0.02827009603952004 0.04699999999999999
1929 -0.1490555684569835 -0.05369780160318822 0.04699999999999999
1930 -0.1529440940024417 -0.07906621017890873 0.04699999999999999
1931 0.1895229482408769 0.04707132398376088 0.04699999999999999
1932 0.2044517524605358 0.04920977998996431 0.04699999999999999
1933 -0.1622583041840935 -0.09067506441873416 0.04699999999999999
1934 -0.1716732975046089 -0.1021623753847427 0.04699999999999999
1935 0.09417008510276947 0.09757781560592943 0.04699999999999999
1936 -0.1856511366945527 -0.09968622139597191 0.04699999999999999
1937 -0.1957946284905106 -0.1110139392036308 0.04699999999999999
1938 -0.2089544909976034 -0.005294688545874457 0.04699999999999999
1939 -0.2143118169445217 0.007635826572595658 0.04699999999999999
1940 -0.2113554202336589 0.07804396974822145 0.04699999999999999
1941 -0.2114716360085419 -0.07782281267232126 0.04699999999999999
1942 0.1859909551212928 0.07077206772029736 0.04699999999999999
1943 -0.222844770844367 -0.02194120674387294 0.04699999999999999
1944 -0.08711983014922917 -0.1405988221568576 0.04699999999999999
1945 0.07144874393139072 0.103704459964837 0.04699999999999999
1946 0.06692594035466926 0.01877099028650735 0.04699999999999999
1947 -0.1706722199224128 0.1443931393961025 0.04699999999999999
1948 -0.1627546394524625 0.1566378195847198 0.04699999999999999
1949 0.1783813216662764 -0.08347180000122092 0.04699999999999999
1950 -0.03244448810232341 0.04859155311140295 0.04699999999999999
1951 0.06423777284846711 0.07251175301154206 0.04699999999999999
1952 -0.1805326136264771 0.1320501804257402 0.04699999999999999
1953 -0.07001388806437478 -0.1418129766430933 0.04699999999999999
1954 -0.1999770031658639 -0.05757047424059991 0.04699999999999999
1955 -0.0255773456644511 -0.08351469687679579 0.04699999999999999
1956 0.1686668875595571 0.09339058442569581 0.04699999999999999
1957 -0.06709859051440921 0.1425289357751994 0.04699999999999999
1958 0.0981294479033494 0.1133611049980139 0.04699999999999999
1959 0.02757369260505321 -0.04937404078857308 0.04699999999999999
1960 0.08453966225703437 -0.09654491550130059 0.04699999999999999
1961 -0.01749052789606641 0.07381485303916804 0.04699999999999999
1962 -0.1850232379519491 -0.1427064250777132 0.04699999999999999
1963 -0.07988297152488708 0.01441456014498184 0.04699999999999999
1964 -0.1869594013325652 0.1442871942917868 0.04699999999999999
1965 0.1484440658814839 0.1113632601595415 0.04699999999999999
1966 -0.03898335393562521 -0.05867426004986744 0.04699999999999999
1967 0.09805500733104855 -0.1149942452595206 0.04699999999999999
1968 -0.1003262680299689 0.1660939145251424 0.04699999999999999
1969 -0.09928494418342548 -0.1670904579435542 0.04699999999999999
1970 -0.05421031338118631 0.0244193999961772 0.04699999999999999
1971 -0.08901201977018183 0.1588591046732619 0.04699999999999999
1972 0.0372449614507418 -0.07307975849701674 0.04699999999999999
1973 -0.04299076121379945 0.09746121549751172 0.04699999999999999
1974 0.04995583983999227 0.06774359036956376 0.04699999999999999
1975 -0.1200662486501128 -0.161081577790714 0.04699999999999999
1976 -0.08914974051613693 0.1444250713718389 0.04699999999999999
1977 -0.07369225474515796 -0.001925549366697127 0.04699999999999999
1978 -0.02522087262182714 0.08363429479698589 0.04699999999999999
1979 0.1808895434167023 -0.06043451710712944 0.04699999999999999
1980 -0.1223460971570245 0.1616028133358965 0.04699999999999999
1981 0.0676259050050248 0.08782983079323545 0.04699999999999999
1982 -0.1265336832566026 0.1740442687650777 0.04699999999999999
1983 -0.1255919230784994 -0.1735020307541452 0.04699999999999999
1984 0.04388926044188413 -0.09472988664574186 0.04699999999999999
1985 0.1658948056128444 -0.07904946128511722 0.04699999999999999
1986 0.03948874836569775 -0.05836997423404464 0.04699999999999999
1987 -0.03743625333195355 -0.09569565659979247 0.04699999999999999
1988 0.1608691354740708 -0.02579339978081443 0.04699999999999999
1989 -0.1892494252721829 0.1202220269675685 0.04699999999999999
1990 0.1985339551508647 -0.06257134240577478 0.04699999999999999
1991 -0.2205310109004245 -0.04953113381350816 0.04699999999999999
1992 0.06000705176201565 -0.02172649836718676 0.04699999999999999
1993 -0.02528003984563876 -0.04213033267427764 0.04699999999999999
1994 -0.08788905692856179 -0.162653358283991 0.04699999999999999
1995 0.1355266134121927 0.1118530788947476 0.04699999999999999
1996 0.1119907401326498 0.1163535827467511 0.04699999999999999
1997 -0.0709680127908648 0.1291311443256843 0.04699999999999999
1998 0.1995102319667253 0.0367756263328497 0.04699999999999999
1999 -0.1506320428173648 -0.1765433678813451 0.04699999999999999
2000 -0.1517478482813326 0.1767233961575 0.04699999999999999
2001 0.1234932725530482 -0.1194220186813939 0.04699999999999999
2002 -0.1726434240963103 0.1659830435638553 0.04699999999999999
2003 -0.1728723805373156 -0.1656580828899471 0.04699999999999999
2004 -0.2228823869684155 0.0354785706059538 0.04699999999999999
2005 -0.2266012619083509 0.00663365982318909 0.04699999999999999
2006 -0.1109118093147634 0.1596653154914102 0.04699999999999999
2007 0.1217405671429735 0.1064860928476766 0.04699999999999999
2008 0.2091128481152465 0.02702993223895724 0.04699999999999999
2009 0.01501549065031242 0.05844245148920082 0.04699999999999999
2010 0.1982482537335059 -0.02531818894887736 0.04699999999999999
2011 0.04935357188660984 0.05261739448301379 0.04699999999999999
2012 -0.2063838938141492 -0.1036888884755114 0.04699999999999999
2013 0.1997215723375989 -0.01363885338884992 0.04699999999999999
2014 0.156677756693275 -0.04585633998727225 0.04699999999999999
2015 -0.137452174567989 0.1629348610698182 0.04699999999999999
2016 0.1871091081480455 -0.0299419183585186 0.04699999999999999
2017 0.1581371692014388 -0.1025650550938954 0.04699999999999999
2018 -0.2041933867743271 0.05695169374973793 0.04699999999999999
2019 0.02824453792606394 0.07760018851328188 0.04699999999999999
2020 0.01577455450519118 -0.08719477759653886 0.04699999999999999
2021 0.0004999498275992144 0.08795075582890302 0.04699999999999999
2022 -0.1998536882002382 0.08258307185202918 0.04699999999999999
2023 0.01652687993980325 0.07271890344888998 0.04699999999999999
2024 0.1222457130010124 -0.1084301429149649 0.04699999999999999
2025 0.02573087633818017 -0.07714409974087177 0.04699999999999999
2026 -0.1996958691560311 -0.1225403097080752 0.04699999999999999
2027 -0.2103771125736108 -0.02890338184535121 0.04699999999999999
2028 0.2193088657394962 0.01570954101094836 0.04699999999999999
2029 0.2159842645303683 0.003562383039563068 0.04699999999999999
2030 0.09467178344914856 -0.1031257364698422 0.04699999999999999
2031 0.1557776062613113 0.0901076449961094 0.04699999999999999
2032 0.1656772086403693 0.08222032167577398 0.04699999999999999
2033 -0.1499562404178574 0.1658663887040867 0.04699999999999999
2034 0.1325345760960347 -0.1021433043112459 0.04699999999999999
2035 -0.2006382917330051 0.1221790004399976 0.04699999999999999
2036 -0.04949288628800377 0.1092381975263165 0.04699999999999999
2037 -0.02112515566393176 -0.06918090246374889 0.04699999999999999
2038 -0.1976210968165739 -0.09611363525219654 0.04699999999999999
2039 0.145060314006877 0.09964154650798414 0.04699999999999999
2040 -0.04789196336940758 -0.1055588962642644 0.04699999999999999
2041 0.05645671296507594 -0.04283864889770279 0.04699999999999999
2042 0.2036016555715253 0.004193424799545533 0.04699999999999999
2043 -0.1894880625561058 -0.1214624216099582 0.04699999999999999
2044 0.01518359339487854 0.08752617380891928 0.04699999999999999
2045 0.148368261840746 -0.1125749637337019 0.04699999999999999
2046 -0.2066708948599305 0.1027894980676243 0.04699999999999999
2047 0.05638278398377747 -0.08743545155524833 0.04699999999999999
2048 0.0417276749672949 0.08047542779279872 0.04699999999999999
2049 -0.2017795172105566 -0.08252589677185067 0.04699999999999999
2050 0.2179003677817589 -0.04033562245378809 0.04699999999999999
2051 -0.1084968229563505 -0.1608859505980209 0.04699999999999999
2052 0.1765176334700234 -0.07248949533409418 0.04699999999999999
2053 -0.07791667199477353 0.1400732551279408 0.04699999999999999
2054 -0.04446341760287771 -0.009056585227120044 0.04699999999999999
2055 -0.2136318859981449 -0.01488413316292528 0.04699999999999999
2056 0.2296540473946918 0.0195460994013138 0.04699999999999999
2057 0.2275037961115287 -0.002258854051146997 0.04699999999999999
2058 0.05734667179500823 0.01341949771443436 0.04699999999999999
2059 -0.147004904881823 -0.1676371540440083 0.04699999999999999
2060 0.0196577116819998 0.02363184615227361 0.000171127964532676
2061 0.02114903615993187 -0.0237889286572735 1.31941858748999e-05
2062 -0.1903915487271609 0.0003474105231111475 4.846383711010205e-17
2063 -0.02599992098617727 0.01379148286420567 0.0008845235258364906
2064 0.1887685540359124 0.0146260879828232 6.755651305918458e-05
2065 0.1593859101236419 -0.05219975980397169 -2.554191675357975e-05
2066 -0.02482973311816804 -0.03577322735524481 -8.571820718426132e-05
2067 0.05752816764283667 -0.05425457849867997 -0.0001493146648252411
2068 0.0803425857286901 0.001725346180153765 0.0001977957412371695
2069 0.1463198908272643 -0.006582279040673839 6.627423468816979e-05
2070 -0.07860604778900478 -0.03425129412275255 0.0001014748967979456
2071 -0.1158464834676212 0.01486759765661952 4.095978670527051e-05
2072 0.1078028237233088 0.05679977971931356 4.898108113598337e-05
2073 -0.0865123176725215 0.05797029462064272 3.288466440977411e-05
2074 -0.1170263882833967 -0.08888118116908506 6.259389150005401e-06
2075 0.1119041605580706 -0.05211817233988748 0.0001167659830712681
2076 -0.1092203750446308 0.1049957936146637 1.79737654395079e-05
2077 -0.06370748307617488 -0.08411217579573126 0.0001030082745915317
2078 -0.1465759016572284 0.05870593203569188 5.701211827425362e-05
2079 -0.1317333264182092 -0.03886952594759235 5.920673800585696e-05
2080 0.05640718569660592 0.05374040258344146 -0.0001419544318930002
2081 -0.1394130225107511 -0.1361138828487726 -5.161519390996933e-05
2082 -0.1613276230351284 0.1088576958165376 4.448921579693066e-05
2083 -0.1690259931943635 -0.08543491915391045 9.253955663013347e-05
2084 0.1553601688410395 0.05449224521654625 2.823240185029219e-05
2085 -0.03987209072131007 0.0670301896514745 -0.000106477152979169
2086 -0.07094670674354293 0.01022962945791576 -0.00226399318570903
2087 -0.1861171170610927 -0.04414249398599561 -0.002393108786022821
2088 -0.1325831235729464 0.1432515968369408 -0.002567673004004054
2089 -0.1874302904447599 0.04375549561846474 -0.00378007012921006
2090 -0.09655722818687096 -0.1274999022030258 -0.003717221507378698
2091 0.1892651052777966 -0.02547404096031072 0.006662116196535485
2092 -0.06876226302919965 0.09655843828805381 0.005935090429049321
2093 -4.797232058898187e-05 0.05908902065317689 -0.006266848557823432
2094 -0.1554908781973688 0.01976487790498499 0.006936340660929186
2095 0.1159646694028254 0.0183673884151647 0.007602452590783411
2096 0.006071478687322068 -0.06007492058169534 -0.007372225666624134
2097 0.1355939561566435 -0.08426671070193512 0.001410683327575818
2098 0.1330495905829417 0.08583151086403953 0.007971077645367039
2099 0.08583383537234071 -0.08161145282424717 -0.0001928175428917902
2100 0.04570018486843557 0.0007534908829343813 -0.0108608799009421
2101 0.1115879573791633 -0.01611657555732949 -0.009762127253783559
2102 0.08060524624342319 0.08105952319988804 -0.009570935291659928
2103 -0.1571899881331927 -0.01348386427615273 -0.009887716173896706
2104 -0.177507786870147 0.0768555264758118 0.01014253753244308
2105 -0.02962125132571775 -0.07176252953907826 -0.01006826830255927
2106 -0.1719393545086268 -0.1211000649621731 -0.009992045506077031
2107 -0.09226630036497303 -0.06548897661682943 0.01128166264700271
2108 -0.09772074597736317 0.1376313521772906 -0.0108761940215247
2109 -0.05112165520033638 -0.0153978468847796 0.01182191566232025
2110 -0.1068798802791066 -0.01699617081933301 0.01204483569050786
2111 -0.1163652684746098 0.0725538744689385 0.01182393984466671
2112 0.05297936374866263 -0.02280433105933026 0.01325277106651665
2113 0.08338181673908754 0.03456056122257504 -0.01190549856142286
2114 -0.04955697594362006 0.03584594045989929 -0.01218435937327452
2115 0.0007830717951664604 -0.0006503824050649331 -0.01347736357129498
2116 0.1427571978867768 0.0251432097659866 -0.01311375481097466
2117 -0.1166883876861006 0.04697145244348343 -0.01255953179099491
2118 0.0800988524780322 -0.03073730607967222 -0.01238494998047138
2119 -0.1418439936373775 -0.06899740169998285 -0.01284546143582332
2120 -0.1366182728489725 0.08887710368072087 -0.01280884013954928
2121 -0.05219910890449569 -0.05351676411589589 0.01221166016132159
2122 -0.1441837047364488 -0.1049470884294181 0.0129772408217368
2123 0.03108573547614514 0.06966257517074897 0.01438564686178111
2124 -0.1649389983371144 0.1401922701789257 -0.01300751809385951
2125 -0.1582544127366247 -0.05530673557455053 0.01363116459323202
2126 0.03066184005080973 -0.06894125501340895 0.01383603166564174
2127 0.1843209622397205 0.04484406512427207 0.01393609051655545
2128 -0.08915233180969871 -0.1003564083412061 0.01386127925466914
2129 0.1596952116026882 0.01973086808969933 0.01453430005326016
2130 0.1009087058120521 0.09358403921269655 0.01413690310496583
2131 -0.1040779883795608 -0.04898464316405093 -0.01461141473295033
2132 -0.01051077633586006 -0.01092896588364567 0.01521237962812404
2133 -0.09082534129965567 0.0293751662103506 0.01511775397799774
2134 -0.1373962274381609 -0.006084807505811058 0.01484271938463152
2135 0.13562423243371 -0.03688006421246758 -0.01565502922998324
2136 -0.006573288063219263 0.03555395283606119 0.01510402422051858
2137 -0.2032259614655088 -0.02497004487523543 0.01596701567571016
2138 0.1298364035448151 -0.02988063468069101 0.0154870174944073
2139 -0.08511616457384777 0.1230711070543565 0.01535959949911683
2140 -0.2034383560090051 0.02453341659336847 0.0152307563889302
2141 0.203957257654485 -0.008418581995833785 -0.01596970016689231
2142 -0.09442032332686311 -0.007068129236587829 -0.01595043747190899
2143 -0.06929656196249862 -0.1128546124487129 -0.01492974231613622
2144 0.05647585663506756 0.02234419180793115 0.01331825367970335
2145 0.02887293818261514 0.04970505675386534 -0.01545433084764885
2146 0.09610765273801003 -0.02872952137123369 0.01531279456500178
2147 0.1665488033536841 -0.02543694891857253 -0.0154867513896521
2148 -0.1345239519965587 0.1169404455951641 0.01552988641172715
2149 0.1138140704020946 0.09754801102462662 -0.01530258645649978
2150 -0.1259047489567374 -0.01169815845705448 -0.01545517329786156
2151 -0.1623221015591663 -0.1487552939259533 0.01672237441456508
2152 -0.08945460778245118 0.08554002417023275 -0.01558267093732093
2153 -0.1150211897989042 -0.1517800185621804 -0.01416787296771629
2154 -0.05164503758279441 -0.03047580514657149 -0.01594582697833583
2155 -0.00576706980461374 0.02951410201895165 -0.01660953046288147
2156 -0.06031382123676067 0.04792051161547423 0.0154452522841447
2157 0.1102725636556115 -0.09733813651651275 -0.01494315592651801
2158 -0.1275438298996014 0.03935164850468225 0.0159777282567123
2159 -0.09078116654537202 -0.08154464930878437 -0.0157586489252018
2160 -0.08970384160412043 0.03126190280432317 -0.01624677906550566
2161 0.04675997506208494 -0.02963511755347645 -0.0162060280819489
2162 0.0009802674340508221 -0.04073689098760467 0.01623355923270985
2163 0.0818432009778518 0.06350330882421354 0.01650148010145572
2164 0.03147978288946215 0.0002146037913119403 0.01666464313325397
2165 -0.168826541872917 -0.02599172197282561 0.01631297370134097
2166 0.1773574741196184 0.03897895304006231 -0.01608587539524169
2167 -0.1336991106659053 -0.1098808526110132 -0.0160469118118632
2168 -0.06664747067764402 -0.05783485533930613 -0.01647185941327149
2169 -0.1938287415389563 -0.07232728419307181 -0.01460052418505239
2170 -0.1480770898754135 0.0854942438654233 0.01605240931427083
2171 -0.1243755333636027 -0.06389190838787158 0.0168707251134861
2172 0.1310285703224724 0.04410407703902374 0.01631547603890022
2173 0.03476241332144538 -0.06701371733233194 -0.01693007523403093
2174 0.1321136746707323 0.06676318185951992 -0.01655332427264342
2175 0.1608414892715314 -0.02713666529029939 0.01680498504081934
2176 -0.1619390297700788 0.1490131307387162 0.0167628844157919
2177 -0.01428828802681028 -0.06782188552622923 0.01669571617844726
2178 -0.1940701042627453 0.07185089081362883 -0.01599913955046534
2179 0.1096215669393541 -0.09391434838345156 0.01633218667158733
2180 -0.1587786668001663 -0.0435213069412894 -0.0166142850679104
2181 0.2074315628145253 1.996670026834131e-05 0.01789204415693777
2182 -0.02787201222047857 -0.01070058109449841 -0.01739365289116029
2183 -0.1139302881039031 -0.1442777929850963 0.01621604583456685
2184 0.08791508209894369 0.02606407868874084 0.01715541686032446
2185 0.1586627426178919 -0.07732319044845785 -0.01717661676612654
2186 -0.1606348508050501 0.03777231879527179 -0.0172278631542486
2187 0.08291190784390035 -0.05633972437972486 0.01688735567375244
2188 0.05415960595689844 0.02904018278146009 -0.01746839424365777
2189 -0.0009565254464152899 -0.03302617951977936 -0.01769663202114204
2190 -0.2058735113136524 -0.02120514519841343 -0.0134049547200872
2191 0.06002018455801853 -0.08002465982223252 0.01643426436249953
2192 -0.1788189762925373 0.1246578959552806 0.01804923858375426
2193 0.1860837455929546 -0.04794014267979223 -0.0128362453748099
2194 -0.07165997057276834 0.12123246589369 -0.01231165405443393
2195 -0.1662785751608319 0.08429751011145416 -0.01700166377203225
2196 0.136228899518152 -0.05911342162607745 0.01776692747027425
2197 -0.1859235661064478 -0.06713022327632504 0.01737942854140315
2198 0.1660874325561672 0.006938768870370336 -0.01798528845269618
2199 -0.173629841896166 -0.1094385156508624 0.01778388380154875
2200 -0.06444857030052036 0.06869772421641458 -0.01760734137865417
2201 -0.1157655105818968 -0.1141815288872988 0.01711061137310159
2202 -0.1666993529086165 0.04535107184148187 0.0178133094166093
2203 -0.1297130548300127 0.1176205618201518 -0.01787660563002312
2204 0.1601854917170829 -0.07693514731440014 0.01671259162199662
2205 -0.1394572553880731 0.01686787992305955 -0.01797499533298483
2206 0.1022204736511181 0.01088202760891767 -0.01754268256531728
2207 0.1619653675786787 0.07580164757317732 0.01880126249648689
2208 -0.2064089067914782 0.02066854108899503 -0.01358326275714338
2209 0.05841163016496436 0.08120739229272074 0.01130471161546772
2210 -0.1627840559126645 -0.1494258726786155 -0.01320842763782365
2211 0.1838714508583521 -0.05266166224925538 0.01591635940621449
2212 -0.03748901880705622 -0.08701145521200102 0.01474853093721921
2213 0.1415533839778162 0.09344589480769953 -0.01962752107010399
2214 -0.01474267544738648 0.07411302827450046 0.01629260180306611
2215 -0.06033833972218315 -0.1090652561198548 0.0168701168043808
2216 -0.1857264967503204 0.1070300957836513 -0.0171710748222625
2217 -0.07917295284258064 -0.009342422840359381 0.01801229633032308
2218 -0.1092551785199627 0.1417487479128879 0.01713643386238149
2219 -0.01965482571982674 0.07673756524525695 -0.0188455305356163
2220 -0.04624009272907876 0.09331023358621654 -0.01474610740789907
2221 0.1723090907857165 0.06682301928197591 -0.01924459154062886
2222 -0.04987524213613297 0.01326350761011994 0.01790611382941806
2223 0.05946759458876484 -0.08192804260183831 -0.01266917419215555
2224 0.1164502517724283 0.0360558403357909 -0.01815808114735706
2225 0.04153046486195623 0.0757466620401369 -0.0121340440652371
2226 -0.1978563891286574 0.05832153534173972 0.01886440903985874
2227 0.0893410856199509 -0.05825450060419526 -0.01796718729466897
2228 -0.1705465124743955 0.01069728457610132 -0.01820168936439876
2229 -0.09369423338414881 0.08918250252287416 0.01859954028585632
2230 0.1295544753612748 -0.06469270240066702 -0.01857108442596195
2231 0.1758509840096553 -0.003220847088869567 0.01775295240410419
2232 -0.04235126177893036 0.09038952167624538 0.01812491505491834
2233 0.2091839283485424 0.01922471000262171 -0.01897336988279865
2234 -0.1886972914464661 -0.09998501297724138 -0.01931911414789983
2235 0.03572919425986823 0.04165446327138232 0.01511927049833856
2236 -0.1368207155390191 -0.1606472535159617 0.01628008946015215
2237 0.1001684609231302 -0.001341219949905965 0.01980094818465583
2238 0.03225079798305434 -0.04116792785580321 0.01953431627010697
2239 -0.02572067675415563 0.04924489658805269 -0.01888824022012721
2240 -0.04833490115792968 0.008554106291755254 -0.01892921543482435
2241 -0.104946015212293 -0.1055518280536273 -0.01907644030437255
2242 -0.03462401568979825 0.03662159735536931 0.01475942168653991
2243 -0.1305049941068178 0.1598919722052681 0.01995967038547409
2244 0.129737575764306 0.001846152400758911 -0.02041793624976058
2245 -0.1142914035250533 0.07376376879988357 -0.01935912532702069
2246 -0.10623798715359 -0.04338155120959266 0.01995365943364943
2247 -0.1901231765198512 0.1012224436396499 0.009296835989902845
2248 -0.07132365388592342 0.07290852964940119 0.02013998731281033
2249 -0.1711857479717687 0.00114688166401696 0.01957585559466954
2250 0.1278354667453211 -0.002976262529168454 0.01987631233119568
2251 -0.1583169424890977 -0.09923872614707176 -0.02080487262647173
2252 -0.1467226420380876 -0.07894755984814739 0.02052875939178524
2253 -0.113767058766191 0.1567131388709029 -0.0208268048347192
2254 -0.04493779297198122 -0.09427089736429922 -0.01902817176455782
2255 -0.1797568925459803 -0.024616403555365 -0.0202490863067879
2256 -0.1929269079638671 -0.0921735830396362 0.0104584844848992
2257 0.02376374569014858 -0.04283363429326031 -0.01837711614746338
2258 -0.1163393678301463 -0.07214577714157573 -0.02119787334943737
2259 -0.0680659027573149 -0.00969664270688592 -0.02095430399530605
2260 -0.07845641126896559 -0.1313768938565675 0.01831674769047765
2261 0.02408906772989039 -0.009372845426331614 -0.02166043582403623
2262 0.0909163326873122 0.05885202819646405 -0.0208799339985203
2263 0.007055010592542873 0.05845836289284197 0.01984829057828564
2264 0.01369788047262006 0.02539648747144488 0.02355748945901568
2265 0.2030107445594067 0.02653116201104449 0.02068115141910052
2266 -0.1392671830924929 -0.1612615365266935 -0.02116397366613254
2267 -0.0130786680196385 0.01255139723915657 0.02292687733065243
2268 -0.2106221252933777 -0.0001669023919577553 0.02115862392187074
2269 -0.167410548794426 -0.06846769903996423 -0.02042164105335715
2270 0.1082486158811716 -0.06777065141011732 0.02139141125660064
2271 0.0683834793790269 -0.008534669334627706 -0.02126987133560351
2272 -0.1024427876937392 0.05228207507994377 0.02180620083465182
2273 0.1161566435709846 0.07026991936917845 0.0214488360053577
2274 -0.2052089904730075 -0.04550602579266495 -0.02207832598076398
2275 0.1363519880461352 -0.09887839717299705 -0.02108803493888202
2276 0.2052010937877743 -0.03203398754141818 -0.02308475301561162
2277 -0.03320258860113666 -0.04838222702549549 -0.02162451555766262
2278 0.1070246249692819 -0.0388681068734384 -0.02198462729039819
2279 0.02857526952163371 0.01576296805689303 -0.02243628194642684
2280 0.1340200222476863 -0.1005663791888413 0.02131581362463392
2281 -0.09531876566730035 0.1133395897607199 -0.02071185406120776
2282 -0.1027626817496511 0.007042490391039446 0.02113762165566349
2283 -0.06905683292449372 -0.07093288109553746 0.02206309485886035
2284 0.06710892710732887 -0.002811051698445769 0.0221855636430738
2285 0.06350777053685336 0.06587939883009718 -0.02208981935381165
2286 -0.145035584721296 -0.03460752259741895 0.02187912873431992
2287 -0.1203153897130031 0.0961753121899704 0.02170431295951336
2288 -0.1517550053397524 0.1609055618995066 -0.004130194170030336
2289 0.1059525329018849 0.04374794824103901 0.02217296843852773
2290 0.007029226123728711 0.005575532806143804 0.01083447975587733
2291 0.01707339236557568 0.07244552078224828 -0.02091888181529562
2292 -0.07548855031924052 -0.04616759040468355 0.0225333915121414
2293 0.2130889898569453 -0.02015584344560026 0.00529614022696622
2294 -0.0292691762651868 -0.04769673439306196 0.02223616941667057
2295 -0.08111414586256285 -0.1337792764464059 -0.02268254385675917
2296 -0.1504330728396865 -0.1283869948253495 -0.02184570918481943
2297 0.06160853359828509 -0.04441968576576302 0.02253101823696787
2298 -0.1684728436256373 0.09923470245570774 0.02245165692614179
2299 -0.1722672538671915 0.05998910473049063 -0.02183523055122545
2300 0.01300960475368134 -0.01587223429893899 0.02237409887820697
2301 0.06524515934436145 0.04476973733793747 0.02223512720731285
2302 -0.1486740274997714 -0.1281259691452938 0.02211462946339224
2303 -0.05613990331147447 0.1114922998297574 0.02241201000982326
2304 -0.1546480734271349 0.1189435116305048 -0.02222900836852361
2305 -0.2049823235347724 -0.05041949550957728 0.01374394827401782
2306 -0.1280891237776085 -0.04981783947947958 -0.02241121800761563
2307 -0.1395232901413198 0.05047174038886315 -0.02274323844641313
2308 0.1554775920219431 0.04328444016829394 0.02268621266536381
2309 0.1226279197958237 0.1047895532021264 0.02153670752305118
2310 0.1599999261530761 0.08388529833675572 -0.00512927588055628
2311 -0.1060748625642177 -0.08359202243778334 0.0220728874994951
2312 -0.1167731216761521 -0.1277575039318635 -0.02200275044556213
2313 0.1361315878550216 0.02049426981640174 0.02318286337579426
2314 0.1995644599446455 0.03734097010269839 -0.004525241942801562
2315 -0.126602299985637 0.01517800877772007 0.02273840885935349
2316 -0.09535880664456652 0.0546195407617427 -0.02309712052661703
2317 -0.08906443316759691 -0.03059515737918273 -0.02223621690671644
2318 -0.2055851222418177 0.04491540637536709 -0.021822578615103
2319 -0.1795663410062408 0.02448158643030944 0.02256624904062632
2320 -0.02960492856008337 0.02471403826164894 -0.02222496776405348
2321 -0.136077436202341 0.06176110607771615 0.02232119785305974
2322 -0.1127502476322613 0.02461765129262475 -0.02255036275065892
2323 0.1471235348123988 0.04779669010014568 -0.02250581398208325
2324 -0.1805311209706241 -0.1328545990095095 0.02268884456733814
2325 -0.0701016746126268 0.04507012135864208 -0.02255317326886438
2326 0.1583118458283555 -0.05211249763607444 0.02391942530534364
2327 0.06678264974169049 -0.04902291698392641 -0.0225584441364445
2328 -0.1081159371072144 0.1176709769247265 0.02268811746461563
2329 0.08088882466805231 -0.09397279060632269 0.02173690369809853
2330 0.1642188581853558 -0.04830080926965759 -0.02359014570946471
2331 -0.2129753387124909 -0.0003993609241739339 -0.0237513910268676
2332 0.1121860046387608 -0.07679696223942682 -0.001320168360577482
2333 -0.03053342759461686 -0.02303811613621328 0.02314551322412922
2334 -0.115693096651548 0.09804555809039057 -0.02260770670873763
2335 0.07355795993058203 0.01531963770905109 -0.02347986643135264
2336 -0.1975961186055733 0.08235684677743187 0.02275619401586755
2337 -0.1856812208415181 0.0292808420825775 -0.02353569741230375
2338 0.1401304641430263 0.06588126399473151 0.02368063521770817
2339 -0.04695754998726285 0.06688979237417154 0.02335896574916984
2340 -0.0682763677406026 -0.08663202517910566 -0.02375058955852008
2341 -0.01222993806579509 -0.06105524773449132 -0.02377949771147218
2342 0.09513238927262911 -0.01244868955666669 -0.02332015555000661
2343 -0.183968109269648 -0.04349335940737496 0.02398240382220374
2344 0.1998239146164807 -0.01958435909360618 0.02545744495021238
2345 0.1517343077140163 -0.001431605240566201 0.02303778039532216
2346 0.1455765082040935 -0.01615958171349857 -0.02293811672430223
2347 -0.140601679045408 -0.02913287123892517 -0.0235667905557798
2348 -0.169883347817586 -0.08474589480563945 0.02422783116362106
2349 -0.06935272831831368 0.09856578585711212 -0.02230148727767273
2350 0.1766024832279267 -0.06814796288784913 -0.004381621424469231
2351 0.008506847286195768 -0.07582273542070164 0.02320963760867434
2352 -0.1380705841695268 0.1547425910522007 -0.0235375946901345
2353 -0.15527458864273 0.1266801623938345 0.02333425029076111
2354 -0.1842688373686792 0.1280714338353628 -0.005194113488788552
2355 0.1784627626710386 0.06609416821081296 0.004088927356455778
2356 0.1818662599203554 -0.007197123277376715 -0.006878878740497179
2357 0.08534136715295686 -0.09632884699031966 -0.02132153590295351
2358 -0.04134470168739122 0.0668053655836158 -0.02414617242071412
2359 -0.2149482938073169 0.002857888483405873 -0.001147609739390638
2360 -0.02056457277838958 0.05361008847462911 0.005086358838604035
2361 -0.07126106028356305 0.03426641396647004 -0.001077382133288503
2362 -0.1410350242903275 0.03572809018375554 -0.003399830961404907
2363 0.1091611973012605 0.07398376413120619 -0.01673950274307254
2364 0.1124197463264562 -0.04418729239815612 0.02399039798658525
2365 0.07713849747373509 0.09388950809929503 0.02218070711535397
2366 -0.06819860710196418 0.02119569673312061 -0.02339481165540341
2367 -0.07364048389294714 0.01379140318205357 0.02133419442900754
2368 0.1073915596634113 -0.07265718704581611 -0.02445511495658895
2369 -0.09622079886061501 -0.1512683235484642 0.001168521317764295
2370 -0.00781666204405803 -0.07923498895422976 -0.003395607607756005
2371 0.1860059441532645 0.01835050734177929 -0.0240498733202171
2372 -0.1603099708204896 0.06711445082761872 0.02460186341555487
2373 -0.1337107262297346 -0.08783348328001329 -0.02461948523445958
2374 -0.1084575730793807 -0.02639177356380343 -0.009514980896437059
2375 -0.1891069099010002 -0.00307728782426373 -0.02340853698852353
2376 -0.0872120552394955 0.1459984338980199 0.008904631307317244
2377 -0.1277809199775452 -0.09239290410114666 0.02422879611110279
2378 0.0756499574909332 -0.01991504031231384 0.00794997872232708
2379 -0.048829066340351 -0.07148032580484832 -0.02378561665015831
2380 -0.1803151933148065 -0.04771630278812851 -0.02479728190674363
2381 -0.1229162900712786 -0.02787279541960986 0.02505368456188443
2382 0.1483968745587026 0.09473662916644215 0.02390294686141868
2383 0.1811677834956851 0.01875136944995312 0.02375797685985876
2384 -0.1481923639385572 0.03298628641726116 0.02466329491925639
2385 0.1267322582572323 -0.1060635733888894 -0.0004503457476484835
2386 0.007644878399741061 0.04679293462961066 -0.02439733926377137
2387 0.0923837880438413 0.101121660841314 -0.006400503892373005
2388 -0.1809768543984271 0.02163173614507438 -0.0004943709520293851
2389 0.1905384431924343 0.05490558134699646 -0.02548089759730557
2390 -0.02662202114269493 0.0873488221184415 0.0009314575978640448
2391 -0.1156716972798149 0.1273984383426081 -7.996949349542929e-05
2392 -0.03085228277057281 -0.0008391429710798582 0.01774916259882077
2393 -0.1479096193376074 0.07204205568903715 -0.02405199427671533
2394 0.03609394132085422 0.02101710141648646 0.02495146133086813
2395 -0.1156323506751461 0.1583341849605418 0.002232943159528543
2396 0.1804743160075943 -0.03290495080281284 0.02584319803282821
2397 -0.2097426580533425 0.04185199269821079 0.00147019491344479
2398 0.0945875255326223 -0.1030748118932034 0.001190219413799857
2399 0.2153130010565121 0.01969279977022125 0.002875401399266521
2400 -0.1503915996896946 0.1290956293002961 0.0009659343516559005
2401 -0.1154071362727793 0.1341373777847786 -0.02526492075596913
2402 -0.1341969472139407 0.137797035180717 0.02527477297524364
2403 -0.1447410865017522 -0.09023534191746366 -0.004633407256314864
2404 -0.09368183838571084 0.009124753358248064 0.0002214367996822911
2405 0.01067318323513354 0.07629162001560305 0.005263706967143619
2406 -0.08968210190949094 -0.02843344078437481 0.0248124286457931
2407 -0.08760935978696029 -0.06090547763012538 -0.02508438095879632
2408 -0.05297916739244952 0.111712066505321 -0.002116086603143845
2409 0.01609783965583204 0.04596608429985193 0.003055934839230114
2410 0.05118874173123284 0.06322144444157031 0.02419799624698846
2411 0.1017253243975852 0.03496469565840266 0.001477303920705879
2412 -0.1900634211693375 -0.1134911721483611 0.002097770674406282
2413 -0.1857730608242272 -0.0218191694401468 0.001778342608493961
2414 0.1277105256298948 -0.07900840085729825 0.02463920736562051
2415 -0.1796366178657191 -0.1377662433496551 -0.02449460543748216
2416 0.1862693142883046 -0.01998249686380601 -0.02487940090220967
2417 -0.1604331904594088 0.1589809565084132 -0.0251449120617183
2418 -0.09473789950327548 -0.1524799307182637 -0.02520026341434578
2419 0.03503883264234369 -0.05127521208325657 -0.0005880333788749366
2420 -0.08128201105169944 0.04654953714362356 0.02668405449873028
2421 -0.04011313661807663 -0.06727737331790128 0.02548206493401333
2422 -0.1000317507103441 -0.128583344182626 0.02531468948022044
2423 -0.1858049845639656 -0.01474544200194949 0.02584260133249702
2424 -0.07794177825205764 0.1040136381756941 0.02522717251907695
2425 0.01972519516730526 -0.07778097518797429 -0.003892149784028175
2426 0.01039328406153569 -0.07465338871550618 -0.02493397557774442
2427 -0.06589449205001803 -0.02604207764091272 0.02490515367320548
2428 -0.09120230033215103 -0.1499467892968846 0.02374894961731001
2429 0.06853608771072102 0.04424227940470004 -0.02580126878804154
2430 -0.07880699688972154 0.1398724586649711 -0.02405573141297663
2431 0.1319089483927534 0.04692427630566651 -0.005973952187948325
2432 -0.01661202765867789 0.006867545271299021 -0.0251791186424046
2433 0.05954530282337979 0.08908444885823438 -0.009781582202213954
2434 -0.1120698070904732 0.002510547416612966 -0.02576045241777384
2435 0.0489114885637923 -0.06266834240729564 0.02518924700836414
2436 -0.1504865926780266 -0.1647718339689237 -0.001566355737144095
2437 0.03358031294357376 -0.02082267879172854 0.02658213249158703
2438 0.1610127568574682 0.02724992404429687 -0.02587395814007956
2439 0.00408245333285551 0.07904007205699343 0.02563320240367117
2440 -0.1508742035810557 0.008163431078073227 0.0253563863836679
2441 -0.1109311365269871 -0.06504140820615388 -0.000819262316829902
2442 -0.176321122422915 -0.1396756605055591 0.001758535676439126
2443 0.02323832766390858 0.002439251595292083 -0.00337693892605545
2444 0.04342903759335331 -0.08197165381784978 -0.001768837319148816
2445 -0.01530245584140744 -0.05590849694754771 -0.002219748838744642
2446 -0.05663415693711199 -0.0890533109278603 0.02605954102262646
2447 -0.08701699864550377 0.1076434703379909 -0.0007319301554240421
2448 0.1517540280372617 0.07407974608224459 -0.02456776714870892
2449 -0.02136960165726262 -0.03013726537726811 -0.02575274783192923
2450 0.200850507198139 -0.04178754544390469 0.02572067550712127
2451 -0.1442461928813799 -0.003629501605358255 -0.02496264756110733
2452 -0.1688841754622792 0.05884981389338732 0.0001864253088293646
2453 -0.1534675632268239 -0.03205993137360001 0.001567532279237938
2454 -0.1184780186393124 -0.1284627074372729 0.000211663849903056
2455 -0.2042325018296134 -0.07105241175100234 0.005153328314517307
2456 0.1132813947425723 -0.01878343265124634 0.02502583205150703
2457 -0.07052933916187513 -0.1318794137821608 -0.002823843457852098
2458 0.1314027611513696 0.1056389290233849 -0.003231339246632051
2459 -0.08787188484367933 0.01150531707870455 -0.02592475255049797
2460 -0.01071254729164197 -0.01756202127568962 -0.00565249895677301
2461 0.1565889175893066 -0.0909796289335338 5.397444242835614e-05
2462 0.07829526669838996 0.05429154544815552 -0.003294654464268485
2463 -0.1091752916780388 0.03534606090185491 0.004544892349880335
2464 -0.1276039509999064 -0.1661377856779619 -0.003039020690436451
2465 -0.2011423853238168 0.08397704380480185 0.001032273401387312
2466 0.1605899411899583 0.03323997796973964 -0.002911461335559535
2467 0.1784203295688418 -0.07072304850385552 0.02584127313695513
2468 0.1793546413341058 -0.06447547526321057 -0.02621093024328335
2469 0.1498141759870423 -0.02792138106360056 -0.00188027493827503
2470 -0.05047087660903845 -0.1092521628268916 -0.003274836434687777
2471 -0.1100615391633904 0.02920713603198212 0.02551239990992316
2472 -0.07271230866325563 -0.05832737200599816 0.004550343171142109
2473 0.007354172674239136 0.01540005524666541 -0.02630999304528468
2474 0.09140290302247651 -0.04432252745362025 0.0006143352466105922
2475 -0.05935951124720616 0.0770223228115982 0.002125543231007995
2476 0.0411597487527226 0.02031950787859724 -0.002178426003407071
2477 0.1247118588628931 -0.02135603502709107 -0.02631703923914239
2478 -0.1737927400108132 -0.06224510286100211 -0.0003099199550678673
2479 0.2013579984423225 -0.04274683911983351 0.00163934328625099
2480 -0.08448257895592146 -0.1012889450462746 -0.02575036692212754
2481 -0.1190631147533411 -0.006294581280014672 0.0265236287447784
2482 -0.1515826315394603 0.09766725930029312 -0.0260578896122584
2483 0.04503388121219987 -0.0495276288647907 -0.02525183436464282
2484 -0.07508829715860052 0.1393252182629478 0.02555099943295363
2485 -0.06917285330261963 -0.03846950981197676 -0.02597109921597333
2486 0.1362781149283982 0.01235787530172408 0.003116732259066981
2487 -0.04043354228883914 -0.002244234554630726 -0.001794078220643895
2488 -0.1516401632300609 -0.1182527843604761 -0.00258945899024276
2489 0.1822078718335518 0.06729354573891155 0.02555182609605878
2490 -0.0519606720902528 0.1116573382403106 -0.02544145654907427
2491 -0.1273754527480731 -0.1302728476693339 0.02605914753300784
2492 0.09610593454137634 0.07468566565698678 0.004377602057420612
2493 -0.2098370005853538 0.04189516876271138 0.02681564337956096
2494 0.01593882721467443 -0.05534254932709769 0.02241570389225436
2495 -0.1333819778513426 -0.1410322480988333 -0.02647929224852008
2496 -0.1754746532949474 0.1252149535562122 -0.02508762935896695
2497 0.09602243784299221 0.07647817089530076 0.02650754756761629
2498 -0.1545152899202789 -0.01305936657588508 0.02589952141620919
2499 0.09475092797476252 0.08892167824596195 -0.02493465386915772
2500 0.04800536657665921 0.05114202476162034 -0.02550858211055251
2501 -0.06902724341852752 -0.01497917932299086 -0.0001124163048443875
2502 -0.1908642819085123 0.006568646310720197 0.02640089655913042
2503 -0.1457423355502039 0.003190980366889452 -0.002645769103986706
2504 -0.1479606657046938 0.1042669187142263 0.02656896892628585
2505 -0.1095353614955658 0.161869920437529 0.02540147805506606
2506 -0.2017990867236275 -0.07940735519828401 0.02555522986966372
2507 0.06852943286676241 -0.0945334682938571 0.002602376869204511
2508 0.1383033332168612 -0.053546737196107 -0.002679085319575354
2509 -0.1412834829717503 -0.05514682853936598 0.02672119733043995
2510 0.06260766029129745 0.01283614183775314 -0.00505464720824657
2511 -0.04740820239242167 -0.01207762020185585 -0.02603377369288107
2512 0.1161928296889444 0.05599850482490289 -0.02621204628095198
2513 -0.08008838490667802 -0.09685925992391761 -0.005244571297367314
2514 0.08859537770914172 -0.07456704464375435 0.02667744518168114
2515 -0.09765812715535577 0.0762254862435333 0.001940507040945738
2516 -0.08528082916725198 -0.08394053269316892 0.02698138203186901
2517 -0.09450129976435388 0.1529466900017939 -0.02737960598877694
2518 -0.05759221527234097 -0.03436891961503116 0.00426272996717642
2519 -0.02923457034877362 -0.09254158055765385 -0.004373068771490097
2520 -0.2059214920315669 0.06288689644298842 -0.0005023401181602038
2521 -0.1294974266420441 0.07046401116247017 -0.004814482012106842
2522 -0.1402374671850435 0.1072036233751435 -0.002547731679069621
2523 0.1281989447887791 0.0652648220236693 0.004454192141245039
2524 0.09798729829270464 0.02967013163075883 -0.02658074037759399
2525 -0.02233745588414032 0.03430435256727115 -0.003956396884351831
2526 0.07335394462691956 0.0954283269799743 -0.02624225723767643
2527 0.106835771460247 0.02296579582715037 0.02615003795597492
2528 0.01564100657636058 -0.04386818453737913 0.001687866950549993
2529 -0.002636408809652817 0.06615890426717214 -0.02626395817674059
2530 -0.2115915237009906 -0.0388278455656417 -0.002873118953601249
2531 -0.02469143167872112 -0.08713479077131185 -0.02572186864645837
2532 -0.02844464096604523 0.05486748185742269 0.02581343420456825
2533 -0.0912776798000815 0.06970052051924948 0.02685691471857525
2534 -0.04937031147919875 -0.06855411001176108 -0.002658016816628069
2535 0.1540527983779889 -0.09504968248921628 0.02618306714186819
2536 0.04232824578139799 0.08457066165163324 0.02561049888778223
2537 -0.04722806627496193 -0.03629553932297103 0.02376922927141592
2538 0.1110249629952615 0.1087697039597137 0.002801007088550414
2539 0.1485246204561428 -0.06187519366456813 -0.02733360199674536
2540 0.06837798143070353 0.03651077068168814 0.00295493557813308
2541 0.04699144110600324 -0.0119301217377906 -0.02765645642903473
2542 0.1720027368208025 -0.03581654244431869 0.001625809378273307
2543 -0.1682322062993256 -0.008305516157726629 -0.0271381162640442
2544 -0.005828350226721787 0.01941391545307324 0.001754663923935475
2545 -0.05629443497086274 0.05433534723298961 -0.004340428906501839
2546 0.0849557173011946 -0.014464113027022 0.02599802094626411
2547 0.06044232961626081 -0.006784047430149013 0.001988028697137472
2548 0.06193069100654484 -0.03380720129472334 -0.002263617340546363
2549 -0.007021185074995611 -0.01506974724061051 -0.02629845762927864
2550 -0.06037717744866679 0.0297126397099226 0.02669940399744071
2551 0.006035783984059979 -0.0508887386482201 -0.02626772194686693
2552 0.04030953606259883 -0.01673622893099952 -0.001657272224608937
2553 -0.1402114458407774 0.1338603354561244 -0.02659877608494301
2554 0.07299089707226064 -0.0665659789549973 -0.007535699836586643
2555 -0.1199316835064222 -0.0309489827997217 -0.02643724845139455
2556 -0.06171708538951025 0.09058533716699194 0.02649750083691552
2557 -0.06464534207892872 0.1262196699720283 0.008979255644876307
2558 0.1551267872824711 -0.09450919701978697 -0.02727786175857524
2559 0.2168016333743246 -0.0007097881194000208 -0.00139785030924263
2560 0.08564671029828801 0.0458533108929969 0.02733952172594225
2561 0.05300756268720076 -0.06872402793577753 -0.02754387675788833
2562 0.197758450230735 0.03543773949450851 -0.02512543046318513
2563 -0.1536754498259355 -0.1639219471704846 0.02779063973030822
2564 -0.1171129235581238 -0.1639807267342256 0.02541636262873193
2565 0.04812333094656864 0.01227804133375409 -0.02768856548426023
2566 0.1306981314716599 -0.0199338882431648 -0.002684085129879883
2567 0.09549949256774094 -0.01221846009760633 0.002754416323162142
2568 -0.07828681592821291 -0.1123888407320997 0.02705711490041323
2569 -0.1397593912843704 -0.05755723177748688 0.004394635956753238
2570 -0.1258063494818209 -0.01933872094781327 0.003845936653834228
2571 0.09634765052083681 0.01477969740930807 0.00195005213485976
2572 0.09672279185849321 -0.1062388045755845 0.02670367904115825
2573 -0.1060753597778379 -0.06301560548259004 0.02649836434692879
2574 0.1280006385295341 0.0213807241819441 -0.027219043132154
2575 -0.1509446984477444 0.1661318875838752 0.02505407772157311
2576 0.08361878232644072 0.008549514986868002 0.02726665639414688
2577 0.120370790390603 -0.0006290939448252986 0.0007422626667228805
2578 -0.1320068901205688 0.1668535169290408 -0.007601135118004042
2579 -0.1518660691350987 0.07854786671631658 -0.003169759676247947
2580 0.1475891257190754 0.01024879151470817 -0.02662943938095311
2581 -0.1849408879964731 0.08795038267525954 -0.02602095492719556
2582 0.1129483667702736 -0.0317704127991429 0.003691853675499477
2583 0.1441478691774395 -0.02034050177522026 0.02716015940859355
2584 0.0363332342486805 0.03428214241028089 -0.02679580045260162
2585 0.08111410839134123 -0.03791203845459967 0.02679724627952868
2586 0.1409782481041582 -0.04188741743498348 0.02780899296327204
2587 0.164068047034314 0.003704792679703158 0.002293933395797405
2588 -0.1049924000972799 -0.1056494865901544 0.001626360921177298
2589 -0.1227311578212241 0.08966195106502824 0.002344072625668064
2590 -0.02359504682084224 0.08953653930770161 0.02710717697547425
2591 -0.09671401413536736 -0.08411038314983015 0.003766564670871533
2592 -0.006974215316532814 0.08258748647150381 -0.003554617988121708
2593 -0.09457119678851841 -0.04669021983987343 0.00341490522976217
2594 -0.0893908975395582 -0.01685937545449894 0.001346320409431613
2595 0.1095638223287062 -0.003755258815925132 -0.0283831549513319
2596 -0.1068643148249443 0.057043025819353 0.002357524486171768
2597 -0.1308648289665936 0.03260898488216212 -0.02795466155272235
2598 -0.1793628317739347 0.1448910797466286 -0.02822669457867528
2599 -0.1699138587452558 -0.0001935389559672984 -0.0008428714971865908
2600 -0.06066399417916213 -0.003004121595559583 0.02607110129553559
2601 0.06487147023387187 -0.02839496184548731 -0.02636073535277532
2602 -0.1106826414738497 -0.004570147534276276 -0.003771605374640915
2603 -0.0356695489214474 -0.05333132532051505 -0.0001386626336226347
2604 -0.1944219561275773 -0.1096446157703155 0.02264511112555064
2605 -0.1853240418428639 0.04386080402617224 0.02646013633475818
2606 0.04084710160819259 -0.08382653572882479 0.02605607809659043
2607 -0.08252321239763892 0.07013976532788264 -0.02735230132683271
2608 0.1139196673501238 0.08428031924292434 0.0004658976103663927
2609 -0.1774891239003277 0.1463827776251733 0.002766084835245029
2610 -0.04288454739174569 -0.1044729820352057 0.02696540051218067
2611 0.1504431000991833 -0.07045108761888946 9.506653645314123e-05
2612 -0.1741724466981866 -0.0871108502474469 -0.02738727771846205
2613 -0.1526710671030547 -0.08075595445117832 -0.02744361376118094
2614 0.1244919325366793 0.08386155173008028 -0.02690067036945563
2615 -0.05292853306351657 0.03058225348188588 0.0073504667440426
2616 0.1249991759216427 -0.08284556923337343 -0.02691364565508217
2617 -0.1825864709145003 0.08947831527963292 -0.005716811569117766
2618 -0.07652040599579404 -0.1140531694333421 0.005323901974029585
2619 -0.1631278666078504 -0.04168808436774779 0.02795443964326013
2620 0.01563113435397977 -0.03463877031841311 0.02803435769007079
2621 0.1494742578414229 0.09901959511553922 0.003869998505829775
2622 0.07435760313109419 0.09661972441062236 0.002116670254894926
2623 -0.1322054739470376 0.08090916701987154 0.02785747472058834
2624 -0.1511406857195789 -0.05872939237794662 -0.02769998383160346
2625 -0.04948412628523291 0.04857084164387443 -0.02806425353118843
2626 -0.09375143497271059 0.1493284377657781 0.02783899716527168
2627 -0.09768921502135135 -0.1227923740007186 -0.02719480842450571
2628 0.09662462654433446 -0.06492807735475574 0.004454517847220621
2629 0.04863771100233612 0.004843755566798416 0.0270287589043957
2630 0.0156015301363407 -0.02671879360320041 -0.02711682977507135
2631 0.1240962762751801 -0.04776656818485354 -0.02823702576225062
2632 -0.1541144152087058 -0.07203335550266421 0.002982666696576918
2633 0.1433541888244595 0.03081081121999267 0.007369294512109039
2634 0.169090535758811 -0.01009613939514415 -0.02822391995194251
2635 -0.01962362919677195 -0.08609154431894167 0.02656544624986653
2636 0.07045661258190487 0.02574242287246025 0.02799262705168075
2637 -0.05233973771166212 -0.04946608920564584 -0.02803944961142539
2638 -0.02098085547849645 0.03028399963845857 0.02806198066457394
2639 -0.1544005994988027 -0.09697200459088944 0.02843341368198896
2640 0.2002399075635024 0.04598202747626239 0.02704210806045235
2641 -0.1907860957837277 0.1107614523606243 0.02766296414066682
2642 0.01907337550144852 0.03230110053610961 -0.01750876950178461
2643 0.1169121593688377 -0.1105358847679882 0.02716549004999798
2644 -0.1735933037916481 -0.1108696955670164 -0.0274790488691402
2645 -0.1901260530284618 -0.1205946502659335 -0.01979047619376244
2646 -0.2133277672613779 -0.03752886968978244 0.02823007509885523
2647 -0.1324743781126245 -0.07641655885797187 0.003352382609311032
2648 -0.1790738483506009 0.1433972411948131 0.02754626909787438
2649 0.06869553357583306 -0.0657157250577861 0.02770426982650174
2650 -0.1350150756681598 0.0184295649406197 0.004807994795682006
2651 0.06959055270935995 0.07563759705569176 0.02750553096992912
2652 0.1272871558403283 0.08603494726119389 0.02729281215723761
2653 0.1928680680802745 0.0561709200121739 -0.005640908785732392
2654 -0.105464632244181 -0.0875880417534954 -0.02809329492543317
2655 0.002899069065057307 -0.02335343561211721 0.007279233171628582
2656 -0.1270397303595135 -0.1061267412653779 0.002545675367390119
2657 0.1901362573481365 -0.0007108875614668404 -0.02805216760083217
2658 -0.1564106156953155 0.02123343310010355 -0.02770377684572376
2659 0.1279516717578102 0.107823735873903 -0.02743822139204954
2660 0.2182816009573876 -0.02134400314152386 -0.01342200921509362
2661 0.0872978970359496 -0.07661944338047613 -0.02722300994611192
2662 -0.2015549960523673 -0.08965544809778318 -0.007641379179594034
2663 -0.0298721287930766 0.09263676920807341 -0.02762833958453488
2664 0.06648493755941183 -0.02196904148664665 0.02803619316017505
2665 -0.1601066119577932 -0.02657368489911554 -0.02713882505041499
2666 -0.03920711679028901 -0.02215922268355492 -0.002713700917902258
2667 -0.003796984698092024 -0.02506245801429251 0.02731710473245472
2668 0.04289616279478278 0.03995953077933763 -0.005158641745316042
2669 0.1475203642766235 0.07217925738704599 0.005352720613280995
2670 -0.180551034536791 0.0656019467602981 0.026919115675265
2671 -0.05725866877173003 0.08386091257692393 -0.02856967799834743
2672 -0.1011827955127789 -0.1066709224336398 0.02848240733680915
2673 -0.1688216137874708 -0.06504932326419163 0.02754062362662615
2674 0.05293371547733219 0.08207171607517286 -0.02735529996120809
2675 -0.1908049979192871 0.05659944734363374 -0.02850153563535144
2676 -0.1647839085682884 -0.1258308800233332 0.01046307914050632
2677 0.03458785562793287 0.06582851334343998 -0.02813576752111693
2678 -0.05162998390259325 -0.1128932037459655 -0.02667367617477838
2679 0.1508222561777285 -0.03449742137443632 -0.02802483023856902
2680 0.1733514148193914 0.0365075588859674 0.02834366036371429
2681 0.1663925550936295 -0.01582750368612496 0.001686401575341038
2682 -0.1040995308029716 -0.01920112837767286 -0.02823947473250083
2683 -0.169266248115763 0.1065647073488746 -0.02840648297011274
2684 -0.1327618535757574 -0.1112528813047839 0.02794780354276656
2685 -0.09702616807809002 0.1566627289445613 -0.004843854464019744
2686 0.03974627786933722 0.08527908973150308 0.005364727509317112
2687 0.1035116243486047 0.1085958940451534 0.02782288085532755
2688 0.02452133180982586 0.06531300292926781 -0.003894503478515991
2689 0.2175584284942879 0.002273692788209905 -0.02715180191894187
2690 0.120300204197809 -0.1096364597037015 -0.02790947176640887
2691 -0.2013049342508977 -0.08614272021739734 -0.02795907919355535
2692 -0.01067184609149795 -0.05181895499714098 0.02792021093046916
2693 0.0880747829559881 -0.04088451243985433 -0.02742373383562817
2694 0.02572839454029098 0.05471230416793625 0.02723263109940744
2695 -0.1661386590890669 -0.1050213115943506 -2.147831216214868e-06
2696 -0.04956291033307395 0.02547935983244757 -0.02893781312063416
2697 -0.117565848901745 0.0626720416535252 0.02871449737256157
2698 -0.1666140720458913 0.03487891185851029 0.001228058800289589
2699 0.016674294201838 0.006500874025017246 0.02788605157856916
2700 0.1659621408915335 0.05017718651321901 -0.02749730864774742
2701 -0.1221310416486099 0.05793604269208155 -0.02788152047515949
2702 -0.09685383093172738 -0.01046133671107121 0.02748298174137015
2703 -0.0784693348376358 0.07577280910975068 -0.002474268953444872
2704 -0.1091034892764808 0.08128459377881851 0.02782045529113355
2705 -0.07316745448352006 0.1392120354500277 -0.003641442860635489
2706 0.1765627552364944 0.02816701983692578 0.007217248433197264
2707 -0.03813581515044515 0.04749048530206303 -0.00122831614583324
2708 -0.2161511950166057 -0.01665039233176796 0.003151891086400132
2709 -0.1236196993262446 -0.0471020798023749 0.0278265782605146
2710 -0.2007508620250352 0.09421322103053699 -0.01589958700782883
2711 -0.1444743901960638 -0.1465324751001641 0.0276496718472937
2712 0.1976338788792112 -0.04939803920869884 -0.02885193814327287
2713 -0.1139204611920035 -0.04615681671289415 0.002374148022594658
2714 0.1986687820898559 -0.007670075700548045 0.002546956260242209
2715 -0.0953958861142747 0.1309545515284951 -0.02902690237929817
2716 -0.1288397746302673 0.08199063905510315 -0.02916799827819645
2717 -0.2089955387006091 -0.06080063652931473 -0.01067458716842508
2718 -0.1644482001712213 0.09049522559895921 0.005572610050011156
2719 -0.128438821779365 0.05235883587405069 0.00175975712782208
2720 0.06546227972648283 0.07061256373508949 -0.003360198700901858
2721 0.2171953029236912 0.01442401114744689 0.02734969404793086
2722 -0.1794955706168967 0.08480837799658675 0.02920491960414334
2723 -0.08473566014050642 -0.06190711601600367 0.02862579020706705
2724 0.1676348040809748 0.08544860965563028 -0.02309799929104423
2725 0.008425624210650174 -0.01771999722751647 -0.0123309346438831
2726 0.09927644426500358 0.108197640587459 -0.0236114237051006
2727 -0.1213372757328942 -0.1020717776476372 -0.02861744888769274
2728 0.1197394871770678 0.01527079089314245 -0.01098199185267888
2729 -0.1118030674391101 -0.161180010177233 0.007003015283044782
2730 -0.2169749695262175 -0.01750551795828663 0.02783083755875437
2731 0.2182830884111839 -0.01495072589533286 0.02301865281355445
2732 -0.03083756734432787 0.01414911893713227 0.02934614547059111
2733 -0.1868603050884625 -0.09290097610140073 0.02886838358148296
2734 0.1455978353937404 -0.07222397948639317 0.02893853066269837
2735 0.1676726878502384 0.0573756216580242 0.0175506235650767
2736 0.08177872042858465 0.0746103827869684 -0.02799638152330032
2737 -0.08052996809016479 -0.07495790037601799 -0.0009456759666001925
2738 -0.1589957727000866 -0.1647284034606843 -0.02678440269018887
2739 -0.05232121469011618 -0.04805230287359754 -0.008176501554044327
2740 -0.196684299731747 -0.02930836683420912 -0.02840247176387851
2741 0.005097098773833759 0.04170092507193697 0.0291388609736945
2742 -0.2101179896876486 -0.06249486775901932 0.02739839662627122
2743 -0.01163908602259162 0.001351887214878148 0.0007589909730289144
2744 0.1467571274105743 -0.04232516715799953 0.009878605439834388
2745 -0.1945495120458633 -0.05980247613185632 -0.02907938917489019
2746 -0.08193512089584469 -0.0463288470677602 -0.01423300855243869
2747 0.1802268636523505 -0.03823234155715132 -0.02886448508719439
2748 0.1228628492155337 0.03271286761664389 0.02913519219756888
2749 0.1299825215189538 0.04319998104907649 -0.02962219179926186
2750 0.1911655060792155 0.002575859533585468 0.0285377130403386
2751 -0.1083613035137618 0.04200365479839277 -0.02894121759411926
2752 0.02308578154165907 0.08263504893585083 0.02631150523605745
2753 0.04955311350388524 0.0345768100230464 0.02633208536846344
2754 0.04832804748533547 -0.04079049636639841 0.009506983391914347
2755 -0.1713739143639567 -0.03233478767970779 -0.00496646988658417
2756 -0.06144911604913982 -0.1260215145980435 0.02767881489399799
2757 0.09299511674105804 0.04973824353772054 0.009633953304474564
2758 -0.1028899919958118 0.08551993625366018 -0.02908095567907526
2759 -0.07223838333100285 -0.09166893822151867 0.01540154737422243
2760 0.041956247429804 -0.08528638632628754 -0.02274582303858323
2761 0.0588684643913029 -0.09201431321745916 -0.02908014215856318
2762 -0.01055971483057489 0.04334813214636308 -0.02878073379393992
2763 -0.1348132198666067 -0.121362753641826 0.0110114106982689
2764 -0.03430900908879597 0.00202814541244915 -0.02983741789604862
2765 -0.1326450697288486 -0.06687629958052103 -0.02926507893740494
2766 -0.143442900471657 0.148210401614031 0.01227662536932703
2767 0.1009721120167153 -0.1080795427868615 -0.02905001667164417
2768 0.1656022827150133 0.009684425881843853 0.02937361032133435
2769 -0.05224417098904688 0.01348499763797346 -0.0009721846427680446
2770 -0.1333093069125873 0.1021655914185441 -0.02822300440891668
2771 -0.06042644047232583 -0.05560448516547788 0.02918617238351844
2772 -0.123669518980939 0.02999781009905256 -0.008113083336501212
2773 -0.1506261774644414 0.0513441560020186 0.02835030780194195
2774 -0.03144065426432038 -0.06999958622175209 0.008778677257571223
2775 -0.1873445433663614 0.06202002893805551 0.003457907596351388
2776 -0.01659558610100472 -0.03398254442166783 0.01676070531662123
2777 -0.1037955309426848 0.1006115846902621 0.029802571328748
2778 -0.03020489663189969 -0.06612990012684419 -0.02847587688626164
2779 0.04701094153518488 0.005215031439803177 0.007344989528447324
2780 -0.08049654881658086 -0.147050452840901 -0.008900974168005862
2781 0.09728877094004934 -0.0543704488486576 0.02903173376811991
2782 -0.07089872960189035 0.1211769288520831 0.0296039977157733
2783 -0.2176223265547631 0.01727101947272129 0.02655827990556248
2784 -0.1074748077538356 0.08834386921083151 -0.008672391710479947
2785 -0.1124009045674259 0.1157287627106498 -0.02852387860662553
2786 -0.09342547352114285 -0.06264696544034622 -0.007278623852687727
2787 -0.007750416819130719 -0.07939313165204509 -0.02232765815020778
2788 -0.001217863015842339 0.04074055143593339 -0.002189789545428372
2789 0.1434582343418712 -0.07988582973056027 -0.02778367347820101
2790 0.1706472593421435 -0.01711071577203938 0.02958657177627691
2791 0.07469322915668188 -0.04116217597998936 0.009424728447304411
2792 0.001348413196456767 -0.05888539681144267 0.01090750036034721
2793 0.07368578785792473 0.01458063983860712 0.01235550231481306
2794 -0.04339280388145697 -0.01023116845608567 0.02822172663735078
2795 0.1205607393146918 0.05353937423829909 0.02869121686220897
2796 -0.00940915169839218 0.05448072815503534 0.02916844760081357
2797 0.1925809902836201 -0.05936868943839556 0.0006360418966597694
2798 -0.006449705511740855 -0.03942065827794749 -0.000939720002612089
2799 -0.1740490419859833 0.04285549493641611 -0.0294022757222245
2800 0.09836763203462785 -0.02935803375995061 -0.008316486304645147
2801 0.04730125888492352 -0.03347538065925228 0.02750382599521951
2802 0.05958439410389182 0.09171205140305032 0.02912715087786687
2803 -0.1704549312145671 -0.1577744721345529 0.002073487676161329
2804 -0.1249207232879513 -0.148041353391924 0.001402175778385407
2805 -0.1417975121225139 0.1705811089508744 0.008931985952216479
2806 -0.0004389087602874823 -0.0004420246867003503 0.02666403578028269
2807 0.0230089729228869 -0.05843131919079609 -0.0287301785064573
2808 0.009042139107105421 -0.00259251738427191 -0.02981361794082895
2809 -0.1469441974834514 -0.11152333960459 -0.02915748211815773
2810 -0.04558412406078471 0.04576730211978055 0.02810292266133598
2811 -0.09739991994804237 0.1231912909668512 0.001141808298952976
2812 0.1144743221118042 0.006252328310284635 0.02891081731984306
2813 -0.1562357726494794 0.05478736620698058 -0.02992420340173138
2814 0.1731878828381326 0.04873745602059001 -0.0006337141728064034
2815 -0.08769596638570773 -0.1128594081769384 -0.01136013722193032
2816 -0.1858211767751385 -0.07725828871834872 0.001610720392970696
2817 0.1201912553253652 0.03602573655372535 0.003524790627862351
2818 -0.1507759422868379 -0.1479107857237668 -0.02750628448277062
2819 -0.1557205815806319 -0.008394941807432273 0.007938187124953431
2820 -0.09179036989370108 0.0401321690831468 -2.872954986085729e-05
2821 0.08858638745728183 0.005945352674129809 -0.02922515219045302
2822 -0.1624767786656114 0.02209965533872703 0.02953655553946681
2823 0.06315284460110863 -0.09413502326346848 0.02904999856923248
2824 -0.2161891198471497 -0.01835916073417613 -0.0291311490352644
2825 0.1742159806886924 0.02166774201554665 -0.01005156563703325
2826 -0.1094236487824087 -0.05746605904700041 -0.03026415331934946
2827 -0.06380587293958724 0.05896469720770116 0.03022985345655324
2828 -0.0718664823341662 -0.06949069267955399 -0.02997678983973878
2829 0.09994201551057998 0.0438343867430165 -0.01473639351195009
2830 -0.1603313257433456 0.1347790316603483 -0.03025746368531444
2831 0.07151153840464364 -0.06671985660573138 -0.02614131258970291
2832 -0.1209306693020225 -0.07619942861652475 0.03023687728513521
2833 0.1276332293487455 -0.06753254824690764 0.003516563998960511
2834 0.1635809938079865 0.08876658525995323 0.03071166491983287
2835 -0.06284661704754979 -0.1282477152479379 -0.02433649070704835
2836 -0.08689547351059407 0.0986899634000214 -0.02848939015724295
2837 -0.1408085518885513 -0.02145834637266582 -0.006748409686264307
2838 -0.005639778087562846 -0.08415217199174121 0.01442847323763842
2839 0.03398062874101099 -0.02507431349586062 -0.02882785714781746
2840 -0.1655829547772791 -0.1230470943747006 0.0293050986996584
2841 0.1697292290286903 -0.08393543237326594 -0.03008997990065409
2842 0.1446572208848382 -0.1042829045142876 -0.005286757871343149
2843 -0.02547869624250822 -0.01159425597607841 0.003717183468024857
2844 -0.1277582631835623 0.0007957632615620651 0.0006968844043515948
2845 -0.1296312137869614 0.006589610511443768 -0.02975729566985712
2846 -0.05270594339638268 -0.075181064913909 0.01436162728496492
2847 -0.2143562738835377 0.02916050617731002 -0.02922547121634983
2848 0.1521460467524643 0.02665615183260339 0.02981313172690794
2849 -0.1894063648750474 0.01334892006790611 -0.01479354496645706
2850 -0.172102696967823 -0.04360926960380675 0.009735201672305563
2851 -0.03810260924770106 0.1019306050410868 0.003910216719139321
2852 0.2120273711768258 -0.01680740759804925 -0.02957266655885236
2853 0.1916035548115143 -0.03054061454797804 -0.01083318617409187
2854 -0.08387279737162034 -0.01434832554910136 -0.02916853472255597
2855 -0.0392269440120958 -0.03279204296499517 -0.02933097686400781
2856 -0.1960260416370254 0.1137540713946732 -0.003170284470663526
2857 0.07663511947865363 0.07938969685502564 0.008524932288806629
2858 0.03855253331796648 0.05623155111322813 0.004063910031292397
2859 0.08642872244632636 0.04356783002011504 -0.03013305740822218
2860 -0.132526808941749 -0.123001468864357 -0.03038882293848503
2861 -0.1600812551520271 0.08470005928191501 0.0299520329065038
2862 -0.1683467141466894 0.1158337667035806 0.03024623918178818
2863 -0.003027135645997553 0.0256316353628182 0.02931210016654513
2864 -0.2064117417098106 0.06721739762096443 -0.02954998017959185
2865 -0.1696283230242767 0.1586006784848332 -0.008925535005904622
2866 -0.1681994572335879 0.125523213906448 0.003175117675067293
2867 -0.1036648755923604 -0.03871119363472165 -0.02978991635223708
2868 -0.1202225902232817 -0.1665651266499326 -0.02804103114241367
2869 0.1503134924220534 0.00908807043019226 -0.008547877707483961
2870 -0.06216573224278135 0.1280910826193696 -0.02790296762872442
2871 0.1059501263396557 -0.02240950100859902 -0.02996993778728519
2872 0.04796481356285202 -0.06798417327126437 0.007570883706441823
2873 0.123129306090113 -0.06183755188412456 0.03028640134636185
2874 -0.1501771267590352 0.04390279378592521 0.01014542834931409
2875 -0.09324334577756647 -0.1181611343381831 0.01177198197104343
2876 0.1115796282482662 -0.05611377727745633 -0.01776813831605949
2877 0.05024575860442211 -0.01338434627052201 0.02880224196934711
2878 -0.1240900176106251 0.112176770358426 0.02985173740278647
2879 -0.07950696264789774 0.1206783629631634 -0.02952872259692084
2880 0.02515466378697057 0.08308885913327912 -0.008359714501439809
2881 -0.2080270707462885 0.06895528441031935 0.03004607034139136
2882 -0.07844656609345357 0.0293603697003315 0.02971422396531788
2883 -0.07938739285341645 0.08630976475511005 0.02965206487360139
2884 0.1042787911723186 -0.08328682647457232 0.03022932377906547
2885 0.09759009878491458 -0.08412755260237553 -0.0140364469851297
2886 -0.1572767719797551 -0.1399290147726294 0.001470279899221107
2887 -0.06959243474127189 0.0608878272118296 0.006423550525096997
2888 -0.1361590450144622 0.09895781724092587 0.01316843951345166
2889 0.07477079599354897 -0.07125018564740734 0.01007011047991568
2890 -0.03296138067191944 0.07503111754163565 0.01483098181621956
2891 -0.2163268256627408 0.02114615290418223 0.002194485433299321
2892 -0.1697514982881563 0.1591385842875136 0.0300897763337537
2893 0.1550904460014065 0.09514366497238699 -0.03075923831826071
2894 -0.05777761096409528 -0.002644855366372394 -0.00757985788250678
2895 -0.04700938548423793 -0.09156295121118065 -0.000187035519574788
2896 -0.01505757210895365 -0.04455422506476674 -0.01650847224852231
2897 0.1590276035084472 -0.008985253969148736 -0.01329279401624883
2898 -0.137204562214471 -0.01744114390690839 0.02895670209611357
2899 0.1100256075639321 0.09159716857199096 0.02990592916220781
2900 -0.1422327782988773 -0.04852761983660891 -0.01113573854060992
2901 -0.1028852732988724 -0.1384289209098504 -0.01688677318433785
2902 0.1065108252129748 -0.1114115674052654 0.01220074356199432
2903 -0.1773084945132262 0.07229416775397018 -0.008815446605680601
2904 0.02401898271548694 -0.07041813438667556 0.0304460653026834
2905 -0.1560853707827049 -0.09139604731586765 0.0112802703907604
2906 0.1033825499212252 0.06016818935165968 0.02941083299976246
2907 -0.08047877411410936 -0.1470768933569633 0.009311117737946125
2908 0.1685463199265926 -0.06152841420395462 0.01241608086663263
2909 0.1265494149931219 -0.0464992048327043 0.009133193776705144
2910 0.03548527396464408 -0.03373439076173244 -0.003148059913977249
2911 -0.02042227446755901 0.07045848243786619 -0.001784443428828539
2912 -0.06252199956845864 0.005180981771846288 -0.02967635679149126
2913 -0.1153598914592378 0.1435721754804871 -0.00836957631689678
2914 -0.09466698561723913 0.1076216784395948 0.01574622914884901
2915 -0.1264010170620454 -0.1486553093094287 0.02877546115405761
2916 0.1694073462792883 -0.08601542452150918 0.02936115549958426
2917 -0.01780816790744075 -0.003282734262891603 0.02970197913119416
2918 -0.09601792442106481 0.1307362871533728 0.02853880333598339
2919 -0.1268438348015142 -0.06035663533121866 -0.007851243446153663
2920 -0.1767899701312129 -0.1503616332066364 0.02880587365882323
2921 0.1301979473925539 0.08341480081812572 -0.009734152454740059
2922 -0.08577022495566572 0.04135888285984066 -0.0306468480161778
2923 -0.04247740525414613 0.02796151272969043 0.02855168142159977
2924 -0.1346362645051371 0.001398015851813187 0.03087454682904281
2925 0.1719967355245529 -0.08298006203609551 0.004621042491804403
2926 0.007407561156910477 0.01488122607058256 -0.008795302574852958
2927 -0.06660987453199146 -0.1034404118786936 -0.03007913443601822
2928 -0.1651287393349647 0.1645175285757696 0.007720100316541551
2929 -0.133301828196184 0.1238063937019966 -0.001320084955571278
2930 -0.06082663899719611 -0.02319228984375152 -0.03029109590365585
2931 0.01188829708469404 -0.00931972411695435 0.002451072174226812
2932 0.0815269140005095 -0.01303008396397181 -0.009926592770831877
2933 -0.1902582432773235 -0.1302075888211599 -0.004573500730218524
2934 0.07563705447689514 -0.04876277434568994 -0.006876524679581626
2935 -0.07373737423851158 -0.02542286018996136 -0.01464934731634281
2936 -0.02464338835958124 0.06343977251610555 -0.02984805077882564
2937 -0.1472265377363696 0.1433649512131868 -0.01302496913832531
2938 -0.09165224297537042 -0.04537083275056978 0.03000385549637185
2939 0.14056439784725 0.04934189989541493 0.03054582958947274
2940 -0.08687025513057552 0.004439470101534733 0.02922419863512604
2941 -0.056703478691223 -0.1237451192967444 0.006296757454918718
2942 -0.09543673063946975 0.03826531918289763 0.03045621332928041
2943 0.08706075097341602 0.1051368762363336 0.01192546750918666
2944 0.02752861733594597 -0.07720344523166907 -0.02992539547898298
2945 -0.1526210526293063 0.0956600435183023 -0.008316032683319277
2946 -0.1952745219470101 0.04018971616833467 0.01197234011861196
2947 0.03377214192031563 0.08520612612191279 -0.02721177569686264
2948 -0.106269637851611 -0.02904647127763122 0.03108086465252929
2949 -0.1820935598673674 -0.09735325959784293 -0.002857738668396738
2950 -0.1480305697610075 0.03673380558796994 -0.03020099738885888
2951 -0.1019676228263353 0.01257533572187543 -0.01513256438018174
2952 -0.1556145062911272 0.01659251383364656 -0.01055826634720908
2953 0.1520540085761868 -0.04192286338165515 -0.01219090771632722
2954 0.09809854826694737 -0.08068610452638232 0.01280453791071242
2955 -0.1991599624297463 0.01868921653865479 -0.03048591289514926
2956 -0.1172887221584263 0.04494907885245605 0.0293212627440469
2957 -0.1490547192424383 0.1475532429493027 0.02970081792223003
2958 0.1072017780735672 -0.08948940253968761 -0.03086019835629394
2959 -0.1567533385450836 -0.05593569923196937 -0.004063356544218591
2960 -0.09520342470657828 0.02052393626014807 0.02987045953423484
2961 -0.0382706312997894 0.02645648698051887 -0.001998907751589651
2962 0.07932088847926091 0.01906290392157554 -0.003996247503606802
2963 0.1439099010923048 0.02858041563073699 -0.03050993384898165
2964 -0.06100546267849722 -0.09741112889612595 -0.01150711031270673
2965 0.196835402243876 0.007621472542670513 -0.01399529436702893
2966 0.06866752453449979 -0.09701076274547293 -0.01505108120071323
2967 0.112246483172119 -0.01461154508971167 0.007879889688476457
2968 0.03469334306381244 0.001447247894206892 -0.03032679996416298
2969 0.137880461059329 0.1090944451318696 0.0131350514940721
2970 -0.1932657477480166 -0.05734293324929484 0.03041577767068745
2971 -0.1788211050626245 0.1116103437155114 0.0004580180384527108
2972 -0.1193471230748643 0.1292974642457803 0.03005980340171233
2973 -0.1009691112446549 -0.1625231767552955 -0.01183529009671792
2974 0.003276096604815279 0.0828322986187771 -0.030892831398376
2975 0.2076031788173712 0.04124647830498571 0.01120725983837948
2976 -0.1970331372979573 -0.00859899842197313 0.01368943639361697
2977 -0.1205162157842782 0.1484306349463979 0.02911737018378012
2978 -0.166318409267285 -0.127097763378986 -0.03018914002485878
2979 0.1947533160544664 0.05892587311557156 0.0163121822451735
2980 0.02700350908977152 0.03558846410542204 0.02929203333958372
2981 -0.1175741991084246 -0.1141077793167888 -0.01010105113047073
2982 -0.1952179489868688 0.02396821130199324 0.0309864323325415
2983 -0.1318014950938839 0.03014962002142776 0.0303315001260866
2984 -0.07845374218404204 -0.1175698973171388 -0.02936580062642512
2985 -0.09770512655975781 0.06993533624720008 -0.01458249228388437
2986 0.02077435891167472 -0.08384048543110638 0.01292343168360145
2987 0.06457219368901621 0.06296035712036588 0.01259314193181466
2988 0.2148407508122662 0.03300307174260496 -0.01204597874310027
2989 -0.03602023700514222 0.07903717312361347 -0.01252072684739475
2990 -0.1344857649580622 0.07538703480471008 0.01131602948015254
2991 0.003098316495635775 0.03151283701670525 -0.03151825281470436
2992 -0.04062860731189548 -0.03816751189857068 0.00747620652972367
2993 -0.1681330371636867 -0.1499686857741078 -0.03003004518078066
2994 0.1628308366943945 0.09262392412018443 0.01349335870548489
2995 -0.1159836902918276 -0.1437444464920558 -0.03025580889562877
2996 -0.1455714238565692 -0.1497492993070983 -0.00938634321735036
2997 0.1116095954430862 0.01661389767313583 -0.03118474033927214
2998 -0.1893361888607854 0.1275196273664686 0.03139271871021601
2999 0.05239392667823932 0.03966812220333291 0.009692795826125315
3000 0.0988776724074405 0.07110822345308832 -0.03083475003186391
3001 -0.1872904005572231 -0.07578888866161117 -0.03059504477092074
3002 0.05388250725838539 -0.01438439145848164 -0.01203665799786344
3003 -0.02519220475080149 0.07171052995665395 0.03046931388088632
3004 0.1745315327591666 -0.04901773762056761 0.03067274112609762
3005 -0.0411132249478971 0.1042644603125602 0.03006484799336491
3006 0.0239700566885371 0.01534004314142386 0.0144149269465873
3007 -0.191479856386644 -0.06087700792120225 -0.001444674982503558
3008 -0.1320562205304809 -0.1271821934221195 -0.01330511697294083
3009 -0.08713176374555069 0.09031688132176927 0.002315813026650071
3010 -0.03876740282313471 -0.1040784623108169 0.00956886650666874
3011 0.02057528851265228 -0.06059002375058297 0.00230904911826885
3012 -0.02383604749147393 -0.06314403194940003 0.03070529215396751
3013 0.03612190503205882 0.06760412398296843 0.03032981125949773
3014 -0.06059476437651951 0.001824389947601406 0.009177403880786078
3015 0.03351041955802977 -0.0552719396404372 0.0304423320214299
3016 -0.1937307007602283 -0.03001615369351589 0.03003785787416823
3017 0.04217038447538326 0.04980766372127875 0.03117466080091773
3018 0.1001874055782298 -0.05314597032978467 -0.03080197373617645
3019 0.08179433113637739 -0.02449788715545029 -0.02990030615206562
3020 0.1194566755322375 -0.03138395051946757 -0.01241905181398023
3021 -0.196823110884803 0.02910096338077892 -0.001541790314762202
3022 -0.1686747524102153 0.07433564981857926 -0.03118502678843424
3023 0.1004656794058368 -0.03387311283092283 0.03139637629415197
3024 0.1836596475680825 0.05053255893999781 0.03051564084666323
3025 -0.1316557196985161 -0.01629665627523673 -0.03125825441971375
3026 -0.1577749931174501 0.06324403828465161 -0.01259304967944115
3027 0.1424981250876012 -0.08513615427478417 0.01749787222247616
3028 0.2130597762019914 -0.03004197100993531 0.03029043213257077
3029 -0.1408349516846393 0.1209970012904947 0.03125347220270981
3030 -0.1243401597086887 0.103241764097331 -0.008423963835092056
3031 -0.06672299207892392 0.08497267094873354 -0.01160799714701713
3032 0.1894605234092171 -0.05829457195765871 0.03162880923472988
3033 -0.04423361884084188 0.08575617418407526 0.001372960401537912
3034 -0.1943883558458777 -0.1239295914270409 0.03125116055134987
3035 -0.09456618966613738 -0.1368524864464168 0.01091612214059548
3036 0.05092852618312951 -0.06686573731300544 -0.01029076305100895
3037 -0.07894929853825462 -0.00370908928577438 -0.008826148965380178
3038 0.2203155489759186 0.02416816161970316 -0.03092829406559916
3039 -0.1804283228661956 -0.01040667620729692 -0.01022404702587748
3040 0.07715125987838846 0.05822084587655671 -0.03158074779348403
3041 0.02216272223020812 0.05389410112131205 -0.03103055815035946
3042 0.1791971151265268 0.07623087713545869 -0.03128627621930892
3043 0.09290094459733908 0.09486930108849956 0.02957371499780082
3044 -0.1036586286825381 0.06734298589699811 -0.0314596432940071
3045 0.07222809799906503 0.05861696132473942 0.03019740116640859
3046 0.1767159930408725 0.07912337367832953 -0.007533006159434341
3047 -0.03482261635604169 0.03939444732757902 -0.02997631541623884
3048 -0.08702475419279711 -0.04492733475119462 -0.03174817838330258
3049 -0.1016824270589851 -0.160709292260415 0.03152094295338797
3050 0.1484434166570527 -0.1032413282001673 0.01176923066708567
3051 -0.1328514981980946 -0.1712219236054048 0.03029186497910584
3052 -0.09655114924031519 -0.03051441854974096 0.009111628261754951
3053 -0.216578435546187 0.03478411504008402 -0.01289835056780314
3054 -0.2021009051302693 0.09750061179000689 0.0307374600895019
3055 -0.1426456283927855 -0.02192418528410238 0.01041204299165953
3056 0.1371025975575034 0.05897518237327255 -0.03127554368799229
3057 -0.1704248386208208 0.1004722334705814 -0.01216674689822957
3058 0.211771097938755 -0.03545834777392169 0.01363356881915139
3059 0.0629459302412597 0.004293582614072543 -0.03143780220777531
3060 -0.0974097497325379 0.02515794870666552 -0.03042273813889588
3061 0.110641960184375 -0.1125102899293658 -0.005277373491263722
3062 -0.1140417229833092 -0.09713484987361831 0.01488809450080252
3063 -0.07827160970930357 0.05849745815032464 -0.01521953474139779
3064 -0.124081431918749 0.1478212278854293 -0.03172508449594314
3065 -0.08527959173544634 0.02416374545863693 -0.001126339018383356
3066 -0.09966057400272069 -0.0716445784962275 -0.03112885828210993
3067 0.06488261106193635 0.02820623650973969 -0.03092479848107817
3068 0.1900063589398578 0.03249245514170063 0.03031058252283583
3069 -0.1262274429519406 0.1689558365842732 -0.02903103775388026
3070 -0.1447720912789774 0.1709000670419555 -0.03008064079154692
3071 0.008709941261324378 0.0323523216394307 0.009242327447464333
3072 -0.01440181319179271 0.02316998823821481 -0.02998741738213281
3073 -0.01904405244741046 0.02435700346472727 0.01224468003922459
3074 0.125353669458252 -0.03530432023831638 0.03130365489497104
3075 -0.2015795087674337 -0.01060791406303395 0.0315248948077245
3076 0.137522764390466 -0.01489257725410711 0.01222751818045917
3077 -0.0706123085927606 -0.09761012485663824 0.03149767232036113
3078 0.04911581569513936 0.06979883340221427 0.002223126743553291
3079 -0.0550784445046516 -0.07280235350904316 0.03190303659971332
3080 -0.169945713751234 -0.01807156618875255 0.0314978252753251
3081 0.1494961931770162 0.07875907630805822 0.03039460860376023
3082 0.1624166536936126 -0.06725937033612565 0.03056173236906967
3083 0.1571989773181761 -0.0362655935931873 0.03130878796698675
3084 -0.1495825240145056 -0.1132912726095413 0.03070534905890376
3085 -0.1597499574117054 -0.1391999827162289 0.03084271531189854
3086 -0.1966906627678854 -0.1095158504670162 -0.03133242743280115
3087 0.1230907632861614 -0.08678858517403691 -0.0102183184293106
3088 -0.1231165232499085 0.008274256905426804 -0.01400163467060199
3089 0.1205201935961999 -0.09385337680575265 0.02971225433514462
3090 -0.2193661714445157 -0.01114930368139788 -0.01245201455329649
3091 0.1454207454582388 -0.08707699312128235 -0.01234901825083883
3092 -0.09743670697325336 0.1600197033183296 0.01256615522976313
3093 -0.1184277547609953 -0.0897295658306772 -0.01706749964909843
3094 0.1637800125754736 -0.06169353122764229 -0.01329562089028601
3095 0.008232289682070459 0.08393690905519866 -0.01157903026817597
3096 -0.030760076334979 0.005738338572014178 -0.01348120157019805
3097 -0.2166390801610927 -0.03411496798929278 0.01227547246354281
3098 -0.2133647071892204 -0.03462441214890755 -0.03181575961381253
3099 0.09921147704714713 0.08548170172913401 -0.008667103487556553
3100 -0.2074786178527209 -0.07036911324308406 -0.02490173120501432
3101 0.07663650317069334 -0.08176352976097832 -0.01473478206992735
3102 0.005925005429549096 -0.07469378037893301 0.005902129826153903
3103 -0.1578151183338953 0.004585150378393238 -0.03135699934258281
3104 -0.09389330669546392 -0.00379797837100934 0.01137611569506765
3105 -0.2198887894395278 0.01315720565789889 -0.03152471626303367
3106 0.1739008831543616 -0.08294586591737085 -0.01224605317408903
3107 -0.2023984780378555 0.008624260519492388 0.008978081227171581
3108 -0.151116093306749 0.1138828530551304 0.01279579297801314
3109 -0.08370870959857625 -0.08501246375377121 -0.03093680754525719
3110 -0.1492184046492984 -0.04203567937031371 -0.03067123540294413
3111 0.1187689893636568 0.1140847761672301 -0.01204510576298101
3112 0.1040911670755193 0.0008362767278883021 -0.003949640374922131
3113 -0.1822037755209627 0.01394568215882704 -0.03031898727117843
3114 -0.02175383004560801 -0.08414543131351573 0.008570122271425281
3115 -0.1064401848492124 -0.07942620319933147 -0.009405805839607465
3116 0.1762150230825439 -0.0521046880970983 0.0007453188478044872
3117 -0.1245439808815438 0.1368371000006305 0.01114393567371435
3118 -0.106727114634789 0.1669070775316997 -0.03183750256351173
3119 -0.06236408257035291 -0.07414100061446677 -0.01370509491778452
3120 -0.09013844078126231 0.1147706293896901 0.030657430226598
3121 -0.07416975221944629 0.08461626514930423 -0.03092061465975261
3122 -0.1685107585519216 -0.07264316666396915 0.01221042467169549
3123 -0.1691218016774522 -0.0169517895367796 0.001916079264285185
3124 -0.1369531763891696 -0.07077616200959078 0.03176502103251123
3125 -0.075147753280621 -0.1446891716547354 0.02998198822482435
3126 -0.2028341253237873 -0.004604007081936649 -0.01063764191293609
3127 0.155299464756463 0.059372387399482 0.0300267314843637
3128 -0.1177334273010378 -0.1040875071352674 0.0313962125965602
3129 0.1381069814588137 0.005336893081355099 0.03045666592782263
3130 -0.2169177355850528 0.03402534721187322 0.01412975666926843
3131 0.1568885607931456 0.06021712135738311 -0.01599853638969461
3132 0.2119466648642978 -0.03564759451601397 -0.008620337911482163
3133 -0.2034600605237078 -0.09524560427318657 0.03117702417447692
3134 -0.1339254486111677 -0.1416511862903487 0.01514069797886967
3135 0.1414667546041692 0.05596624544693313 0.009843932560135408
3136 0.1809463334907412 0.03281231244479262 -0.03160957117939855
3137 0.05241758944715082 -0.09329708117775129 0.008536403634749444
3138 -0.134414495572998 0.04686252038253831 0.03015988614195928
3139 -0.1071564560930493 0.1238803451067507 -0.0144273448936482
3140 -0.2133954017947812 0.05284731806933595 0.01411080444042746
3141 -0.04594705267799399 0.08141764443764812 0.03207688000688685
3142 0.1556720960289158 0.09881344011861357 -0.01191520593648612
3143 -0.1831843719467918 0.01016257165991641 0.01175384080019161
3144 -0.1947739556070186 0.1196113286363379 0.01319252871992251
3145 -0.1566364294759198 0.1449471854838288 0.001090115902829173
3146 -0.1156866495839839 -0.03128449159598233 0.01017773063946363
3147 -0.05312518124686625 -0.08604023759664811 -0.03146171880343338
3148 -0.0568695364627569 0.06338498435956386 -0.03184113987548051
3149 -0.1914275209136538 0.1180224502369935 -0.03078586084131228
3150 -0.1949173638788231 0.1012079051110776 -0.0304617863600549
3151 -0.1607413537277334 -0.1683042918934916 0.01228599410265855
3152 0.03000519327038517 -0.01542563173812527 0.01129407073519156
3153 -0.1572256466823661 -0.08083431486472889 -0.01113953651210194
3154 -0.1054737468849797 -0.1440735402669111 0.03104160833742563
3155 0.1406591297766942 -0.04752432971205352 -0.03142344917615408
3156 -0.1927472503475014 -0.03188944482841451 -0.01209256592682136
3157 -0.1177013429743105 0.05331627361754992 0.01470546967021223
3158 -0.119886583104804 -0.03949649644745986 -0.01191193690238502
3159 0.1958216014380838 0.01212733078217373 0.01530228790020506
3160 -0.1046726526820227 0.02057570077613006 0.01128510783253202
3161 -0.1175505420840392 0.004349316341124732 0.01358615603619876
3162 0.01584285568963302 0.06799465889773304 0.03075840188283904
3163 -0.006057378612566319 0.06124574442583891 0.009450860486015553
3164 -0.1962846804033303 0.05544180481279474 -0.01231173719299124
3165 0.1011283200394411 -0.05041066164433698 0.01304195905087549
3166 -0.1649128348498516 -0.04810326849423282 -0.03162843217746904
3167 -0.2208162406257591 0.01437125066298382 -0.01143579693029974
3168 -0.1796520509269924 -0.1490783690406038 -0.01191003503984406
3169 -0.04072711095899931 0.05409101903133776 0.01416337180698571
3170 -0.02082859430837791 -0.007705981854319747 -0.0323062638435247
3171 0.09322259038612937 -0.1092910745493774 -0.01427741452281998
3172 0.1243917443759323 -0.04817975234984971 -0.01038141631365907
3173 0.08207842273896011 0.02735705715881474 -0.03163245527014618
3174 -0.1336621746018562 0.09717775155790974 0.03190302645387147
3175 -0.0153865362728191 0.01672705170202187 -0.01171470638135904
3176 -0.106862439723925 0.09034667638890317 0.008087128713967223
3177 0.03206296404350442 -0.005436799439130032 0.03204685109711058
3178 0.1843603060476401 -0.07026415888542389 0.01024727445646959
3179 -0.1847011856068194 0.1434376214730312 -0.01224507546039178
3180 -0.0143108272990761 0.06113715386544572 -0.01511239029419513
3181 0.1842653120245386 -0.01785075555473287 0.0203683799337889
3182 -0.03029525415421942 0.09818370779425417 -0.01159878176122483
3183 -0.004629291698974449 -0.06773296329515646 0.03105953816035287
3184 0.1375246350981482 0.1067357141603256 0.03042909854800454
3185 0.1049133389021071 0.04440096556684474 -0.03078713046416849
3186 0.1713172533537898 0.01528809719623219 -0.03157672772268463
3187 -0.1193250845156352 0.1102681437763765 0.01246781787222181
3188 -0.13412297413285 -0.09222650697314955 0.008702958064935401
3189 -0.2123278453298404 0.05921362829492892 -0.01592602182715255
3190 0.1636677733616931 -0.06824777452686914 -0.03105526256099655
3191 -0.1906417838151879 -0.03502785046036504 0.01103451845490805
3192 -0.1145288119259689 -0.1214067511113195 0.03219614510827011
3193 -0.07324542351523915 0.1119194291063324 0.01113626419614301
3194 0.03024235525721284 -0.02190199676203395 -0.01332882221716045
3195 -0.1205132911453362 -0.08075156031150658 0.01417297510031603
3196 0.1123227627916613 0.1142122280152721 -0.0314723051643205
3197 -0.2066173001729648 0.08561116054943969 -0.03153183941374871
3198 -0.1633795391751193 0.1387970498682579 0.03196491189237752
3199 -0.1699385551012104 0.05367118649673927 0.03198924956967195
3200 -0.07782002013695248 0.04637874293256381 0.008570898824721998
3201 0.1778523095394835 0.0792172618042197 0.01455381648846358
3202 -0.03859468885188855 -0.03852058551426352 -0.009214002393887949
3203 0.04499920377446869 0.05933200037432192 -0.01114401794616228
3204 -0.08251929294924856 0.1509492666781433 -0.0116750442878955
3205 -0.1403783495517358 0.1171021963868902 -0.03073635958739243
3206 -0.003529197537919082 -0.08449046908342392 0.03108548032847912
3207 0.1693326499400508 -0.04132603082655808 0.01698769271758205
3208 -0.1342944539295047 -0.04541318434709833 0.01515697778395278
3209 -0.1784590001329932 -0.07894361431343823 -0.01337169678995334
3210 -0.1250767966387394 0.170692544656367 0.00839392071766001
3211 -0.1053257094256757 0.03481480680772132 -0.01166010515714983
3212 -0.1616880073133622 0.07153183181398919 0.008478462522371943
3213 -0.09642289028529902 -0.09560875286382264 -0.008658758095219004
3214 0.1153403159003407 0.09758159431537321 -0.03214928811532707
3215 0.1285918286815431 -0.01556038961238826 0.03078826290702628
3216 -0.1712167291331383 0.03622508039229937 0.03102033653377522
3217 0.006098414303235634 -0.08395152545016567 -0.0115886025925912
3218 -0.0351494000588132 0.01992559588568572 0.01350461553889832
3219 0.1193006211984581 -0.06341911877071911 -0.03174453127710646
3220 -0.0200355688824926 -0.04871743131875441 -0.03190552047701425
3221 -0.09498361500142762 -0.00229048205304319 -0.03185351092539663
3222 -0.1728801023422459 0.0472632497200064 -0.01109929266816516
3223 0.2188765683273324 0.02690994137113611 0.01703168311344469
3224 0.06213613897975397 0.09739484766744916 0.01356420140668023
3225 -0.03565501161595662 -0.08269469965113374 0.03108889101879779
3226 -0.2003730499094215 -0.1063444011101897 -0.009063594097802311
3227 -0.1724575598319766 0.02660969359423271 -0.01385177315230361
3228 0.06678475747677153 -0.05711433267616946 0.01326499913033917
3229 0.0747723010489085 -0.08716426119677295 -0.03040539712376304
3230 -0.2082186024096288 0.07275375952306956 0.01332880139334842
3231 -0.1458176503568654 0.07199903234177968 0.03095925050759013
3232 0.08961878396052989 0.0009577577040126538 -0.01348225370997146
3233 -0.1923013412425118 -0.1241521650032701 0.01471483267761513
3234 -0.1677470456679974 0.1185044916635729 -0.01193420537096736
3235 0.05520972399561956 0.01963582912429877 0.03153681619580202
3236 -0.181427264722549 -0.06120929821986057 -0.01508426899454876
3237 -0.02349947133217863 -0.03537757500654218 0.03186647036911601
3238 0.04751276449730844 -0.04482988483861258 -0.009495328758507067
3239 -0.1808593008987087 -0.008481228923149052 0.01023412838584632
3240 -0.06630007777456617 -0.03934478725901275 -0.009706101029008346
3241 -0.07871880605486915 -0.01825866148646719 0.0320014526834308
3242 -0.204262784917797 0.0941148087810682 0.01350957145320077
3243 -0.1133825823666849 0.01287694738875997 0.03231810818618255
3244 0.004783032443997658 -0.04677680571890223 0.03120417635910947
3245 -0.003681638027734988 0.0862361505658753 0.0125452430548281
3246 0.07378763765828315 -0.08138407687747884 0.02995943092673626
3247 0.01341233640058862 -0.03339821277567101 -0.01037780782250119
3248 0.03253776847113703 -0.04123360161211355 -0.03238946442434493
3249 -0.03367350093500888 -0.1017257530651903 -0.03067496283297266
3250 -0.09397918741732814 -0.03379624583473306 -0.006833706896401481
3251 -0.1852299811431331 0.07209918068358261 -0.03128819876233653
3252 -0.1463738388220601 -0.09528325466775041 -0.03220053596926181
3253 0.01699064447860212 0.005283380851412476 -0.01807212607770286
3254 0.1351112472733763 -0.03536806285428386 0.0006655031346821591
3255 0.1186355194781053 0.05428166649513578 0.0122852281671569
3256 -0.0440748954589559 -0.0521944781816603 0.03216819996418343
3257 0.1539030155999116 -0.004350437111862067 -0.03077296734817094
3258 -0.04123529356222389 0.08139594152416826 -0.03200138582062496
3259 -0.05325110239722652 0.1003094613179946 0.01049369885446414
3260 -0.07167082055171047 0.02881463382341747 0.01458340782569405
3261 -0.2003744779952497 -0.01315191901726125 -0.03053030819549362
3262 0.1912855848649765 -0.06505639393660545 -0.01481107689095922
3263 -0.04543632435453263 0.09738790155480101 -0.03079518658037847
3264 0.0968404033929568 0.02516419325912743 -0.01080010911886676
3265 -0.1527895195312303 -0.06603293277431599 0.03146283832862807
3266 -0.07899660867336658 -0.1487676714831913 -0.03038238233710466
3267 0.01527821341385775 -0.03201649793320625 0.01232579879580939
3268 0.1215382142735578 -0.08419924447864989 0.01017228569467059
3269 -0.08510815268184474 0.06984409999409408 0.01149002465542195
3270 -0.1714988402956508 0.02669321434338209 -0.0315730782712491
3271 -0.07795287588090993 -0.02517102635407746 0.01377904147118919
3272 0.08556940698853573 0.03606630632373235 0.004319570770372564
3273 -0.06746504816825631 0.105939963306731 -0.007620914478396924
3274 0.06154487081325015 0.04231755542070711 -0.01093929757204473
3275 0.04775092859870531 -0.03461434556114355 -0.03200562998046422
3276 0.2212710251327538 0.007429563037097337 0.01239974626763243
3277 -0.1704350100327593 -0.09983784814178805 0.03075854573270128
3278 0.02288497793216649 0.02719720699906585 -0.03240711595692938
3279 0.1269278925911664 -0.1139134788843714 0.01426400433888967
3280 -0.1766294368050521 -0.09410618118949807 0.01239674216834903
3281 0.08561058249115944 0.03036052064666118 0.03286488367313681
3282 -0.07247535392655699 0.05807840528529307 -0.03241097355091777
3283 0.1930130795812072 0.02855090884942911 0.007757538426238657
3284 -0.1578282189619187 0.04758383146158351 -0.004357081358793078
3285 0.2023813236767283 0.04838829245627828 -0.01635872493511389
3286 -0.1811693806091693 0.0485701585322289 0.01066042744832849
3287 -0.1765932674537341 0.1562057994668273 0.01566150257902101
3288 0.1338989965190198 -0.00903245918052999 -0.031895259467148
3289 0.07997687677432724 -0.1048164591954168 0.00907661693570316
3290 -0.1455851129190632 -0.1501089666329689 0.00710419095451781
3291 0.2002436035538214 -0.05348294593571086 0.01410865800670547
3292 -0.1097716884327648 -0.1423305933216011 -0.001718215297020169
3293 0.1152795129576368 0.07129813414945516 -0.03221643543784072
3294 -0.1830414592794547 -0.07683252183396218 0.03053701143959889
3295 -0.2090061879270871 0.07827996729798734 -0.01247783806146484
3296 0.2096393413381029 0.000863522668525434 0.0331667189416145
3297 -0.1116603229709434 -0.1151054615958252 -0.03115355926056857
3298 0.1636008853839206 -0.0250525843495608 -0.03147260458093761
3299 -0.120257896344317 0.02539017592151331 0.0117059004401209
3300 0.2015926829179168 -0.05240984567232868 -0.01136942911178558
3301 -0.1638361407874873 -0.1656919297742038 -0.01110814198614892
3302 -0.1885573441404185 0.1354530104051428 0.009406722801719364
3303 0.05460746945588792 -0.07670946637647345 0.03162327730339421
3304 0.07724806719860086 0.1037739560115057 -0.01250843626503255
3305 -0.154113804100296 0.171521424765146 -0.01651570138524233
3306 -0.06620544235678964 -0.1013704328002793 0.003578654383513388
3307 -0.1679375195155108 0.1132253839761284 0.01422163741632837
3308 0.1999156828236295 0.0124280829616069 -0.03101239584121152
3309 0.1759189490549771 0.0120552258338757 0.009816284720589395
3310 0.09290515232262257 0.06153278600177535 -0.004844234595639447
3311 -0.1739544964501805 -0.03444784652742162 -0.03199785630220066
3312 0.02377324575802985 0.08538018220797684 0.009938888959020734
3313 -0.1411807689262977 -0.08838812643735323 0.03261618167744705
3314 0.1639829558541555 0.06804158080790687 -0.00341828184778491
3315 -0.008726429171553463 0.07077420790480041 0.03214612686100926
3316 0.0271265922119547 0.03705854449079662 -0.004467076031160038
3317 0.05049459357729405 0.06655092795553401 -0.03203912383235648
3318 0.1466840289641092 0.04019204987295835 -0.008021522357834524
3319 -0.05520760683445206 0.1238884854438903 -0.01331964092515399
3320 0.1068480466615937 -0.09222313091966945 0.0002574623239333419
3321 0.001528038062061188 0.01947276766435242 0.01561614276651208
3322 0.1172238178576291 0.09066377593685068 0.01520322864123757
3323 -0.1323423610890883 0.06846676708505568 -0.0207500523645175
3324 -0.1283809587588059 0.1337484626979289 -0.0152491363924164
3325 -0.0570776489074362 -0.1226359281463922 -0.01005473630721599
3326 -0.08679505086009127 0.1264569696946454 -0.01581851313409704
3327 0.1514869364086237 -0.06346173482568299 0.0146399280401026
3328 0.01423561844356721 0.05778070668640268 -0.01418585738222413
3329 0.09903532431025003 0.01003298782760188 0.03197691498320604
3330 0.2138384187297744 0.03158829507163448 0.03194643066216216
3331 0.1545990379268254 -0.01302498807641558 0.01226074071254343
3332 0.1951878303053181 0.02356452265635645 -0.01179193043251217
3333 0.1455702784001645 0.07781137286038384 -0.009885597584005484
3334 0.08463861669090109 -0.002311550570835221 0.01528844948716912
3335 -0.08123094779107035 0.02579611861290427 -0.03197108651556733
3336 0.1391083093491209 -0.1096858500102752 -0.03263171017537424
3337 0.02422558388272121 0.03104988374987966 0.01329464430173411
3338 -0.0128562819934848 0.08197344694490474 -0.03264505597830535
3339 -0.1761021625409887 0.01124031930545235 0.0313177093178853
3340 -0.04094577756800752 -0.06076559402295106 -0.0142942993261739
3341 0.1202402473706311 0.05738401751220323 -0.01047825277388139
3342 0.1684498282649903 0.04110557210997842 0.01300592025122203
3343 -0.1360354250318637 0.1715184781666631 0.03090240263668861
3344 -0.08879858611691463 0.01316663861207931 0.01527688219791686
3345 0.08776324292028977 0.1013021224295499 -0.03258646956095849
3346 -0.08533100092362435 -0.1262960798502029 0.03240947407701576
3347 -0.07782752221795949 0.0004061881068631781 -0.03219571358283774
3348 -0.1024837471868489 0.1028101334926935 -0.03088562465472648
3349 0.2033659835927805 0.007799261644421542 0.00164475588245146
3350 -0.06094996487808046 0.02456892530423808 -0.009179327081384119
3351 -0.1600538141714237 -0.1154103764515522 -0.01960181732512615
3352 -0.09627491514582835 0.09981980842760584 -0.01164231617196485
3353 0.01974814814464353 -0.08631115606832339 0.02920847038052263
3354 0.1994915525079985 0.01591612784685374 0.03238778048783118
3355 0.03037263530868332 -0.08764835139641547 -0.01143674985507086
3356 0.150233195973967 0.007559570612428651 0.009697076873709404
3357 -0.07322601331627887 -0.05337129577119093 -0.03086881990496507
3358 0.1533960426013867 0.05951740226743542 -0.0318559219308123
3359 -0.1014563592168182 0.06676897627363677 0.01456621734452078
3360 -0.05369837968237737 0.06336755669836433 0.008959159255923582
3361 -0.1901369545700281 0.1303242322195224 -0.02020729377997645
3362 0.08882545746533344 0.08923960391820784 0.004136831751728169
3363 -0.128435448240447 -0.07800070324835778 -0.0122174738103329
3364 0.1940287092724662 -0.03088244167187205 0.03361840975127557
3365 -0.007207413233672536 -0.03399851574066667 -0.03261441666208259
3366 0.03910702512319441 -0.05508087831541984 0.01467990803133787
3367 -0.01620795992766642 -0.04973429774143096 0.01278476444875229
3368 -0.2126133599935712 -0.05516178095130912 -0.03287980523970727
3369 -0.03325181621538327 -0.01791676160930577 -0.03109091646649721
3370 -0.1039202981830355 -0.1651481171800211 -0.03066414010470177
3371 -0.03025259397971372 0.06357474483239266 -0.01272943033903241
3372 -0.1773171207955824 -0.06230885964734853 -0.03242055954760725
3373 -0.1723419356976907 -0.04895124162759288 -0.009523624195908957
3374 -0.1477364121765059 -0.01757938385662716 -0.03228608439957972
3375 0.0739183909976088 -0.05119488795281661 0.03271947510430796
3376 0.1439745653410314 -0.07063618363458396 -0.01463247302455459
3377 0.1352427396237817 -0.03240172871691366 -0.03133024494860279
3378 0.1277099590619057 0.02912655117287043 -0.008946189364499391
3379 0.09932930113887702 -0.0168754819615089 0.03277050597477811
3380 -0.1119232224744175 0.07114591600967923 -0.003619232005628553
3381 -0.1160702344409704 0.168811242566913 -0.01020128271861153
3382 -0.2222981144281916 -0.003978427341454318 0.01112854220916919
3383 0.07701005983916373 0.04780722309994213 0.01150591790921706
3384 -0.0814496446067028 0.1257153691005194 -0.000201620377902962
3385 -0.01791088087971467 -0.01916917925811195 0.03237911355935324
3386 0.1454953762127832 -0.05656529218614363 0.03251728543996908
3387 -0.05217738696630754 0.0778836707312721 -0.01236867468756323
3388 -0.1504530784020282 0.1477546507651672 -0.03164382624070788
3389 0.2210416108522861 0.01217971463227478 -0.01035971316885257
3390 0.04453055021181475 -0.009107051303515558 0.01433791994023367
3391 0.08766071309416121 0.06319192929428857 0.03156924327053208
3392 -0.2214161976021609 0.002975045080772451 0.03241311823782392
3393 -0.1934466554892937 0.04089320671862767 -0.03191040749143484
3394 -0.1759149177489475 -0.03296194425006981 0.03316829690684035
3395 0.07781572254954378 0.06591635075647238 -0.0145372006431421
3396 -0.2181243803489341 -0.03183969256523878 -0.01628884544018013
3397 -0.08700276562138384 -0.09943672364085585 0.03116617418022807
3398 0.1399301965252794 0.08262629980520385 -0.03152512982135037
3399 -0.1653295836105804 0.09122638780325724 -0.03155346586794736
3400 -0.1578314358874885 -0.1127009319316869 0.01682131189860429
3401 -0.1801592423025808 -0.1161337213025139 0.03104387557762695
3402 -0.1576554852967752 0.001499849297497424 -0.01561092368031886
3403 0.06866827499476334 0.08109673113003225 -0.02045160957438553
3404 0.1786146040582688 -0.02315771444254732 -0.005376517187026076
3405 0.217353248298684 -0.03108190723068117 -0.03276721965232281
3406 0.1015800276282521 0.06273288290953258 0.01363838588535278
3407 0.06148856941826877 -0.07429480887926949 0.00141244169262824
3408 -0.01556179787333647 -0.09001371108359597 -0.01266568527726757
3409 -0.05179625061888617 -0.02335824846858001 0.03213768752541248
3410 -0.02034891614118394 0.04353596647629043 0.01767909571680583
3411 -0.05443502714663941 -0.01825267470345191 -0.005930408057193443
3412 0.1012888688086543 -0.06643910552913947 -0.01089738728155801
3413 -0.1242732122421307 -0.1699191827344497 0.01226302320414934
3414 -0.2017711311127336 -0.1053535084592322 0.009186890864669728
3415 -0.09808554045653599 -0.1382466331552177 -0.03251419968647105
3416 -0.08129415755410421 0.1071663666175146 -0.01577245635317289
3417 0.141593885758738 -0.1082895991625593 0.03313091273768688
3418 -0.1167647992213411 -0.01081927473760324 -0.03323979945663855
3419 -0.07714015686306638 -0.03412828774151621 0.0329002837800812
3420 -0.1558287949462463 -0.02793767092187174 0.03161356151752295
3421 -0.1257477140582907 0.1239231795813378 -0.03211514801834821
3422 0.06820941413706873 0.009950177347308093 0.03214089737580359
3423 -0.05436721558610332 0.07974706078214061 0.01716606516084932
3424 -0.07944801954825922 0.06199014734157767 0.03152410854060792
3425 0.05140152661015796 0.03672406171797057 -0.03143678164617109
3426 -0.1415275153779214 0.01955050830185871 0.0193004702134689
3427 0.1634024661708834 -0.09472582571698096 -0.01375967164794129
3428 0.05520473515770496 0.02847386896848046 -0.001461562672839974
3429 0.1643331620310529 -0.09365502644344045 0.01389351648338009
3430 -0.1635911051503776 -0.002180717524884966 0.03317181920141425
3431 0.2038664815665763 -0.0214607597111079 -0.007296476193703343
3432 0.1810211417317024 0.007565569163481993 -0.01264624981295305
3433 -0.1477049745494548 -0.1048514711843802 -0.01029823698336008
3434 -0.1154147829494689 -0.169498696565569 -0.01297721808202442
3435 -0.06686768764878957 0.04328486050058741 0.0325576045593224
3436 -0.1509823898185566 0.09891616095818044 0.007230737777059565
3437 0.1880408530048969 0.06760434399959218 -0.01590040288377587
3438 -0.1056685175630755 -0.05699843758396417 0.0118143392466517
3439 -0.05500952087939141 0.1254502522038277 0.03119614172031898
3440 0.06945267944475217 0.02706286097068323 -0.01356806180587704
3441 -0.03674047860234747 -0.1053017595808327 -0.01066736436684683
3442 -0.0600367674802848 0.01339803581942915 0.03157161509675681
3443 -0.04128420808497137 0.1100462451173701 -0.01328650651350766
3444 0.06758066281784739 -0.01936888861990223 -0.005722619987689205
3445 0.03849671515975278 -0.02866478471705325 0.01143381100231733
3446 -0.04294379664279925 -0.08055429544647069 -0.01105129776040649
3447 0.04369753117685329 0.09130028127330181 -0.008949165950699719
3448 0.1628525270065669 0.04583939849126327 -0.01245120372237101
3449 -0.1068119062314735 -0.1265765431164814 0.01097737529458283
3450 -0.1321400556532914 -0.03870129784827532 -0.03301274158214565
3451 0.1382821172474178 0.03379819677807326 0.03263490205100135
3452 -0.06464976922700805 -0.1370782370302103 0.01156686497850708
3453 0.1422518425177361 0.1040313353786236 -0.03285409153131937
3454 -0.0380521839010055 -0.08044519442563816 -0.0316615043355652
3455 0.1419620063041307 0.06149048739082667 -0.005135722199563965
3456 -0.120295301243572 -0.08328822101239815 -0.03179770208280798
3457 0.01897786889994829 -0.06554791061127285 -0.01501643428677049
3458 0.01708751819460368 0.04418958735859408 0.01889287016518856
3459 -0.1621595167239551 -0.1335020282112746 -0.01230055017077211
3460 -0.1081487326241031 0.1463852587198609 -0.03261393099008601
3461 -0.1441089716680204 0.08509796700114781 -0.03226891701199777
3462 -0.07796249132243216 -0.06887928991450797 -0.01535778693833763
3463 -0.1397842675105389 0.08760647258502979 0.002688862217860537
3464 -0.02586514399963913 0.09752291718640213 0.01334790306244217
3465 0.04779356183760863 -0.04857531003105183 0.0324787332573996
3466 -0.1892763886530231 -0.05251545641752092 0.01195327750437993
3467 0.08203950167712723 -0.09607668977630532 -0.005724354907502683
3468 -0.04388715380718098 0.05448136226899306 -0.01435395478299812
3469 0.172721868891446 -0.03973737896869325 -0.01355481352346581
3470 -0.1306360157988895 -0.09596158737555674 -0.009086626424232188
3471 -0.1390139617877487 0.0188907880495511 -0.03369133960187135
3472 -0.06283916101697361 0.03392910496890481 -0.03128932000510291
3473 -0.1036450682538226 0.1441192646316654 0.002414408493694158
3474 0.1184980563440774 0.1153826733526429 0.03257999909560584
3475 -0.2035897075961765 0.0998802483130507 -0.001305193118528485
3476 -0.1687696468911358 0.01600516857357145 0.01468594421875587
3477 -0.1436956821195147 0.1260861512204104 -0.01315536098719943
3478 0.07982783253567449 -0.1056889820930975 0.03260624143679637
3479 -0.05629352561797091 -0.1115312095627213 0.03217887817597542
3480 0.08130549393831979 -0.05501629489312157 -0.03170899623970445
3481 -0.02371942384722855 -0.02459292378697013 -0.01116658403997231
3482 -0.08023594871403045 0.04347642422248828 -0.01041534023773602
3483 0.1176805111538651 -0.03402105710851062 -0.03255271586352926
3484 -0.0601044336291213 0.07434211100043303 0.03124245611012364
3485 -0.1400037405553644 -0.1728496655080781 -0.01033661365626836
3486 -0.2051878699247535 0.009470044862601128 0.03247650397424123
3487 -0.06099320530083303 -0.04162619253989327 0.01795467128929274
3488 0.08281580683756519 0.08287158435265898 0.03299215024705676
3489 -0.1338033654219614 -0.03619000579904034 0.03276493499697693
3490 0.0194669082924274 0.05977623244632679 0.01007413955977206
3491 -0.1732767856783448 -0.1002869808396659 -0.01569135146439136
3492 0.122007120360514 0.005085933000514865 -0.03373063529841976
3493 -0.1436134409621253 0.108549206935409 -0.01789098281382955
3494 0.1858264670859518 0.0005120661472428527 0.00614935817112197
3495 -0.1066867864020947 0.1416429901067027 0.03275542397381813
3496 -0.04453746574424803 0.00566955305396645 0.03120610217823671
3497 -0.2012538938841539 -0.0273147299322763 0.0004421134492813492
3498 -0.02543851445142414 -0.09747525323135917 0.01679371282859404
3499 -0.1732460437578571 -0.160316444333744 0.0172615484739903
3500 0.08698614101495862 -0.02935803350927919 0.002526026910928266
3501 -0.01452909515750322 -0.003522696957595962 -0.01375570495722835
3502 -0.09530224423767562 -0.07298294372079817 0.03200848577160023
3503 -0.01141275524499609 0.04572519589929167 -0.01318364355465845
3504 -0.04477591432977057 0.114476805016938 0.01143445323051475
3505 0.01912621839503171 0.08259825804655978 -0.03312410880920538
3506 -0.1625211942638206 0.03031846033372065 0.0161733544905928
3507 -0.09715338940249113 -0.1612605356648671 0.01384715664964191
3508 0.07933787180874118 -0.009145869749955389 -0.03261522998096025
3509 -0.07740304951248057 0.08610976341633374 0.01400177066905551
3510 0.1862982349148609 -0.04089223979448095 0.005772061142466801
3511 -0.07356484850966438 0.007213898815259301 -0.01871824364161205
3512 0.1201504111432847 -0.05967841936403476 0.01495630386731977
3513 0.1975041751560108 -0.01325089590496947 -0.03276966280495339
3514 -0.149951911202924 0.05995864080936438 0.01529397592140423
3515 -0.2004243812973978 0.002545383855319691 -0.03305696806830629
3516 -0.09638202981042462 0.1337796444246684 0.0127676911388907
3517 0.03355710373858465 -0.07006252579839459 -0.0004657587999266115
3518 0.1707875054097012 0.05929220970183371 0.03286644580977088
3519 0.1243028117235878 0.01766328811230777 0.03293191748411305
3520 0.01688986856033597 -0.04140577943499489 -0.0323627578478051
3521 0.1799140018050359 0.05422741211678105 -0.01409299944780121
3522 -0.05793832379348443 -0.06310739959122413 -0.03347571802908089
3523 0.1369039767601058 -0.009165065558020543 -0.01206201549857905
3524 0.2226999878551431 -0.006274694289194153 -0.01493010008015832
3525 0.03904971616086679 -0.06267190966671457 -0.03138625937556393
3526 -0.1567103841154594 -0.08198403511615854 0.03213475206425977
3527 0.1123348134807303 0.1158775937872722 0.0168832493872242
3528 -0.01640630181005275 0.09094506047941782 -0.012952504973104
3529 0.04171134364212632 0.02750835066326568 0.01178658950794206
3530 0.05439916377495167 0.07657373092165717 0.0323617905671593
3531 -0.1392887246125908 0.1314500636844794 0.01183261316368374
3532 -0.09856493066815665 -0.1009124939000534 -0.03261824190906509
3533 -0.133000597091767 0.1571573954670729 0.004704414499561969
3534 -0.1389359599230431 -0.1726098739056433 0.006032417057195168
3535 0.1429831041413478 0.1087340091001001 -0.01423760449151883
3536 -0.006014548258108404 -0.001191817048814035 -0.03304237249628519
3537 -0.1526303417893954 -0.0288879535189047 -0.01366503472193617
3538 -0.08003025136283025 0.002538469961975421 0.007879721064956
3539 -0.1306255256970965 -0.1502502413382917 -0.01409903262564915
3540 -0.179615494917666 -0.1246683323761796 0.00551771525368454
3541 0.1018366104936126 0.1133294769206811 -0.009036020510944008
3542 0.1131973240561566 0.004321347551225837 0.01357326164086568
3543 0.1780644000962953 0.06089820351384721 -0.03224730149511984
3544 -0.1170770432327841 0.01482807709724255 -0.03384937793651418
3545 -0.1711314804604467 0.06021281684540628 0.01562630970405909
3546 0.1054552489360639 0.05874715677872506 -0.01524343094510705
3547 0.008100164680037819 0.02994841495133643 -0.007324654350396444
3548 0.2119748416657205 0.03744753303884532 -0.03145310583332527
3549 -0.1979418599253931 0.052309164173116 0.0333672186008676
3550 -0.1002006033795181 0.04929078753818995 -0.009335337668698122
3551 0.0006893098598841439 -0.06451829112226876 -0.03214713375202598
3552 0.09251985991750884 0.0738236915839654 -0.01665821958166797
3553 -0.1178260290463725 -0.04474478604685855 -0.03327280036333488
3554 -0.2148760118823796 -0.05634612307639297 0.003143854220823558
3555 -0.1816313656830397 -0.1243660028057305 -0.03246991995210739
3556 -0.03730561950768992 0.01691518179017426 -0.03328777388250169
3557 0.04819885788805648 -0.09254771418190795 -0.01036057276756485
3558 0.1351741089997008 -0.06770804453922048 -0.0327432357057648
3559 -0.2000231357957444 0.1135056621122396 -0.01839480030689139
3560 -0.1833450335617701 -0.1465131620634391 0.01457405422881822
3561 0.1278477289541441 0.0711083179941783 0.03170607935715587
3562 -0.03409040071609246 0.03708318631641427 -0.01383681772292291
3563 -0.2095900455746522 -0.07649191323990034 -0.01059687765195593
3564 0.08363539112367858 0.107330281528628 0.02711233061248553
3565 -0.02959831841845528 -0.09738983687884728 0.03217202568598687
3566 -0.1819307219465912 -0.01419517640475572 -0.03160544953202132
3567 0.1003674055032584 0.03489568941382144 0.0335410205042273
3568 -0.1480755638063022 -0.0450271803891618 0.008098991299160325
3569 -0.04563778874736417 -0.0008462659739667706 0.01282762673045321
3570 0.01959738179639393 0.008866624744219443 -0.03268814382981176
3571 0.1842122503315283 0.03789509014041276 -0.002181666751964257
3572 -0.2001876452670617 -0.04832517437970885 -0.007605007164800587
3573 -0.1794667486693538 0.03318615785158535 0.009734898611683859
3574 -0.1088161429326496 0.05945711631816076 -0.01719431002141973
3575 -0.06670498474530207 0.111242481257523 -0.03181067535349796
3576 -0.167559156333044 -0.1614901713404722 0.0334110903076668
3577 -0.1267433119424236 0.1532337548509063 -0.01297721163629828
3578 -0.1667258716323331 0.1342286694294426 0.01598683105212341
3579 -0.1004908276657689 0.02262088952647742 -0.003464810641731724
3580 -0.09567632203591975 0.08629525586789896 0.03368242302483359
3581 -0.1452828860034116 -0.1731687569017156 -0.03120782184256304
3582 -0.1935158823233708 -0.04410435317090743 -0.03237706359412367
3583 -0.1284462937309803 -0.02686893980110159 -0.01423223759453307
3584 -0.1473038801174166 0.03005191164468233 -0.01630898459962964
3585 -0.06857614526216201 -0.1399894598862944 -0.01593013929465994
3586 -0.2001145632627186 -0.04374595348478542 0.03356486718806254
3587 0.1765847819848693 -0.000845574123392371 0.03325790497175038
3588 -0.008616752087289715 0.08659476838195743 0.03134316368780037
3589 0.09779206395300799 0.0142793912887098 0.01725057652608929
3590 -0.06463200693122979 0.1042773208548333 0.03324139115990517
3591 -0.179673659829112 0.09137193068993271 0.01515422369717619
3592 0.1302717533923894 -0.1131361772247834 -0.01507451234350908
3593 0.09953901584426891 -0.04815449337499372 -0.01204341685969683
3594 0.1701922939283027 0.0747747548370245 0.03192430640323558
3595 0.07250690854649125 0.003927223288806984 -0.01300615566728656
3596 0.1134872347366871 0.06986575127950297 0.006175441884138724
3597 -0.009488031635682109 0.03903555554834158 0.03377996256562407
3598 0.1461409416944076 -0.02741844119149036 0.01287945650634218
3599 0.1291944547873097 0.02566845531989362 0.01046862900355337
3600 -0.1010180233451951 -0.09221832084401695 0.03377439898923308
3601 0.1556301559645725 0.03998097516857835 -0.0327411904413259
3602 -0.1451717781415808 0.01939669964267498 0.03423712696009759
3603 0.003992369609511787 -0.0453108252610132 -0.01026325119341674
3604 -0.05676450210555525 0.09352341274684353 -0.003381655580313501
3605 -0.1247233882012413 -0.06155727411835554 0.03289154619392839
3606 -0.08142055876974932 -0.0759642224354511 0.01439138434100836
3607 -0.07825586775205542 -0.02817359835180097 -0.03291490087563326
3608 -0.06258036607200132 0.01716256391197275 0.009957072185943477
3609 -0.04924373357879321 -0.1199506903685874 0.0196952145959051
3610 -0.1859723427508089 0.0453016627283411 -0.01910337500294676
3611 0.03383766744247052 0.02701595429588811 -0.01368625759620319
3612 -0.08889936199549614 0.05531081165977579 0.01504906517250072
3613 0.05718009803407186 -0.0549346715173876 -0.0331145088862842
3614 0.06124086639351233 0.0555593084234895 -0.03332897778298778
3615 0.09203560922133952 -0.09259236426787415 0.03247903328225464
3616 0.1171757525958769 0.03085754891867053 -0.03259036824854747
3617 -0.1059716950817619 -0.07231040840023215 0.0117156364010569
3618 -0.1736552528419207 -0.0581841851622224 0.01458452919189768
3619 0.1557575900343402 -0.01213477269103857 0.03375598734825233
3620 -0.1201561929458178 0.169265362001987 0.03379353069219837
3621 -0.1008868125566996 0.06060996186656491 0.03404857197620602
3622 -0.05171139668029824 -0.09669606650206049 0.01358752815463837
3623 -0.121554256029633 0.08639396137202476 -0.01449475364248534
3624 -0.1927985343181631 0.07478493864895697 0.01019647296808641
3625 -0.07165785757367006 0.1446128840659348 0.01109658342710098
3626 -0.08838921199130743 -0.05165571731288117 0.01647007125354492
3627 0.1598525640394025 0.01811434370856444 -0.0006855921773195098
3628 0.1099216227942279 0.03154281484633399 0.01389876807443512
3629 0.02065293050922883 -0.02283783165349801 0.0345583268939321
3630 0.1157930835772985 0.0007884278310958145 -0.01374933324041166
3631 0.0316890023781255 0.00275441186379736 -0.01572424788826077
3632 0.0944218957003307 -0.09551662665557512 0.01458751679387821
3633 0.1206804155975145 -0.09565115911615055 -0.03357532900644009
3634 -0.03633794734993485 0.05423300267699391 -0.03362182610069597
3635 0.09190279192307622 -0.08993154852912036 -0.03396811136739732
3636 -0.1803979364336961 0.1000963042292005 0.03260906674445435
3637 -0.2088227877226113 0.08394281789161227 0.03309512871447683
3638 -0.07095192779543488 -0.08231645657165292 0.03212426125849292
3639 -0.1213049478764732 -0.1380128491949293 -0.01149229138937764
3640 -0.1740176850794929 -0.0514922304209058 0.0324785023880594
3641 -0.1452649647065086 0.08729646912648688 0.03246538050068545
3642 0.01018585501364248 -0.064434285124637 0.03336740459665281
3643 -0.083467299488835 -0.1276962379922926 0.004287855624340205
3644 -0.1226302659742388 0.04395619408258598 -0.03394611432800226
3645 -0.1383530286167271 -0.05262415516445507 -0.03333493756046509
3646 -0.1109163052736424 -0.01043260728130956 -0.01782286918108375
3647 0.1495352400054855 -0.05680837725331239 -0.0122252821521774
3648 -0.1311825456296477 0.04232538565034757 -0.01295096316806252
3649 -0.01747295138984326 0.01837036883369268 0.03500817271510057
3650 0.1744458554792446 -0.02437753837935778 0.01105581067101944
3651 0.1665485129640845 0.02414027592402825 0.0340228622712546
3652 0.08263970373568535 -0.05923692998739362 0.001843534200676089
3653 -0.1021466754527351 0.01103322961024254 -0.03354401760926354
3654 -0.2238830225125819 -0.005563158284742443 -0.03158204320724137
3655 -0.1674013866917965 0.01480363099811488 -0.001115218946849645
3656 0.1424247303463449 -0.08704691314177154 0.03310100551104562
3657 -0.1490410554741976 -0.04382811003638474 0.03330770694433433
3658 0.06532324644867174 -0.03120371911946849 0.01603484701620791
3659 -0.1402776268915334 0.03246045763959415 0.01140793762542867
3660 0.05724373668477142 0.05220704972651714 0.03306018193373195
3661 0.06102634755057002 -0.01510563906942619 -0.0330559780097953
3662 0.1271019416440671 0.01138653347308656 0.01512675367505678
3663 -0.1787050424530592 -0.003583943709254005 0.03328741733603618
3664 0.1245859569047131 0.1143827495979129 0.007450476245946837
3665 0.00327937664517163 0.04638291799733496 0.01114896916197543
3666 -0.00456958762575348 0.07907180376242212 -0.01834004232459189
3667 -0.01821986120893429 -0.07497706527481839 -0.03294887190326565
3668 0.03051603980173697 0.00962797945713198 0.03332732321384765
3669 -0.03863979695600543 -0.02292655377306752 -0.01783999239656048
3670 -0.02402679867947712 -0.05828056919227115 -0.01450993485260814
3671 -0.07211834722571461 0.004209400534992025 0.03310809249013968
3672 0.1515665398005414 0.105312028871125 0.03410301005160622
3673 -0.175478872905083 0.1588498273799676 -0.03320604308210129
3674 -0.1878309485108473 -0.09205012149563199 -0.03247782621830586
3675 0.1273404879873194 -0.04857669141156092 0.02416876024734576
3676 -0.1616788832140265 -0.07065844747246326 -0.03428933451125644
3677 -0.2194122969550869 0.03131803020387617 0.03259233760477651
3678 0.1987179555350753 -0.008204793826971814 0.03390352472332011
3679 -0.1393073097404312 -0.06632307682589793 0.01671728391921031
3680 0.2227124352925564 -0.00926051390631835 0.009662512378751736
3681 -0.217798783306868 0.01045688136329476 0.01294057244904674
3682 0.08027113408262888 0.04845003257975057 -0.01715584333444779
3683 0.1090125182440157 0.08444322013352483 -0.02779407134944415
3684 0.08743160922641383 0.01538059014911396 -0.01746481901193999
3685 0.1123875234075215 0.02761376610711709 -0.006304669077679064
3686 -0.1068093223629973 -0.0007842698209295168 0.03338180875328949
3687 0.2034391558002337 0.04982059596092637 -0.03128548658490061
3688 -0.1035496681268039 -0.0646266003836076 -0.01832238283272203
3689 0.09250993338746027 -0.003477275349392667 0.03294565443549914
3690 0.03557862378697057 -0.08828522709697612 0.01088782103081411
3691 -0.2146684928800353 0.05525252224626596 0.03309153629400508
3692 0.1493345319574058 0.08592265267126345 0.01156569493274239
3693 0.08483738053261483 -0.06165711859027438 0.03366185237252228
3694 0.1951464357619375 -0.008303694894109299 0.01697734002990356
3695 -0.135495114773347 -0.0002937393649308099 -0.01314461502208476
3696 -0.003626692099817814 0.01178390355725987 0.03412157821248833
3697 -0.1369969712632385 0.1562169782820919 0.03328911657570057
3698 0.05005821743162611 0.01496567942913934 -0.01303466175810533
3699 -0.1084620973957781 0.1087633164319174 -0.01466246642310594
3700 -0.00865611975859587 -0.0379380638336847 0.03371200707284516
3701 -0.08886092089154916 0.08229412841203876 -0.03380640453862366
3702 -0.1578995463261019 0.005874311860745843 0.01223339821599419
3703 0.1095226649495238 0.07685911087287083 0.03336537753558983
3704 -0.04876309140588524 0.0007060919329949316 -0.03390477934853897
3705 -0.1643240818272151 0.1198885571399985 -0.03383586486595224
3706 0.03561072970074227 -0.003261152644357101 0.002741332436343842
3707 0.1056911656952978 0.0792496736611875 0.01518181277250508
3708 -0.0704444458332919 -0.1370256543661257 -0.03366415073673081
3709 -0.1611520691559015 -0.09166744443779912 -0.03358580804937723
3710 -0.1356469591357071 0.05785926286615371 -0.0102344147583134
3711 0.153921076826578 0.04159600557530872 0.007757818926464248
3712 0.1493141043078371 0.01335809549195017 0.02349317772666384
3713 0.009988029579204956 0.06953910662946791 -0.03408262685801393
3714 -0.06268749319657585 -0.06965406148474894 0.004430561683830037
3715 -0.06344440954350512 0.1366998148696323 -0.01525485176434489
3716 -0.03772693545566555 -0.05739288845871016 0.01428516494278147
3717 0.0196577116819998 0.02363184615227361 0.03526368135833346
3718 0.1205639413728203 0.07209127810761173 -0.006996442803415357
3719 0.06173603520245323 0.005469262551283036 0.01074045097761942
3720 -0.2170622296132042 -0.05051297938200715 0.02225030462530679
3721 -0.1309503148065723 -0.03099413361606335 0.0127895650234844
3722 -0.1700077883534557 0.07407152815504266 0.03373030871234615
3723 -0.2117608538712483 0.05309713512635705 -0.03363943585576047
3724 0.1537400256653126 0.06278176441335193 0.0154010555795386
3725 -0.04300908915250495 0.02230701671405969 -0.0157160551072696
3726 -0.1982043476233313 0.03309613169805124 -0.01602870937423736
3727 0.07354764342134792 0.03939353494543852 0.03363081513355184
3728 0.0374015633780814 0.02093467483234715 -0.03317733111666291
3729 0.01760263734916558 -0.01386126725586071 -0.03420287139807485
3730 -0.06585419002792657 -0.01524329341839662 0.01452441990889728
3731 -0.2042527365642831 -0.09992927140455726 -0.02228347252132835
3732 0.2243793902853321 -0.0003217395184239134 0.02878362074336348
3733 0.1765666924441449 0.001530968326930299 -0.03373780192807907
3734 -0.1397629179373994 -0.127873993633896 0.03419362749672807
3735 -0.1323042757472033 -0.1744896188403112 -0.02353376487580799
3736 -0.139927113189636 0.06220490927826827 -0.03205451329489697
3737 0.1945763236866124 0.0608701223885471 0.03123692177994022
3738 0.1944676747341299 -0.03518789558676437 -0.03349364674312276
3739 -0.007490269971515091 -0.0658862756605625 -0.01033764812125078
3740 -0.1921375350945121 -0.01654428070054528 -0.0174142956582611
3741 0.003914382002473786 -0.02108479236511256 -0.03438386188890581
3742 -0.01168756552273488 0.05727285762655206 -0.034333593659564
3743 -0.05325406911805158 -0.03564166004847161 -0.03369080363167986
3744 0.08715303921643468 -0.07156665456587082 -0.01131250687429296
3745 -0.2068006661656774 -0.08631496694927862 0.006605516656982619
3746 -0.1367019886075067 -0.1170820711967985 -0.003238104442113802
3747 -0.08509877280210661 0.01322165953084443 -0.01132528490911502
3748 -0.1054614490336959 -0.04981504421860905 0.03335930759228856
3749 0.1827719826663156 -0.07734105938340911 -0.03337601181270404
3750 0.2249167506700896 0.0217459482689283 0.03498785300403343
3751 -0.04320251400839268 -0.06023388698955166 -0.03314588003566508
3752 0.1122244676809342 0.04401037645179267 -0.006253772127848774
3753 0.02228147918762029 -0.01141685531960253 -0.007368467953049903
3754 0.1399638398570573 -0.07210126042094858 0.01062930872337834
3755 -0.104185634438844 -0.119672672232535 -0.01401800289885769
3756 0.01756008803059041 -0.008213154082416126 0.034378711431454
3757 -0.1156911789778809 -0.08958488455554053 0.03421252118419002
3758 0.05101331558045464 0.09513677854344084 0.003652866534222529
3759 0.1935445527668544 -0.06367292059173324 -0.03103334459707081
3760 0.07502408263580188 0.03366465824357386 0.01609988893275369
$EndNodes
$Elements
20749
1 2 2 2 15 10 1 241
2 2 2 2 15 1 25 247
3 2 2 2 15 241 1 247
4 2 2 2 15 11 10 245
5 2 2 2 15 10 241 245
6 2 2 2 15 12 11 237
7 2 2 2 15 237 11 245
8 2 2 2 15 13 12 244
9 2 2 2 15 12 237 244
10 2 2 2 15 14 13 239
11 2 2 2 15 239 13 244
12 2 2 2 15 15 14 256
13 2 2 2 15 14 239 256
14 2 2 2 15 16 15 234
15 2 2 2 15 234 15 256
16 2 2 2 15 17 16 246
17 2 2 2 15 16 234 246
18 2 2 2 15 18 17 240
19 2 2 2 15 240 17 246
20 2 2 2 15 19 18 242
21 2 2 2 15 18 240 242
22 2 2 2 15 20 19 236
23 2 2 2 15 236 19 242
24 2 2 2 15 21 20 243
25 2 2 2 15 20 236 243
26 2 2 2 15 22 21 238
27 2 2 2 15 238 21 243
28 2 2 2 15 23 22 248
29 2 2 2 15 22 238 248
30 2 2 2 15 24 23 257
31 2 2 2 15 23 248 257
32 2 2 2 15 25 24 235
33 2 2 2 15 235 24 257
34 2 2 2 15 25 235 247
35 2 2 2 15 246 234 259
36 2 2 2 15 253 234 256
37 2 2 2 15 234 253 259
38 2 2 2 15 247 235 255
39 2 2 2 15 235 249 255
40 2 2 2 15 249 235 257
41 2 2 2 15 236 242 252
42 2 2 2 15 243 236 250
43 2 2 2 15 250 236 252
44 2 2 2 15 244 237 258
45 2 2 2 15 237 245 254
46 2 2 2 15 237 254 258
47 2 2 2 15 238 243 250
48 2 2 2 15 248 238 249
49 2 2 2 15 249 238 250
50 2 2 2 15 239 244 258
51 2 2 2 15 239 253 256
52 2 2 2 15 253 239 258
53 2 2 2 15 242 240 252
54 2 2 2 15 240 246 259
55 2 2 2 15 252 240 259
56 2 2 2 15 245 241 254
57 2 2 2 15 241 247 255
58 2 2 2 15 254 241 255
59 2 2 2 15 248 249 257
60 2 2 2 15 249 250 251
61 2 2 2 15 249 251 255
62 2 2 2 15 251 250 252
63 2 2 2 15 251 252 253
64 2 2 2 15 251 253 254
65 2 2 2 15 251 254 255
66 2 2 2 15 253 252 259
67 2 2 2 15 254 253 258
68 2 2 3 16 26 2 265
69 2 2 3 16 2 38 265
70 2 2 3 16 3 31 266
71 2 2 3 16 39 3 266
72 2 2 3 16 4 32 268
73 2 2 3 16 38 4 268
74 2 2 3 16 37 5 267
75 2 2 3 16 5 39 267
76 2 2 3 16 27 26 263
77 2 2 3 16 263 26 265
78 2 2 3 16 28 27 261
79 2 2 3 16 261 27 263
80 2 2 3 16 29 28 264
81 2 2 3 16 28 261 264
82 2 2 3 16 30 29 260
83 2 2 3 16 260 29 264
84 2 2 3 16 31 30 262
85 2 2 3 16 30 260 262
86 2 2 3 16 31 262 266
87 2 2 3 16 32 33 263
88 2 2 3 16 32 263 268
89 2 2 3 16 33 34 261
90 2 2 3 16 33 261 263
91 2 2 3 16 34 35 264
92 2 2 3 16 261 34 264
93 2 2 3 16 35 36 260
94 2 2 3 16 35 260 264
95 2 2 3 16 36 37 262
96 2 2 3 16 260 36 262
97 2 2 3 16 262 37 267
98 2 2 3 16 265 38 268
99 2 2 3 16 39 266 267
100 2 2 3 16 266 262 267
101 2 2 3 16 263 265 268
102 2 2 3 17 32 4 548
103 2 2 3 17 4 46 548
104 2 2 3 17 5 37 542
105 2 2 3 17 91 5 542
106 2 2 3 17 6 40 550
107 2 2 3 17 90 6 550
108 2 2 3 17 45 7 549
109 2 2 3 17 7 135 549
110 2 2 3 17 33 32 309
111 2 2 3 17 309 32 548
112 2 2 3 17 34 33 523
113 2 2 3 17 33 309 523
114 2 2 3 17 35 34 271
115 2 2 3 17 271 34 523
116 2 2 3 17 36 35 540
117 2 2 3 17 35 271 540
118 2 2 3 17 37 36 542
119 2 2 3 17 438 36 540
120 2 2 3 17 36 438 542
121 2 2 3 17 40 41 509
122 2 2 3 17 40 509 550
123 2 2 3 17 41 42 499
124 2 2 3 17 41 499 509
125 2 2 3 17 42 43 269
126 2 2 3 17 42 269 499
127 2 2 3 17 43 44 498
128 2 2 3 17 269 43 498
129 2 2 3 17 44 45 308
130 2 2 3 17 44 308 498
131 2 2 3 17 308 45 549
132 2 2 3 17 46 47 506
133 2 2 3 17 46 506 548
134 2 2 3 17 47 48 304
135 2 2 3 17 47 304 506
136 2 2 3 17 48 49 444
137 2 2 3 17 304 48 444
138 2 2 3 17 49 50 282
139 2 2 3 17 49 282 444
140 2 2 3 17 50 51 564
141 2 2 3 17 282 50 564
142 2 2 3 17 51 52 539
143 2 2 3 17 462 51 539
144 2 2 3 17 51 462 564
145 2 2 3 17 52 53 277
146 2 2 3 17 52 277 539
147 2 2 3 17 53 54 480
148 2 2 3 17 277 53 480
149 2 2 3 17 54 55 481
150 2 2 3 17 480 54 481
151 2 2 3 17 55 56 274
152 2 2 3 17 55 274 481
153 2 2 3 17 56 57 551
154 2 2 3 17 274 56 551
155 2 2 3 17 57 58 467
156 2 2 3 17 57 467 551
157 2 2 3 17 58 59 280
158 2 2 3 17 58 280 467
159 2 2 3 17 59 60 457
160 2 2 3 17 280 59 457
161 2 2 3 17 60 61 458
162 2 2 3 17 457 60 458
163 2 2 3 17 61 62 278
164 2 2 3 17 61 278 458
165 2 2 3 17 62 63 501
166 2 2 3 17 278 62 501
167 2 2 3 17 63 64 285
168 2 2 3 17 63 285 501
169 2 2 3 17 64 65 505
170 2 2 3 17 285 64 505
171 2 2 3 17 65 66 303
172 2 2 3 17 65 303 505
173 2 2 3 17 66 67 508
174 2 2 3 17 303 66 508
175 2 2 3 17 67 68 281
176 2 2 3 17 67 281 508
177 2 2 3 17 68 69 512
178 2 2 3 17 281 68 512
179 2 2 3 17 69 70 299
180 2 2 3 17 69 299 512
181 2 2 3 17 70 71 515
182 2 2 3 17 299 70 515
183 2 2 3 17 71 72 279
184 2 2 3 17 71 279 515
185 2 2 3 17 72 73 517
186 2 2 3 17 279 72 517
187 2 2 3 17 73 74 301
188 2 2 3 17 73 301 517
189 2 2 3 17 74 75 519
190 2 2 3 17 301 74 519
191 2 2 3 17 75 76 289
192 2 2 3 17 75 289 519
193 2 2 3 17 76 77 524
194 2 2 3 17 289 76 524
195 2 2 3 17 77 78 273
196 2 2 3 17 77 273 524
197 2 2 3 17 78 79 526
198 2 2 3 17 273 78 526
199 2 2 3 17 79 80 527
200 2 2 3 17 526 79 527
201 2 2 3 17 80 81 276
202 2 2 3 17 80 276 527
203 2 2 3 17 81 82 473
204 2 2 3 17 276 81 473
205 2 2 3 17 82 83 531
206 2 2 3 17 473 82 531
207 2 2 3 17 83 84 283
208 2 2 3 17 83 283 531
209 2 2 3 17 84 85 533
210 2 2 3 17 283 84 533
211 2 2 3 17 85 86 298
212 2 2 3 17 85 298 533
213 2 2 3 17 86 87 536
214 2 2 3 17 298 86 536
215 2 2 3 17 87 88 287
216 2 2 3 17 87 287 536
217 2 2 3 17 88 89 535
218 2 2 3 17 287 88 535
219 2 2 3 17 89 90 307
220 2 2 3 17 89 307 535
221 2 2 3 17 307 90 550
222 2 2 3 17 92 91 306
223 2 2 3 17 306 91 542
224 2 2 3 17 93 92 310
225 2 2 3 17 92 306 310
226 2 2 3 17 94 93 295
227 2 2 3 17 295 93 310
228 2 2 3 17 95 94 443
229 2 2 3 17 94 295 443
230 2 2 3 17 96 95 446
231 2 2 3 17 95 443 446
232 2 2 3 17 97 96 294
233 2 2 3 17 294 96 446
234 2 2 3 17 98 97 459
235 2 2 3 17 97 294 459
236 2 2 3 17 99 98 432
237 2 2 3 17 432 98 459
238 2 2 3 17 100 99 288
239 2 2 3 17 288 99 432
240 2 2 3 17 101 100 513
241 2 2 3 17 100 288 513
242 2 2 3 17 102 101 494
243 2 2 3 17 494 101 513
244 2 2 3 17 103 102 292
245 2 2 3 17 292 102 494
246 2 2 3 17 104 103 451
247 2 2 3 17 103 292 451
248 2 2 3 17 105 104 297
249 2 2 3 17 297 104 451
250 2 2 3 17 106 105 453
251 2 2 3 17 105 297 453
252 2 2 3 17 107 106 504
253 2 2 3 17 106 453 504
254 2 2 3 17 108 107 290
255 2 2 3 17 290 107 504
256 2 2 3 17 109 108 492
257 2 2 3 17 108 290 492
258 2 2 3 17 110 109 272
259 2 2 3 17 272 109 492
260 2 2 3 17 111 110 465
261 2 2 3 17 110 272 465
262 2 2 3 17 112 111 291
263 2 2 3 17 291 111 465
264 2 2 3 17 113 112 454
265 2 2 3 17 112 291 454
266 2 2 3 17 114 113 455
267 2 2 3 17 113 454 455
268 2 2 3 17 115 114 284
269 2 2 3 17 284 114 455
270 2 2 3 17 116 115 484
271 2 2 3 17 115 284 484
272 2 2 3 17 117 116 300
273 2 2 3 17 300 116 484
274 2 2 3 17 118 117 485
275 2 2 3 17 117 300 485
276 2 2 3 17 119 118 486
277 2 2 3 17 118 485 486
278 2 2 3 17 120 119 275
279 2 2 3 17 275 119 486
280 2 2 3 17 121 120 489
281 2 2 3 17 120 275 489
282 2 2 3 17 122 121 302
283 2 2 3 17 302 121 489
284 2 2 3 17 123 122 478
285 2 2 3 17 122 302 478
286 2 2 3 17 124 123 286
287 2 2 3 17 286 123 478
288 2 2 3 17 125 124 476
289 2 2 3 17 124 286 476
290 2 2 3 17 126 125 562
291 2 2 3 17 125 476 562
292 2 2 3 17 127 126 293
293 2 2 3 17 293 126 562
294 2 2 3 17 128 127 530
295 2 2 3 17 127 293 530
296 2 2 3 17 129 128 558
297 2 2 3 17 450 128 530
298 2 2 3 17 128 450 558
299 2 2 3 17 130 129 296
300 2 2 3 17 296 129 558
301 2 2 3 17 131 130 447
302 2 2 3 17 130 296 447
303 2 2 3 17 132 131 270
304 2 2 3 17 270 131 447
305 2 2 3 17 133 132 441
306 2 2 3 17 132 270 441
307 2 2 3 17 134 133 305
308 2 2 3 17 305 133 441
309 2 2 3 17 135 134 445
310 2 2 3 17 134 305 445
311 2 2 3 17 135 445 549
312 2 2 3 17 269 498 511
313 2 2 3 17 499 269 554
314 2 2 3 17 269 511 554
315 2 2 3 17 441 270 442
316 2 2 3 17 442 270 553
317 2 2 3 17 270 447 553
318 2 2 3 17 271 440 540
319 2 2 3 17 440 271 560
320 2 2 3 17 271 523 560
321 2 2 3 17 428 272 492
322 2 2 3 17 272 428 496
323 2 2 3 17 465 272 496
324 2 2 3 17 273 422 524
325 2 2 3 17 422 273 525
326 2 2 3 17 273 493 525
327 2 2 3 17 493 273 526
328 2 2 3 17 274 472 495
329 2 2 3 17 472 274 551
330 2 2 3 17 481 274 495
331 2 2 3 17 275 486 487
332 2 2 3 17 275 487 520
333 2 2 3 17 489 275 520
334 2 2 3 17 276 411 527
335 2 2 3 17 411 276 528
336 2 2 3 17 276 473 529
337 2 2 3 17 528 276 529
338 2 2 3 17 479 277 482
339 2 2 3 17 277 479 565
340 2 2 3 17 277 480 482
341 2 2 3 17 539 277 565
342 2 2 3 17 278 412 500
343 2 2 3 17 412 278 501
344 2 2 3 17 458 278 500
345 2 2 3 17 279 420 516
346 2 2 3 17 420 279 517
347 2 2 3 17 515 279 516
348 2 2 3 17 280 457 460
349 2 2 3 17 280 460 471
350 2 2 3 17 467 280 471
351 2 2 3 17 281 417 510
352 2 2 3 17 417 281 512
353 2 2 3 17 508 281 510
354 2 2 3 17 444 282 557
355 2 2 3 17 463 282 545
356 2 2 3 17 282 463 557
357 2 2 3 17 545 282 564
358 2 2 3 17 283 413 531
359 2 2 3 17 413 283 532
360 2 2 3 17 283 427 532
361 2 2 3 17 427 283 533
362 2 2 3 17 284 455 456
363 2 2 3 17 284 456 497
364 2 2 3 17 484 284 497
365 2 2 3 17 285 414 503
366 2 2 3 17 414 285 505
367 2 2 3 17 501 285 503
368 2 2 3 17 286 416 477
369 2 2 3 17 416 286 478
370 2 2 3 17 476 286 477
371 2 2 3 17 287 429 536
372 2 2 3 17 429 287 537
373 2 2 3 17 430 287 535
374 2 2 3 17 287 430 537
375 2 2 3 17 288 432 434
376 2 2 3 17 288 434 502
377 2 2 3 17 288 502 513
378 2 2 3 17 289 421 519
379 2 2 3 17 421 289 522
380 2 2 3 17 289 422 522
381 2 2 3 17 422 289 524
382 2 2 3 17 290 470 488
383 2 2 3 17 470 290 504
384 2 2 3 17 290 488 492
385 2 2 3 17 291 426 464
386 2 2 3 17 426 291 465
387 2 2 3 17 454 291 464
388 2 2 3 17 451 292 468
389 2 2 3 17 468 292 469
390 2 2 3 17 469 292 494
391 2 2 3 17 293 475 561
392 2 2 3 17 475 293 562
393 2 2 3 17 530 293 546
394 2 2 3 17 546 293 561
395 2 2 3 17 294 435 439
396 2 2 3 17 435 294 446
397 2 2 3 17 294 439 459
398 2 2 3 17 295 310 311
399 2 2 3 17 295 311 312
400 2 2 3 17 295 312 443
401 2 2 3 17 447 296 448
402 2 2 3 17 448 296 449
403 2 2 3 17 449 296 558
404 2 2 3 17 431 297 451
405 2 2 3 17 297 431 452
406 2 2 3 17 297 452 453
407 2 2 3 17 298 427 533
408 2 2 3 17 427 298 534
409 2 2 3 17 298 429 534
410 2 2 3 17 429 298 536
411 2 2 3 17 299 419 514
412 2 2 3 17 419 299 515
413 2 2 3 17 512 299 514
414 2 2 3 17 300 423 483
415 2 2 3 17 423 300 484
416 2 2 3 17 300 483 485
417 2 2 3 17 301 420 517
418 2 2 3 17 420 301 518
419 2 2 3 17 301 421 518
420 2 2 3 17 421 301 519
421 2 2 3 17 418 302 489
422 2 2 3 17 302 418 491
423 2 2 3 17 478 302 491
424 2 2 3 17 303 415 507
425 2 2 3 17 415 303 508
426 2 2 3 17 505 303 507
427 2 2 3 17 304 444 552
428 2 2 3 17 506 304 544
429 2 2 3 17 544 304 552
430 2 2 3 17 305 441 555
431 2 2 3 17 445 305 543
432 2 2 3 17 543 305 555
433 2 2 3 17 310 306 437
434 2 2 3 17 437 306 438
435 2 2 3 17 438 306 542
436 2 2 3 17 430 307 521
437 2 2 3 17 307 430 535
438 2 2 3 17 307 509 521
439 2 2 3 17 509 307 550
440 2 2 3 17 308 445 538
441 2 2 3 17 445 308 549
442 2 2 3 17 498 308 538
443 2 2 3 17 309 433 523
444 2 2 3 17 433 309 544
445 2 2 3 17 309 506 544
446 2 2 3 17 506 309 548
447 2 2 3 17 311 310 437
448 2 2 3 17 312 311 313
449 2 2 3 17 313 311 436
450 2 2 3 17 436 311 437
451 2 2 3 17 312 313 314
452 2 2 3 17 312 314 490
453 2 2 3 17 443 312 490
454 2 2 3 17 314 313 315
455 2 2 3 17 315 313 317
456 2 2 3 17 317 313 436
457 2 2 3 17 314 315 316
458 2 2 3 17 314 316 318
459 2 2 3 17 314 318 490
460 2 2 3 17 316 315 463
461 2 2 3 17 315 317 405
462 2 2 3 17 315 405 463
463 2 2 3 17 318 316 319
464 2 2 3 17 319 316 461
465 2 2 3 17 461 316 463
466 2 2 3 17 405 317 424
467 2 2 3 17 424 317 425
468 2 2 3 17 425 317 436
469 2 2 3 17 318 319 320
470 2 2 3 17 318 320 435
471 2 2 3 17 318 435 490
472 2 2 3 17 320 319 321
473 2 2 3 17 321 319 403
474 2 2 3 17 403 319 461
475 2 2 3 17 320 321 322
476 2 2 3 17 320 322 439
477 2 2 3 17 435 320 439
478 2 2 3 17 322 321 323
479 2 2 3 17 323 321 479
480 2 2 3 17 321 403 479
481 2 2 3 17 322 323 324
482 2 2 3 17 322 324 393
483 2 2 3 17 322 393 439
484 2 2 3 17 324 323 325
485 2 2 3 17 325 323 482
486 2 2 3 17 323 479 482
487 2 2 3 17 324 325 326
488 2 2 3 17 324 326 434
489 2 2 3 17 393 324 434
490 2 2 3 17 326 325 327
491 2 2 3 17 327 325 404
492 2 2 3 17 404 325 482
493 2 2 3 17 326 327 328
494 2 2 3 17 326 328 502
495 2 2 3 17 434 326 502
496 2 2 3 17 328 327 329
497 2 2 3 17 329 327 495
498 2 2 3 17 327 404 495
499 2 2 3 17 328 329 330
500 2 2 3 17 328 330 387
501 2 2 3 17 328 387 502
502 2 2 3 17 330 329 331
503 2 2 3 17 331 329 541
504 2 2 3 17 329 495 541
505 2 2 3 17 330 331 332
506 2 2 3 17 330 332 469
507 2 2 3 17 387 330 469
508 2 2 3 17 332 331 333
509 2 2 3 17 333 331 406
510 2 2 3 17 406 331 541
511 2 2 3 17 332 333 334
512 2 2 3 17 332 334 468
513 2 2 3 17 332 468 469
514 2 2 3 17 334 333 335
515 2 2 3 17 335 333 471
516 2 2 3 17 333 406 471
517 2 2 3 17 334 335 336
518 2 2 3 17 334 336 431
519 2 2 3 17 334 431 468
520 2 2 3 17 336 335 337
521 2 2 3 17 337 335 460
522 2 2 3 17 460 335 471
523 2 2 3 17 336 337 338
524 2 2 3 17 336 338 452
525 2 2 3 17 431 336 452
526 2 2 3 17 338 337 339
527 2 2 3 17 339 337 407
528 2 2 3 17 407 337 460
529 2 2 3 17 338 339 340
530 2 2 3 17 338 340 379
531 2 2 3 17 338 379 452
532 2 2 3 17 340 339 341
533 2 2 3 17 341 339 500
534 2 2 3 17 339 407 500
535 2 2 3 17 340 341 342
536 2 2 3 17 340 342 470
537 2 2 3 17 379 340 470
538 2 2 3 17 342 341 343
539 2 2 3 17 343 341 412
540 2 2 3 17 412 341 500
541 2 2 3 17 342 343 344
542 2 2 3 17 342 344 488
543 2 2 3 17 470 342 488
544 2 2 3 17 344 343 345
545 2 2 3 17 345 343 503
546 2 2 3 17 343 412 503
547 2 2 3 17 344 345 346
548 2 2 3 17 344 346 428
549 2 2 3 17 344 428 488
550 2 2 3 17 346 345 347
551 2 2 3 17 347 345 414
552 2 2 3 17 414 345 503
553 2 2 3 17 346 347 348
554 2 2 3 17 346 348 496
555 2 2 3 17 428 346 496
556 2 2 3 17 348 347 349
557 2 2 3 17 349 347 507
558 2 2 3 17 347 414 507
559 2 2 3 17 348 349 350
560 2 2 3 17 348 350 426
561 2 2 3 17 348 426 496
562 2 2 3 17 350 349 351
563 2 2 3 17 351 349 415
564 2 2 3 17 415 349 507
565 2 2 3 17 350 351 352
566 2 2 3 17 350 352 464
567 2 2 3 17 426 350 464
568 2 2 3 17 352 351 353
569 2 2 3 17 353 351 510
570 2 2 3 17 351 415 510
571 2 2 3 17 352 353 354
572 2 2 3 17 352 354 363
573 2 2 3 17 352 363 464
574 2 2 3 17 354 353 355
575 2 2 3 17 355 353 417
576 2 2 3 17 417 353 510
577 2 2 3 17 354 355 356
578 2 2 3 17 354 356 456
579 2 2 3 17 363 354 456
580 2 2 3 17 356 355 357
581 2 2 3 17 357 355 514
582 2 2 3 17 355 417 514
583 2 2 3 17 356 357 358
584 2 2 3 17 356 358 497
585 2 2 3 17 456 356 497
586 2 2 3 17 358 357 359
587 2 2 3 17 359 357 419
588 2 2 3 17 419 357 514
589 2 2 3 17 358 359 360
590 2 2 3 17 358 360 423
591 2 2 3 17 358 423 497
592 2 2 3 17 360 359 361
593 2 2 3 17 361 359 516
594 2 2 3 17 359 419 516
595 2 2 3 17 360 361 362
596 2 2 3 17 360 362 483
597 2 2 3 17 423 360 483
598 2 2 3 17 362 361 364
599 2 2 3 17 364 361 420
600 2 2 3 17 420 361 516
601 2 2 3 17 362 364 365
602 2 2 3 17 362 365 368
603 2 2 3 17 362 368 483
604 2 2 3 17 454 363 455
605 2 2 3 17 363 454 464
606 2 2 3 17 455 363 456
607 2 2 3 17 365 364 366
608 2 2 3 17 366 364 518
609 2 2 3 17 364 420 518
610 2 2 3 17 365 366 367
611 2 2 3 17 365 367 487
612 2 2 3 17 368 365 487
613 2 2 3 17 367 366 369
614 2 2 3 17 369 366 421
615 2 2 3 17 421 366 518
616 2 2 3 17 367 369 370
617 2 2 3 17 367 370 563
618 2 2 3 17 487 367 563
619 2 2 3 17 483 368 485
620 2 2 3 17 485 368 486
621 2 2 3 17 486 368 487
622 2 2 3 17 370 369 371
623 2 2 3 17 371 369 522
624 2 2 3 17 369 421 522
625 2 2 3 17 370 371 372
626 2 2 3 17 370 372 418
627 2 2 3 17 370 418 563
628 2 2 3 17 372 371 373
629 2 2 3 17 373 371 422
630 2 2 3 17 422 371 522
631 2 2 3 17 372 373 374
632 2 2 3 17 372 374 491
633 2 2 3 17 418 372 491
634 2 2 3 17 374 373 375
635 2 2 3 17 375 373 525
636 2 2 3 17 373 422 525
637 2 2 3 17 374 375 376
638 2 2 3 17 374 376 416
639 2 2 3 17 374 416 491
640 2 2 3 17 376 375 377
641 2 2 3 17 377 375 493
642 2 2 3 17 493 375 525
643 2 2 3 17 376 377 378
644 2 2 3 17 376 378 566
645 2 2 3 17 416 376 566
646 2 2 3 17 378 377 380
647 2 2 3 17 380 377 411
648 2 2 3 17 411 377 493
649 2 2 3 17 378 380 381
650 2 2 3 17 378 381 386
651 2 2 3 17 378 386 566
652 2 2 3 17 452 379 453
653 2 2 3 17 453 379 504
654 2 2 3 17 379 470 504
655 2 2 3 17 381 380 382
656 2 2 3 17 382 380 528
657 2 2 3 17 380 411 528
658 2 2 3 17 381 382 383
659 2 2 3 17 381 383 474
660 2 2 3 17 386 381 474
661 2 2 3 17 383 382 384
662 2 2 3 17 384 382 529
663 2 2 3 17 382 528 529
664 2 2 3 17 383 384 385
665 2 2 3 17 383 385 466
666 2 2 3 17 383 466 474
667 2 2 3 17 385 384 388
668 2 2 3 17 388 384 413
669 2 2 3 17 413 384 529
670 2 2 3 17 385 388 389
671 2 2 3 17 385 389 392
672 2 2 3 17 385 392 466
673 2 2 3 17 386 474 475
674 2 2 3 17 386 475 476
675 2 2 3 17 386 476 477
676 2 2 3 17 386 477 566
677 2 2 3 17 387 469 494
678 2 2 3 17 387 494 513
679 2 2 3 17 502 387 513
680 2 2 3 17 389 388 390
681 2 2 3 17 390 388 532
682 2 2 3 17 388 413 532
683 2 2 3 17 389 390 391
684 2 2 3 17 389 391 559
685 2 2 3 17 392 389 559
686 2 2 3 17 391 390 394
687 2 2 3 17 394 390 427
688 2 2 3 17 427 390 532
689 2 2 3 17 391 394 395
690 2 2 3 17 391 395 556
691 2 2 3 17 391 556 559
692 2 2 3 17 392 449 450
693 2 2 3 17 449 392 559
694 2 2 3 17 392 450 546
695 2 2 3 17 466 392 546
696 2 2 3 17 432 393 434
697 2 2 3 17 393 432 459
698 2 2 3 17 439 393 459
699 2 2 3 17 395 394 396
700 2 2 3 17 396 394 534
701 2 2 3 17 394 427 534
702 2 2 3 17 395 396 397
703 2 2 3 17 395 397 410
704 2 2 3 17 395 410 556
705 2 2 3 17 397 396 398
706 2 2 3 17 398 396 429
707 2 2 3 17 429 396 534
708 2 2 3 17 397 398 399
709 2 2 3 17 397 399 547
710 2 2 3 17 410 397 547
711 2 2 3 17 399 398 400
712 2 2 3 17 400 398 537
713 2 2 3 17 398 429 537
714 2 2 3 17 399 400 401
715 2 2 3 17 399 401 408
716 2 2 3 17 399 408 547
717 2 2 3 17 401 400 402
718 2 2 3 17 402 400 430
719 2 2 3 17 430 400 537
720 2 2 3 17 401 402 511
721 2 2 3 17 408 401 409
722 2 2 3 17 409 401 511
723 2 2 3 17 402 430 521
724 2 2 3 17 511 402 554
725 2 2 3 17 402 521 554
726 2 2 3 17 403 461 462
727 2 2 3 17 403 462 565
728 2 2 3 17 479 403 565
729 2 2 3 17 404 480 481
730 2 2 3 17 480 404 482
731 2 2 3 17 404 481 495
732 2 2 3 17 405 424 552
733 2 2 3 17 463 405 557
734 2 2 3 17 405 552 557
735 2 2 3 17 406 467 471
736 2 2 3 17 467 406 472
737 2 2 3 17 472 406 541
738 2 2 3 17 407 457 458
739 2 2 3 17 457 407 460
740 2 2 3 17 407 458 500
741 2 2 3 17 408 409 543
742 2 2 3 17 408 442 547
743 2 2 3 17 442 408 555
744 2 2 3 17 408 543 555
745 2 2 3 17 409 511 538
746 2 2 3 17 409 538 543
747 2 2 3 17 442 410 547
748 2 2 3 17 410 442 553
749 2 2 3 17 448 410 553
750 2 2 3 17 410 448 556
751 2 2 3 17 411 493 526
752 2 2 3 17 411 526 527
753 2 2 3 17 412 501 503
754 2 2 3 17 473 413 529
755 2 2 3 17 413 473 531
756 2 2 3 17 414 505 507
757 2 2 3 17 415 508 510
758 2 2 3 17 477 416 566
759 2 2 3 17 416 478 491
760 2 2 3 17 417 512 514
761 2 2 3 17 418 489 520
762 2 2 3 17 418 520 563
763 2 2 3 17 419 515 516
764 2 2 3 17 423 484 497
765 2 2 3 17 424 425 433
766 2 2 3 17 424 433 544
767 2 2 3 17 424 544 552
768 2 2 3 17 433 425 560
769 2 2 3 17 425 436 440
770 2 2 3 17 425 440 560
771 2 2 3 17 426 465 496
772 2 2 3 17 488 428 492
773 2 2 3 17 431 451 468
774 2 2 3 17 523 433 560
775 2 2 3 17 435 446 490
776 2 2 3 17 436 437 440
777 2 2 3 17 437 438 440
778 2 2 3 17 440 438 540
779 2 2 3 17 441 442 555
780 2 2 3 17 446 443 490
781 2 2 3 17 552 444 557
782 2 2 3 17 538 445 543
783 2 2 3 17 447 448 553
784 2 2 3 17 448 449 556
785 2 2 3 17 450 449 558
786 2 2 3 17 556 449 559
787 2 2 3 17 450 530 546
788 2 2 3 17 462 461 545
789 2 2 3 17 461 463 545
790 2 2 3 17 462 539 565
791 2 2 3 17 462 545 564
792 2 2 3 17 474 466 561
793 2 2 3 17 466 546 561
794 2 2 3 17 467 472 551
795 2 2 3 17 495 472 541
796 2 2 3 17 475 474 561
797 2 2 3 17 476 475 562
798 2 2 3 17 520 487 563
799 2 2 3 17 511 498 538
800 2 2 3 17 509 499 521
801 2 2 3 17 521 499 554
802 2 2 3 18 6 847 40
803 2 2 3 18 186 847 6
804 2 2 3 18 45 846 7
805 2 2 3 18 7 846 231
806 2 2 3 18 136 845 8
807 2 2 3 18 8 845 142
808 2 2 3 18 9 839 141
809 2 2 3 18 187 839 9
810 2 2 3 18 40 808 41
811 2 2 3 18 40 847 808
812 2 2 3 18 41 799 42
813 2 2 3 18 41 808 799
814 2 2 3 18 42 567 43
815 2 2 3 18 42 799 567
816 2 2 3 18 43 798 44
817 2 2 3 18 567 798 43
818 2 2 3 18 44 608 45
819 2 2 3 18 44 798 608
820 2 2 3 18 608 846 45
821 2 2 3 18 137 609 136
822 2 2 3 18 609 845 136
823 2 2 3 18 138 822 137
824 2 2 3 18 137 822 609
825 2 2 3 18 139 569 138
826 2 2 3 18 569 822 138
827 2 2 3 18 140 838 139
828 2 2 3 18 139 838 569
829 2 2 3 18 141 839 140
830 2 2 3 18 738 838 140
831 2 2 3 18 140 839 738
832 2 2 3 18 142 805 143
833 2 2 3 18 142 845 805
834 2 2 3 18 143 604 144
835 2 2 3 18 143 805 604
836 2 2 3 18 144 743 145
837 2 2 3 18 604 743 144
838 2 2 3 18 145 580 146
839 2 2 3 18 145 743 580
840 2 2 3 18 146 765 147
841 2 2 3 18 580 765 146
842 2 2 3 18 147 767 148
843 2 2 3 18 765 767 147
844 2 2 3 18 148 575 149
845 2 2 3 18 148 767 575
846 2 2 3 18 149 780 150
847 2 2 3 18 575 780 149
848 2 2 3 18 150 601 151
849 2 2 3 18 150 780 601
850 2 2 3 18 151 797 152
851 2 2 3 18 601 797 151
852 2 2 3 18 152 586 153
853 2 2 3 18 152 797 586
854 2 2 3 18 153 769 154
855 2 2 3 18 586 769 153
856 2 2 3 18 154 762 155
857 2 2 3 18 154 769 762
858 2 2 3 18 155 594 156
859 2 2 3 18 155 762 594
860 2 2 3 18 156 800 157
861 2 2 3 18 594 800 156
862 2 2 3 18 157 576 158
863 2 2 3 18 157 800 576
864 2 2 3 18 158 802 159
865 2 2 3 18 576 802 158
866 2 2 3 18 159 583 160
867 2 2 3 18 159 802 583
868 2 2 3 18 160 804 161
869 2 2 3 18 583 804 160
870 2 2 3 18 161 603 162
871 2 2 3 18 161 804 603
872 2 2 3 18 162 807 163
873 2 2 3 18 603 807 162
874 2 2 3 18 163 579 164
875 2 2 3 18 163 807 579
876 2 2 3 18 164 811 165
877 2 2 3 18 579 811 164
878 2 2 3 18 165 598 166
879 2 2 3 18 165 811 598
880 2 2 3 18 166 814 167
881 2 2 3 18 598 814 166
882 2 2 3 18 167 577 168
883 2 2 3 18 167 814 577
884 2 2 3 18 168 816 169
885 2 2 3 18 577 816 168
886 2 2 3 18 169 600 170
887 2 2 3 18 169 816 600
888 2 2 3 18 170 819 171
889 2 2 3 18 600 819 170
890 2 2 3 18 171 587 172
891 2 2 3 18 171 819 587
892 2 2 3 18 172 823 173
893 2 2 3 18 587 823 172
894 2 2 3 18 173 571 174
895 2 2 3 18 173 823 571
896 2 2 3 18 174 825 175
897 2 2 3 18 571 825 174
898 2 2 3 18 175 826 176
899 2 2 3 18 825 826 175
900 2 2 3 18 176 574 177
901 2 2 3 18 176 826 574
902 2 2 3 18 177 772 178
903 2 2 3 18 574 772 177
904 2 2 3 18 178 830 179
905 2 2 3 18 772 830 178
906 2 2 3 18 179 581 180
907 2 2 3 18 179 830 581
908 2 2 3 18 180 832 181
909 2 2 3 18 581 832 180
910 2 2 3 18 181 595 182
911 2 2 3 18 181 832 595
912 2 2 3 18 182 835 183
913 2 2 3 18 595 835 182
914 2 2 3 18 183 585 184
915 2 2 3 18 183 835 585
916 2 2 3 18 184 834 185
917 2 2 3 18 585 834 184
918 2 2 3 18 185 607 186
919 2 2 3 18 185 834 607
920 2 2 3 18 607 847 186
921 2 2 3 18 188 606 187
922 2 2 3 18 606 839 187
923 2 2 3 18 189 610 188
924 2 2 3 18 188 610 606
925 2 2 3 18 190 596 189
926 2 2 3 18 596 610 189
927 2 2 3 18 191 749 190
928 2 2 3 18 190 749 596
929 2 2 3 18 192 592 191
930 2 2 3 18 592 749 191
931 2 2 3 18 193 761 192
932 2 2 3 18 192 761 592
933 2 2 3 18 194 735 193
934 2 2 3 18 735 761 193
935 2 2 3 18 195 589 194
936 2 2 3 18 589 735 194
937 2 2 3 18 196 789 195
938 2 2 3 18 195 789 589
939 2 2 3 18 197 572 196
940 2 2 3 18 572 789 196
941 2 2 3 18 198 812 197
942 2 2 3 18 197 812 572
943 2 2 3 18 199 791 198
944 2 2 3 18 791 812 198
945 2 2 3 18 200 578 199
946 2 2 3 18 578 791 199
947 2 2 3 18 201 750 200
948 2 2 3 18 200 750 578
949 2 2 3 18 202 597 201
950 2 2 3 18 597 750 201
951 2 2 3 18 203 752 202
952 2 2 3 18 202 752 597
953 2 2 3 18 204 588 203
954 2 2 3 18 588 752 203
955 2 2 3 18 205 754 204
956 2 2 3 18 204 754 588
957 2 2 3 18 206 570 205
958 2 2 3 18 570 754 205
959 2 2 3 18 207 787 206
960 2 2 3 18 206 787 570
961 2 2 3 18 208 590 207
962 2 2 3 18 590 787 207
963 2 2 3 18 209 758 208
964 2 2 3 18 208 758 590
965 2 2 3 18 210 759 209
966 2 2 3 18 209 759 758
967 2 2 3 18 211 582 210
968 2 2 3 18 582 759 210
969 2 2 3 18 212 785 211
970 2 2 3 18 211 785 582
971 2 2 3 18 213 599 212
972 2 2 3 18 599 785 212
973 2 2 3 18 214 782 213
974 2 2 3 18 213 782 599
975 2 2 3 18 215 783 214
976 2 2 3 18 214 783 782
977 2 2 3 18 216 573 215
978 2 2 3 18 573 783 215
979 2 2 3 18 217 788 216
980 2 2 3 18 216 788 573
981 2 2 3 18 218 602 217
982 2 2 3 18 602 788 217
983 2 2 3 18 219 777 218
984 2 2 3 18 218 777 602
985 2 2 3 18 220 584 219
986 2 2 3 18 584 777 219
987 2 2 3 18 221 775 220
988 2 2 3 18 220 775 584
989 2 2 3 18 222 860 221
990 2 2 3 18 221 860 775
991 2 2 3 18 223 591 222
992 2 2 3 18 591 860 222
993 2 2 3 18 224 829 223
994 2 2 3 18 223 829 591
995 2 2 3 18 225 855 224
996 2 2 3 18 748 829 224
997 2 2 3 18 224 855 748
998 2 2 3 18 226 593 225
999 2 2 3 18 593 855 225
1000 2 2 3 18 227 745 226
1001 2 2 3 18 226 745 593
1002 2 2 3 18 228 568 227
1003 2 2 3 18 568 745 227
1004 2 2 3 18 229 741 228
1005 2 2 3 18 228 741 568
1006 2 2 3 18 230 605 229
1007 2 2 3 18 605 741 229
1008 2 2 3 18 231 744 230
1009 2 2 3 18 230 744 605
1010 2 2 3 18 231 846 744
1011 2 2 3 18 567 810 798
1012 2 2 3 18 799 851 567
1013 2 2 3 18 567 851 810
1014 2 2 3 18 741 742 568
1015 2 2 3 18 742 849 568
1016 2 2 3 18 568 849 745
1017 2 2 3 18 569 838 740
1018 2 2 3 18 740 857 569
1019 2 2 3 18 569 857 822
1020 2 2 3 18 728 754 570
1021 2 2 3 18 570 755 728
1022 2 2 3 18 570 787 755
1023 2 2 3 18 571 823 722
1024 2 2 3 18 722 824 571
1025 2 2 3 18 571 824 795
1026 2 2 3 18 795 825 571
1027 2 2 3 18 733 789 572
1028 2 2 3 18 572 793 733
1029 2 2 3 18 572 812 793
1030 2 2 3 18 573 784 783
1031 2 2 3 18 573 818 784
1032 2 2 3 18 788 818 573
1033 2 2 3 18 574 826 711
1034 2 2 3 18 711 827 574
1035 2 2 3 18 574 828 772
1036 2 2 3 18 827 828 574
1037 2 2 3 18 767 864 575
1038 2 2 3 18 575 865 780
1039 2 2 3 18 864 865 575
1040 2 2 3 18 576 801 712
1041 2 2 3 18 712 802 576
1042 2 2 3 18 800 801 576
1043 2 2 3 18 577 814 718
1044 2 2 3 18 718 815 577
1045 2 2 3 18 577 815 720
1046 2 2 3 18 720 816 577
1047 2 2 3 18 750 756 578
1048 2 2 3 18 756 757 578
1049 2 2 3 18 757 791 578
1050 2 2 3 18 579 809 717
1051 2 2 3 18 717 811 579
1052 2 2 3 18 807 809 579
1053 2 2 3 18 743 854 580
1054 2 2 3 18 580 859 765
1055 2 2 3 18 854 859 580
1056 2 2 3 18 581 830 713
1057 2 2 3 18 713 831 581
1058 2 2 3 18 581 831 727
1059 2 2 3 18 727 832 581
1060 2 2 3 18 582 760 759
1061 2 2 3 18 582 778 760
1062 2 2 3 18 582 785 778
1063 2 2 3 18 583 803 714
1064 2 2 3 18 714 804 583
1065 2 2 3 18 802 803 583
1066 2 2 3 18 584 776 716
1067 2 2 3 18 716 777 584
1068 2 2 3 18 775 776 584
1069 2 2 3 18 585 835 729
1070 2 2 3 18 729 836 585
1071 2 2 3 18 730 834 585
1072 2 2 3 18 585 836 730
1073 2 2 3 18 586 770 769
1074 2 2 3 18 586 840 770
1075 2 2 3 18 797 840 586
1076 2 2 3 18 587 819 721
1077 2 2 3 18 721 821 587
1078 2 2 3 18 587 821 722
1079 2 2 3 18 722 823 587
1080 2 2 3 18 731 752 588
1081 2 2 3 18 588 753 731
1082 2 2 3 18 588 754 753
1083 2 2 3 18 589 739 735
1084 2 2 3 18 589 790 739
1085 2 2 3 18 789 790 589
1086 2 2 3 18 590 764 726
1087 2 2 3 18 726 787 590
1088 2 2 3 18 758 764 590
1089 2 2 3 18 591 858 774
1090 2 2 3 18 774 860 591
1091 2 2 3 18 829 843 591
1092 2 2 3 18 843 858 591
1093 2 2 3 18 592 786 749
1094 2 2 3 18 761 768 592
1095 2 2 3 18 768 786 592
1096 2 2 3 18 745 746 593
1097 2 2 3 18 746 747 593
1098 2 2 3 18 747 855 593
1099 2 2 3 18 594 796 710
1100 2 2 3 18 710 800 594
1101 2 2 3 18 762 796 594
1102 2 2 3 18 595 832 727
1103 2 2 3 18 727 833 595
1104 2 2 3 18 595 833 729
1105 2 2 3 18 729 835 595
1106 2 2 3 18 596 611 610
1107 2 2 3 18 596 612 611
1108 2 2 3 18 596 749 612
1109 2 2 3 18 732 750 597
1110 2 2 3 18 597 751 732
1111 2 2 3 18 597 752 751
1112 2 2 3 18 598 813 718
1113 2 2 3 18 718 814 598
1114 2 2 3 18 811 813 598
1115 2 2 3 18 599 781 723
1116 2 2 3 18 723 785 599
1117 2 2 3 18 599 782 781
1118 2 2 3 18 600 816 720
1119 2 2 3 18 720 817 600
1120 2 2 3 18 600 817 721
1121 2 2 3 18 721 819 600
1122 2 2 3 18 601 794 708
1123 2 2 3 18 708 797 601
1124 2 2 3 18 780 794 601
1125 2 2 3 18 719 788 602
1126 2 2 3 18 602 792 719
1127 2 2 3 18 777 792 602
1128 2 2 3 18 603 806 715
1129 2 2 3 18 715 807 603
1130 2 2 3 18 804 806 603
1131 2 2 3 18 604 850 743
1132 2 2 3 18 805 842 604
1133 2 2 3 18 842 850 604
1134 2 2 3 18 605 852 741
1135 2 2 3 18 744 841 605
1136 2 2 3 18 841 852 605
1137 2 2 3 18 610 737 606
1138 2 2 3 18 737 738 606
1139 2 2 3 18 738 839 606
1140 2 2 3 18 730 820 607
1141 2 2 3 18 607 834 730
1142 2 2 3 18 607 820 808
1143 2 2 3 18 808 847 607
1144 2 2 3 18 608 837 744
1145 2 2 3 18 744 846 608
1146 2 2 3 18 798 837 608
1147 2 2 3 18 609 822 734
1148 2 2 3 18 734 842 609
1149 2 2 3 18 609 842 805
1150 2 2 3 18 805 845 609
1151 2 2 3 18 611 737 610
1152 2 2 3 18 612 613 611
1153 2 2 3 18 613 736 611
1154 2 2 3 18 736 737 611
1155 2 2 3 18 612 614 613
1156 2 2 3 18 612 786 614
1157 2 2 3 18 749 786 612
1158 2 2 3 18 614 615 613
1159 2 2 3 18 615 617 613
1160 2 2 3 18 617 736 613
1161 2 2 3 18 614 616 615
1162 2 2 3 18 614 618 616
1163 2 2 3 18 614 786 618
1164 2 2 3 18 616 763 615
1165 2 2 3 18 615 703 617
1166 2 2 3 18 615 763 703
1167 2 2 3 18 618 619 616
1168 2 2 3 18 619 771 616
1169 2 2 3 18 616 771 763
1170 2 2 3 18 703 724 617
1171 2 2 3 18 724 725 617
1172 2 2 3 18 725 736 617
1173 2 2 3 18 618 620 619
1174 2 2 3 18 618 768 620
1175 2 2 3 18 618 786 768
1176 2 2 3 18 620 621 619
1177 2 2 3 18 621 702 619
1178 2 2 3 18 702 771 619
1179 2 2 3 18 620 622 621
1180 2 2 3 18 620 692 622
1181 2 2 3 18 620 768 692
1182 2 2 3 18 622 623 621
1183 2 2 3 18 623 779 621
1184 2 2 3 18 621 779 702
1185 2 2 3 18 622 624 623
1186 2 2 3 18 622 739 624
1187 2 2 3 18 692 739 622
1188 2 2 3 18 624 625 623
1189 2 2 3 18 625 707 623
1190 2 2 3 18 707 779 623
1191 2 2 3 18 624 626 625
1192 2 2 3 18 624 790 626
1193 2 2 3 18 739 790 624
1194 2 2 3 18 626 627 625
1195 2 2 3 18 627 794 625
1196 2 2 3 18 625 794 707
1197 2 2 3 18 626 628 627
1198 2 2 3 18 626 733 628
1199 2 2 3 18 626 790 733
1200 2 2 3 18 628 629 627
1201 2 2 3 18 629 708 627
1202 2 2 3 18 708 794 627
1203 2 2 3 18 628 630 629
1204 2 2 3 18 628 793 630
1205 2 2 3 18 733 793 628
1206 2 2 3 18 630 631 629
1207 2 2 3 18 631 840 629
1208 2 2 3 18 629 840 708
1209 2 2 3 18 630 632 631
1210 2 2 3 18 630 686 632
1211 2 2 3 18 630 793 686
1212 2 2 3 18 632 633 631
1213 2 2 3 18 633 848 631
1214 2 2 3 18 770 840 631
1215 2 2 3 18 631 848 770
1216 2 2 3 18 632 634 633
1217 2 2 3 18 632 757 634
1218 2 2 3 18 686 757 632
1219 2 2 3 18 634 635 633
1220 2 2 3 18 635 704 633
1221 2 2 3 18 704 848 633
1222 2 2 3 18 634 636 635
1223 2 2 3 18 634 756 636
1224 2 2 3 18 634 757 756
1225 2 2 3 18 636 637 635
1226 2 2 3 18 637 796 635
1227 2 2 3 18 635 796 704
1228 2 2 3 18 636 638 637
1229 2 2 3 18 636 732 638
1230 2 2 3 18 636 756 732
1231 2 2 3 18 638 639 637
1232 2 2 3 18 639 710 637
1233 2 2 3 18 710 796 637
1234 2 2 3 18 638 640 639
1235 2 2 3 18 638 751 640
1236 2 2 3 18 732 751 638
1237 2 2 3 18 640 641 639
1238 2 2 3 18 641 801 639
1239 2 2 3 18 639 801 710
1240 2 2 3 18 640 642 641
1241 2 2 3 18 640 731 642
1242 2 2 3 18 640 751 731
1243 2 2 3 18 642 643 641
1244 2 2 3 18 643 712 641
1245 2 2 3 18 712 801 641
1246 2 2 3 18 642 644 643
1247 2 2 3 18 642 753 644
1248 2 2 3 18 731 753 642
1249 2 2 3 18 644 645 643
1250 2 2 3 18 645 803 643
1251 2 2 3 18 643 803 712
1252 2 2 3 18 644 646 645
1253 2 2 3 18 644 728 646
1254 2 2 3 18 644 753 728
1255 2 2 3 18 646 647 645
1256 2 2 3 18 647 714 645
1257 2 2 3 18 714 803 645
1258 2 2 3 18 646 648 647
1259 2 2 3 18 646 755 648
1260 2 2 3 18 728 755 646
1261 2 2 3 18 648 649 647
1262 2 2 3 18 649 806 647
1263 2 2 3 18 647 806 714
1264 2 2 3 18 648 650 649
1265 2 2 3 18 648 726 650
1266 2 2 3 18 648 755 726
1267 2 2 3 18 650 651 649
1268 2 2 3 18 651 715 649
1269 2 2 3 18 715 806 649
1270 2 2 3 18 650 652 651
1271 2 2 3 18 650 764 652
1272 2 2 3 18 726 764 650
1273 2 2 3 18 652 653 651
1274 2 2 3 18 653 809 651
1275 2 2 3 18 651 809 715
1276 2 2 3 18 652 654 653
1277 2 2 3 18 652 663 654
1278 2 2 3 18 652 764 663
1279 2 2 3 18 654 655 653
1280 2 2 3 18 655 717 653
1281 2 2 3 18 717 809 653
1282 2 2 3 18 654 656 655
1283 2 2 3 18 654 760 656
1284 2 2 3 18 663 760 654
1285 2 2 3 18 656 657 655
1286 2 2 3 18 657 813 655
1287 2 2 3 18 655 813 717
1288 2 2 3 18 656 658 657
1289 2 2 3 18 656 778 658
1290 2 2 3 18 760 778 656
1291 2 2 3 18 658 659 657
1292 2 2 3 18 659 718 657
1293 2 2 3 18 718 813 657
1294 2 2 3 18 658 660 659
1295 2 2 3 18 658 723 660
1296 2 2 3 18 658 778 723
1297 2 2 3 18 660 661 659
1298 2 2 3 18 661 815 659
1299 2 2 3 18 659 815 718
1300 2 2 3 18 660 662 661
1301 2 2 3 18 660 781 662
1302 2 2 3 18 723 781 660
1303 2 2 3 18 662 664 661
1304 2 2 3 18 664 720 661
1305 2 2 3 18 720 815 661
1306 2 2 3 18 662 665 664
1307 2 2 3 18 662 668 665
1308 2 2 3 18 662 781 668
1309 2 2 3 18 758 759 663
1310 2 2 3 18 663 764 758
1311 2 2 3 18 759 760 663
1312 2 2 3 18 665 666 664
1313 2 2 3 18 666 817 664
1314 2 2 3 18 664 817 720
1315 2 2 3 18 665 667 666
1316 2 2 3 18 665 784 667
1317 2 2 3 18 668 784 665
1318 2 2 3 18 667 669 666
1319 2 2 3 18 669 721 666
1320 2 2 3 18 721 817 666
1321 2 2 3 18 667 670 669
1322 2 2 3 18 667 861 670
1323 2 2 3 18 784 861 667
1324 2 2 3 18 781 782 668
1325 2 2 3 18 782 783 668
1326 2 2 3 18 783 784 668
1327 2 2 3 18 670 671 669
1328 2 2 3 18 671 821 669
1329 2 2 3 18 669 821 721
1330 2 2 3 18 670 672 671
1331 2 2 3 18 670 719 672
1332 2 2 3 18 670 861 719
1333 2 2 3 18 672 673 671
1334 2 2 3 18 673 722 671
1335 2 2 3 18 722 821 671
1336 2 2 3 18 672 674 673
1337 2 2 3 18 672 792 674
1338 2 2 3 18 719 792 672
1339 2 2 3 18 674 675 673
1340 2 2 3 18 675 824 673
1341 2 2 3 18 673 824 722
1342 2 2 3 18 674 676 675
1343 2 2 3 18 674 716 676
1344 2 2 3 18 674 792 716
1345 2 2 3 18 676 677 675
1346 2 2 3 18 677 795 675
1347 2 2 3 18 795 824 675
1348 2 2 3 18 676 678 677
1349 2 2 3 18 676 863 678
1350 2 2 3 18 716 863 676
1351 2 2 3 18 678 679 677
1352 2 2 3 18 679 711 677
1353 2 2 3 18 711 795 677
1354 2 2 3 18 678 680 679
1355 2 2 3 18 678 685 680
1356 2 2 3 18 678 863 685
1357 2 2 3 18 680 681 679
1358 2 2 3 18 681 827 679
1359 2 2 3 18 679 827 711
1360 2 2 3 18 680 682 681
1361 2 2 3 18 680 773 682
1362 2 2 3 18 685 773 680
1363 2 2 3 18 682 683 681
1364 2 2 3 18 683 828 681
1365 2 2 3 18 681 828 827
1366 2 2 3 18 682 684 683
1367 2 2 3 18 682 766 684
1368 2 2 3 18 682 773 766
1369 2 2 3 18 684 687 683
1370 2 2 3 18 687 713 683
1371 2 2 3 18 713 828 683
1372 2 2 3 18 684 688 687
1373 2 2 3 18 684 691 688
1374 2 2 3 18 684 766 691
1375 2 2 3 18 685 774 773
1376 2 2 3 18 685 775 774
1377 2 2 3 18 685 776 775
1378 2 2 3 18 685 863 776
1379 2 2 3 18 686 791 757
1380 2 2 3 18 686 812 791
1381 2 2 3 18 793 812 686
1382 2 2 3 18 688 689 687
1383 2 2 3 18 689 831 687
1384 2 2 3 18 687 831 713
1385 2 2 3 18 688 690 689
1386 2 2 3 18 688 856 690
1387 2 2 3 18 691 856 688
1388 2 2 3 18 690 693 689
1389 2 2 3 18 693 727 689
1390 2 2 3 18 727 831 689
1391 2 2 3 18 690 694 693
1392 2 2 3 18 690 853 694
1393 2 2 3 18 690 856 853
1394 2 2 3 18 691 748 747
1395 2 2 3 18 747 856 691
1396 2 2 3 18 691 843 748
1397 2 2 3 18 766 843 691
1398 2 2 3 18 735 739 692
1399 2 2 3 18 692 761 735
1400 2 2 3 18 692 768 761
1401 2 2 3 18 694 695 693
1402 2 2 3 18 695 833 693
1403 2 2 3 18 693 833 727
1404 2 2 3 18 694 696 695
1405 2 2 3 18 694 709 696
1406 2 2 3 18 694 853 709
1407 2 2 3 18 696 697 695
1408 2 2 3 18 697 729 695
1409 2 2 3 18 729 833 695
1410 2 2 3 18 696 698 697
1411 2 2 3 18 696 844 698
1412 2 2 3 18 709 844 696
1413 2 2 3 18 698 699 697
1414 2 2 3 18 699 836 697
1415 2 2 3 18 697 836 729
1416 2 2 3 18 698 700 699
1417 2 2 3 18 698 705 700
1418 2 2 3 18 698 844 705
1419 2 2 3 18 700 701 699
1420 2 2 3 18 701 730 699
1421 2 2 3 18 730 836 699
1422 2 2 3 18 700 810 701
1423 2 2 3 18 705 706 700
1424 2 2 3 18 706 810 700
1425 2 2 3 18 701 820 730
1426 2 2 3 18 810 851 701
1427 2 2 3 18 701 851 820
1428 2 2 3 18 702 862 771
1429 2 2 3 18 779 864 702
1430 2 2 3 18 702 864 862
1431 2 2 3 18 703 850 724
1432 2 2 3 18 763 854 703
1433 2 2 3 18 703 854 850
1434 2 2 3 18 762 769 704
1435 2 2 3 18 704 796 762
1436 2 2 3 18 769 848 704
1437 2 2 3 18 705 841 706
1438 2 2 3 18 705 844 742
1439 2 2 3 18 742 852 705
1440 2 2 3 18 705 852 841
1441 2 2 3 18 706 837 810
1442 2 2 3 18 706 841 837
1443 2 2 3 18 707 865 779
1444 2 2 3 18 707 794 780
1445 2 2 3 18 780 865 707
1446 2 2 3 18 708 840 797
1447 2 2 3 18 742 844 709
1448 2 2 3 18 709 849 742
1449 2 2 3 18 746 849 709
1450 2 2 3 18 709 853 746
1451 2 2 3 18 710 801 800
1452 2 2 3 18 711 825 795
1453 2 2 3 18 711 826 825
1454 2 2 3 18 712 803 802
1455 2 2 3 18 772 828 713
1456 2 2 3 18 713 830 772
1457 2 2 3 18 714 806 804
1458 2 2 3 18 715 809 807
1459 2 2 3 18 776 863 716
1460 2 2 3 18 716 792 777
1461 2 2 3 18 717 813 811
1462 2 2 3 18 719 818 788
1463 2 2 3 18 719 861 818
1464 2 2 3 18 778 785 723
1465 2 2 3 18 724 734 725
1466 2 2 3 18 724 842 734
1467 2 2 3 18 724 850 842
1468 2 2 3 18 734 857 725
1469 2 2 3 18 725 740 736
1470 2 2 3 18 725 857 740
1471 2 2 3 18 755 787 726
1472 2 2 3 18 753 754 728
1473 2 2 3 18 751 752 731
1474 2 2 3 18 732 756 750
1475 2 2 3 18 733 790 789
1476 2 2 3 18 822 857 734
1477 2 2 3 18 736 740 737
1478 2 2 3 18 737 740 738
1479 2 2 3 18 740 838 738
1480 2 2 3 18 741 852 742
1481 2 2 3 18 850 854 743
1482 2 2 3 18 837 841 744
1483 2 2 3 18 745 849 746
1484 2 2 3 18 746 853 747
1485 2 2 3 18 748 855 747
1486 2 2 3 18 853 856 747
1487 2 2 3 18 748 843 829
1488 2 2 3 18 771 859 763
1489 2 2 3 18 763 859 854
1490 2 2 3 18 765 862 767
1491 2 2 3 18 859 862 765
1492 2 2 3 18 773 858 766
1493 2 2 3 18 766 858 843
1494 2 2 3 18 862 864 767
1495 2 2 3 18 770 848 769
1496 2 2 3 18 771 862 859
1497 2 2 3 18 774 858 773
1498 2 2 3 18 775 860 774
1499 2 2 3 18 779 865 864
1500 2 2 3 18 818 861 784
1501 2 2 3 18 810 837 798
1502 2 2 3 18 808 820 799
1503 2 2 3 18 820 851 799
1504 2 2 3 19 26 871 2
1505 2 2 3 19 2 871 232
1506 2 2 3 19 3 872 31
1507 2 2 3 19 233 872 3
1508 2 2 3 19 8 874 136
1509 2 2 3 19 232 874 8
1510 2 2 3 19 141 873 9
1511 2 2 3 19 9 873 233
1512 2 2 3 19 27 869 26
1513 2 2 3 19 869 871 26
1514 2 2 3 19 28 867 27
1515 2 2 3 19 867 869 27
1516 2 2 3 19 29 870 28
1517 2 2 3 19 28 870 867
1518 2 2 3 19 30 866 29
1519 2 2 3 19 866 870 29
1520 2 2 3 19 31 868 30
1521 2 2 3 19 30 868 866
1522 2 2 3 19 31 872 868
1523 2 2 3 19 136 869 137
1524 2 2 3 19 136 874 869
1525 2 2 3 19 137 867 138
1526 2 2 3 19 137 869 867
1527 2 2 3 19 138 870 139
1528 2 2 3 19 867 870 138
1529 2 2 3 19 139 866 140
1530 2 2 3 19 139 870 866
1531 2 2 3 19 140 868 141
1532 2 2 3 19 866 868 140
1533 2 2 3 19 868 873 141
1534 2 2 3 19 871 874 232
1535 2 2 3 19 233 873 872
1536 2 2 3 19 872 873 868
1537 2 2 3 19 869 874 871
1538 2 2 3 20 38 2 1446
1539 2 2 3 20 2 232 891
1540 2 2 3 20 2 891 1446
1541 2 2 3 20 4 38 1153
1542 2 2 3 20 46 4 1459
1543 2 2 3 20 4 1153 1459
1544 2 2 3 20 6 90 1419
1545 2 2 3 20 186 6 1387
1546 2 2 3 20 1387 6 1419
1547 2 2 3 20 8 142 1176
1548 2 2 3 20 232 8 1461
1549 2 2 3 20 8 1176 1461
1550 2 2 3 20 1153 38 1446
1551 2 2 3 20 47 46 897
1552 2 2 3 20 897 46 1459
1553 2 2 3 20 48 47 1443
1554 2 2 3 20 47 897 1443
1555 2 2 3 20 49 48 1394
1556 2 2 3 20 1394 48 1443
1557 2 2 3 20 50 49 883
1558 2 2 3 20 883 49 1394
1559 2 2 3 20 51 50 1392
1560 2 2 3 20 50 883 1392
1561 2 2 3 20 52 51 907
1562 2 2 3 20 907 51 1392
1563 2 2 3 20 53 52 1400
1564 2 2 3 20 52 907 1400
1565 2 2 3 20 54 53 892
1566 2 2 3 20 892 53 1400
1567 2 2 3 20 55 54 1429
1568 2 2 3 20 54 892 1429
1569 2 2 3 20 56 55 912
1570 2 2 3 20 912 55 1429
1571 2 2 3 20 57 56 1434
1572 2 2 3 20 56 912 1434
1573 2 2 3 20 58 57 898
1574 2 2 3 20 898 57 1434
1575 2 2 3 20 59 58 1386
1576 2 2 3 20 58 898 1386
1577 2 2 3 20 60 59 1233
1578 2 2 3 20 1233 59 1386
1579 2 2 3 20 61 60 879
1580 2 2 3 20 879 60 1233
1581 2 2 3 20 62 61 1210
1582 2 2 3 20 61 879 1210
1583 2 2 3 20 63 62 1209
1584 2 2 3 20 1209 62 1210
1585 2 2 3 20 64 63 886
1586 2 2 3 20 886 63 1209
1587 2 2 3 20 65 64 1477
1588 2 2 3 20 64 886 915
1589 2 2 3 20 64 915 1477
1590 2 2 3 20 66 65 875
1591 2 2 3 20 875 65 1477
1592 2 2 3 20 67 66 1190
1593 2 2 3 20 66 875 1190
1594 2 2 3 20 68 67 1224
1595 2 2 3 20 67 1190 1224
1596 2 2 3 20 69 68 885
1597 2 2 3 20 885 68 1224
1598 2 2 3 20 70 69 1393
1599 2 2 3 20 69 885 1393
1600 2 2 3 20 71 70 906
1601 2 2 3 20 906 70 1393
1602 2 2 3 20 72 71 1406
1603 2 2 3 20 71 906 1406
1604 2 2 3 20 73 72 1405
1605 2 2 3 20 1405 72 1406
1606 2 2 3 20 74 73 890
1607 2 2 3 20 890 73 1405
1608 2 2 3 20 75 74 1444
1609 2 2 3 20 74 890 1444
1610 2 2 3 20 76 75 1439
1611 2 2 3 20 1439 75 1444
1612 2 2 3 20 77 76 900
1613 2 2 3 20 900 76 1439
1614 2 2 3 20 78 77 1471
1615 2 2 3 20 77 900 1471
1616 2 2 3 20 79 78 914
1617 2 2 3 20 914 78 1471
1618 2 2 3 20 80 79 1421
1619 2 2 3 20 79 914 1421
1620 2 2 3 20 81 80 895
1621 2 2 3 20 895 80 1421
1622 2 2 3 20 82 81 1479
1623 2 2 3 20 81 895 1479
1624 2 2 3 20 83 82 1425
1625 2 2 3 20 82 1212 1425
1626 2 2 3 20 1212 82 1479
1627 2 2 3 20 84 83 888
1628 2 2 3 20 888 83 1425
1629 2 2 3 20 85 84 1441
1630 2 2 3 20 84 888 1441
1631 2 2 3 20 86 85 901
1632 2 2 3 20 901 85 1441
1633 2 2 3 20 87 86 1382
1634 2 2 3 20 86 901 1382
1635 2 2 3 20 88 87 880
1636 2 2 3 20 880 87 1382
1637 2 2 3 20 89 88 1385
1638 2 2 3 20 88 880 1385
1639 2 2 3 20 90 89 903
1640 2 2 3 20 903 89 1385
1641 2 2 3 20 90 903 1419
1642 2 2 3 20 142 143 1372
1643 2 2 3 20 1176 142 1372
1644 2 2 3 20 143 144 904
1645 2 2 3 20 143 904 1372
1646 2 2 3 20 144 145 1379
1647 2 2 3 20 904 144 1379
1648 2 2 3 20 145 146 878
1649 2 2 3 20 145 878 1379
1650 2 2 3 20 146 147 1391
1651 2 2 3 20 878 146 1391
1652 2 2 3 20 147 148 908
1653 2 2 3 20 147 908 1391
1654 2 2 3 20 148 149 1401
1655 2 2 3 20 908 148 1401
1656 2 2 3 20 149 150 893
1657 2 2 3 20 149 893 1401
1658 2 2 3 20 150 151 1430
1659 2 2 3 20 893 150 1430
1660 2 2 3 20 151 152 913
1661 2 2 3 20 151 913 1430
1662 2 2 3 20 152 153 1435
1663 2 2 3 20 913 152 1435
1664 2 2 3 20 153 154 899
1665 2 2 3 20 153 899 1435
1666 2 2 3 20 154 155 1389
1667 2 2 3 20 899 154 1389
1668 2 2 3 20 155 156 1236
1669 2 2 3 20 155 1236 1389
1670 2 2 3 20 156 157 881
1671 2 2 3 20 156 881 1236
1672 2 2 3 20 157 158 1460
1673 2 2 3 20 881 157 1460
1674 2 2 3 20 158 159 1351
1675 2 2 3 20 1211 158 1351
1676 2 2 3 20 158 1211 1460
1677 2 2 3 20 159 160 884
1678 2 2 3 20 159 884 1351
1679 2 2 3 20 160 161 1150
1680 2 2 3 20 884 160 1150
1681 2 2 3 20 161 162 877
1682 2 2 3 20 161 877 1427
1683 2 2 3 20 1150 161 1427
1684 2 2 3 20 162 163 1191
1685 2 2 3 20 877 162 1191
1686 2 2 3 20 163 164 1223
1687 2 2 3 20 1191 163 1223
1688 2 2 3 20 164 165 887
1689 2 2 3 20 164 887 1223
1690 2 2 3 20 165 166 1408
1691 2 2 3 20 887 165 1408
1692 2 2 3 20 166 167 910
1693 2 2 3 20 166 910 1408
1694 2 2 3 20 167 168 1407
1695 2 2 3 20 910 167 1407
1696 2 2 3 20 168 169 894
1697 2 2 3 20 168 894 1407
1698 2 2 3 20 169 170 1409
1699 2 2 3 20 894 169 1409
1700 2 2 3 20 170 171 911
1701 2 2 3 20 170 911 1409
1702 2 2 3 20 171 172 1476
1703 2 2 3 20 911 171 1476
1704 2 2 3 20 172 173 896
1705 2 2 3 20 172 896 1476
1706 2 2 3 20 173 174 1416
1707 2 2 3 20 896 173 1416
1708 2 2 3 20 174 175 1456
1709 2 2 3 20 1416 174 1456
1710 2 2 3 20 175 176 909
1711 2 2 3 20 175 909 1456
1712 2 2 3 20 176 177 1404
1713 2 2 3 20 909 176 1404
1714 2 2 3 20 177 178 889
1715 2 2 3 20 177 889 1404
1716 2 2 3 20 178 179 1390
1717 2 2 3 20 889 178 1390
1718 2 2 3 20 179 180 905
1719 2 2 3 20 179 905 1390
1720 2 2 3 20 180 181 1297
1721 2 2 3 20 905 180 1297
1722 2 2 3 20 181 182 882
1723 2 2 3 20 181 882 1297
1724 2 2 3 20 182 183 1381
1725 2 2 3 20 882 182 1381
1726 2 2 3 20 183 184 902
1727 2 2 3 20 183 902 1381
1728 2 2 3 20 184 185 1384
1729 2 2 3 20 902 184 1384
1730 2 2 3 20 185 186 876
1731 2 2 3 20 185 876 1384
1732 2 2 3 20 876 186 1387
1733 2 2 3 20 891 232 1461
1734 2 2 3 20 1190 875 1438
1735 2 2 3 20 1376 875 1399
1736 2 2 3 20 875 1376 1438
1737 2 2 3 20 1399 875 1477
1738 2 2 3 20 876 1208 1384
1739 2 2 3 20 1208 876 1437
1740 2 2 3 20 876 1387 1437
1741 2 2 3 20 877 1191 1410
1742 2 2 3 20 1261 877 1410
1743 2 2 3 20 877 1261 1427
1744 2 2 3 20 1242 878 1378
1745 2 2 3 20 878 1242 1379
1746 2 2 3 20 1378 878 1391
1747 2 2 3 20 1210 879 1412
1748 2 2 3 20 879 1233 1234
1749 2 2 3 20 879 1234 1412
1750 2 2 3 20 880 1382 1417
1751 2 2 3 20 1385 880 1467
1752 2 2 3 20 880 1417 1467
1753 2 2 3 20 1236 881 1420
1754 2 2 3 20 881 1411 1420
1755 2 2 3 20 1411 881 1460
1756 2 2 3 20 882 1221 1296
1757 2 2 3 20 1221 882 1381
1758 2 2 3 20 882 1296 1297
1759 2 2 3 20 1392 883 1480
1760 2 2 3 20 883 1394 1455
1761 2 2 3 20 883 1455 1480
1762 2 2 3 20 884 1150 1151
1763 2 2 3 20 884 1151 1152
1764 2 2 3 20 884 1152 1351
1765 2 2 3 20 1206 885 1224
1766 2 2 3 20 885 1206 1383
1767 2 2 3 20 885 1383 1393
1768 2 2 3 20 915 886 916
1769 2 2 3 20 916 886 917
1770 2 2 3 20 917 886 1209
1771 2 2 3 20 1223 887 1380
1772 2 2 3 20 1380 887 1388
1773 2 2 3 20 1388 887 1408
1774 2 2 3 20 1346 888 1396
1775 2 2 3 20 888 1346 1441
1776 2 2 3 20 1396 888 1425
1777 2 2 3 20 1218 889 1219
1778 2 2 3 20 889 1218 1404
1779 2 2 3 20 1219 889 1390
1780 2 2 3 20 890 1402 1444
1781 2 2 3 20 1402 890 1470
1782 2 2 3 20 890 1405 1470
1783 2 2 3 20 891 1237 1238
1784 2 2 3 20 1237 891 1397
1785 2 2 3 20 891 1238 1446
1786 2 2 3 20 1397 891 1461
1787 2 2 3 20 892 1398 1429
1788 2 2 3 20 1398 892 1469
1789 2 2 3 20 892 1400 1469
1790 2 2 3 20 893 1371 1401
1791 2 2 3 20 1371 893 1453
1792 2 2 3 20 893 1430 1453
1793 2 2 3 20 1214 894 1409
1794 2 2 3 20 894 1214 1454
1795 2 2 3 20 1407 894 1454
1796 2 2 3 20 895 1421 1466
1797 2 2 3 20 895 1466 1474
1798 2 2 3 20 895 1474 1479
1799 2 2 3 20 1215 896 1273
1800 2 2 3 20 896 1215 1414
1801 2 2 3 20 1273 896 1416
1802 2 2 3 20 896 1414 1476
1803 2 2 3 20 897 1217 1403
1804 2 2 3 20 1217 897 1459
1805 2 2 3 20 897 1403 1443
1806 2 2 3 20 898 1222 1436
1807 2 2 3 20 1222 898 1468
1808 2 2 3 20 1386 898 1436
1809 2 2 3 20 898 1434 1468
1810 2 2 3 20 899 1389 1472
1811 2 2 3 20 899 1433 1435
1812 2 2 3 20 1433 899 1472
1813 2 2 3 20 1374 900 1439
1814 2 2 3 20 900 1374 1445
1815 2 2 3 20 900 1445 1471
1816 2 2 3 20 1346 901 1441
1817 2 2 3 20 901 1346 1473
1818 2 2 3 20 1382 901 1473
1819 2 2 3 20 1381 902 1415
1820 2 2 3 20 902 1384 1458
1821 2 2 3 20 1415 902 1458
1822 2 2 3 20 1220 903 1385
1823 2 2 3 20 903 1220 1395
1824 2 2 3 20 903 1395 1419
1825 2 2 3 20 1243 904 1379
1826 2 2 3 20 904 1243 1452
1827 2 2 3 20 1372 904 1452
1828 2 2 3 20 905 1297 1478
1829 2 2 3 20 1390 905 1413
1830 2 2 3 20 1413 905 1478
1831 2 2 3 20 906 1393 1451
1832 2 2 3 20 1406 906 1463
1833 2 2 3 20 906 1451 1463
1834 2 2 3 20 1192 907 1392
1835 2 2 3 20 907 1192 1428
1836 2 2 3 20 1400 907 1428
1837 2 2 3 20 1391 908 1424
1838 2 2 3 20 908 1401 1464
1839 2 2 3 20 1424 908 1464
1840 2 2 3 20 1273 909 1373
1841 2 2 3 20 909 1273 1456
1842 2 2 3 20 1373 909 1404
1843 2 2 3 20 1207 910 1407
1844 2 2 3 20 910 1207 1462
1845 2 2 3 20 1408 910 1462
1846 2 2 3 20 911 1213 1214
1847 2 2 3 20 1213 911 1414
1848 2 2 3 20 911 1214 1409
1849 2 2 3 20 1414 911 1476
1850 2 2 3 20 1216 912 1429
1851 2 2 3 20 912 1216 1468
1852 2 2 3 20 1434 912 1468
1853 2 2 3 20 1430 913 1453
1854 2 2 3 20 1432 913 1433
1855 2 2 3 20 913 1432 1453
1856 2 2 3 20 1433 913 1435
1857 2 2 3 20 1263 914 1445
1858 2 2 3 20 914 1263 1466
1859 2 2 3 20 1421 914 1466
1860 2 2 3 20 1445 914 1471
1861 2 2 3 20 915 916 1327
1862 2 2 3 20 915 1327 1399
1863 2 2 3 20 915 1399 1477
1864 2 2 3 20 916 917 918
1865 2 2 3 20 916 918 919
1866 2 2 3 20 916 919 1327
1867 2 2 3 20 918 917 1368
1868 2 2 3 20 917 1209 1253
1869 2 2 3 20 917 1253 1368
1870 2 2 3 20 919 918 920
1871 2 2 3 20 920 918 922
1872 2 2 3 20 922 918 1368
1873 2 2 3 20 919 920 921
1874 2 2 3 20 919 921 1128
1875 2 2 3 20 919 1128 1327
1876 2 2 3 20 921 920 923
1877 2 2 3 20 920 922 1326
1878 2 2 3 20 923 920 1326
1879 2 2 3 20 921 923 924
1880 2 2 3 20 921 924 1323
1881 2 2 3 20 1128 921 1323
1882 2 2 3 20 922 1281 1364
1883 2 2 3 20 1281 922 1368
1884 2 2 3 20 1326 922 1364
1885 2 2 3 20 924 923 925
1886 2 2 3 20 925 923 973
1887 2 2 3 20 973 923 1326
1888 2 2 3 20 924 925 926
1889 2 2 3 20 924 926 927
1890 2 2 3 20 924 927 1323
1891 2 2 3 20 926 925 1301
1892 2 2 3 20 925 973 976
1893 2 2 3 20 925 976 1301
1894 2 2 3 20 927 926 928
1895 2 2 3 20 928 926 944
1896 2 2 3 20 944 926 1301
1897 2 2 3 20 927 928 929
1898 2 2 3 20 927 929 1027
1899 2 2 3 20 927 1027 1323
1900 2 2 3 20 929 928 930
1901 2 2 3 20 930 928 1294
1902 2 2 3 20 928 944 1294
1903 2 2 3 20 929 930 931
1904 2 2 3 20 929 931 1322
1905 2 2 3 20 1027 929 1322
1906 2 2 3 20 931 930 932
1907 2 2 3 20 932 930 1284
1908 2 2 3 20 1284 930 1294
1909 2 2 3 20 931 932 933
1910 2 2 3 20 931 933 1317
1911 2 2 3 20 931 1317 1322
1912 2 2 3 20 933 932 934
1913 2 2 3 20 934 932 935
1914 2 2 3 20 935 932 1284
1915 2 2 3 20 933 934 938
1916 2 2 3 20 933 938 950
1917 2 2 3 20 933 950 1317
1918 2 2 3 20 934 935 936
1919 2 2 3 20 934 936 1316
1920 2 2 3 20 938 934 1316
1921 2 2 3 20 936 935 937
1922 2 2 3 20 937 935 1051
1923 2 2 3 20 1051 935 1284
1924 2 2 3 20 936 937 939
1925 2 2 3 20 936 939 1347
1926 2 2 3 20 1316 936 1347
1927 2 2 3 20 939 937 940
1928 2 2 3 20 940 937 1291
1929 2 2 3 20 937 1051 1291
1930 2 2 3 20 950 938 951
1931 2 2 3 20 951 938 1277
1932 2 2 3 20 1277 938 1316
1933 2 2 3 20 939 940 941
1934 2 2 3 20 939 941 943
1935 2 2 3 20 939 943 1347
1936 2 2 3 20 941 940 942
1937 2 2 3 20 942 940 947
1938 2 2 3 20 947 940 1291
1939 2 2 3 20 941 942 945
1940 2 2 3 20 943 941 1359
1941 2 2 3 20 941 945 1359
1942 2 2 3 20 945 942 946
1943 2 2 3 20 946 942 1334
1944 2 2 3 20 942 947 1334
1945 2 2 3 20 943 1286 1348
1946 2 2 3 20 1286 943 1359
1947 2 2 3 20 1347 943 1348
1948 2 2 3 20 1294 944 1343
1949 2 2 3 20 944 1301 1340
1950 2 2 3 20 944 1340 1343
1951 2 2 3 20 945 946 948
1952 2 2 3 20 945 948 1362
1953 2 2 3 20 1359 945 1362
1954 2 2 3 20 948 946 949
1955 2 2 3 20 949 946 1276
1956 2 2 3 20 1276 946 1334
1957 2 2 3 20 947 1291 1361
1958 2 2 3 20 1334 947 1352
1959 2 2 3 20 1352 947 1361
1960 2 2 3 20 948 949 954
1961 2 2 3 20 948 954 956
1962 2 2 3 20 948 956 1362
1963 2 2 3 20 954 949 955
1964 2 2 3 20 955 949 957
1965 2 2 3 20 957 949 1276
1966 2 2 3 20 950 951 952
1967 2 2 3 20 950 952 1269
1968 2 2 3 20 950 1269 1317
1969 2 2 3 20 952 951 953
1970 2 2 3 20 953 951 1311
1971 2 2 3 20 951 1277 1311
1972 2 2 3 20 952 953 959
1973 2 2 3 20 952 959 970
1974 2 2 3 20 952 970 1269
1975 2 2 3 20 959 953 960
1976 2 2 3 20 960 953 961
1977 2 2 3 20 961 953 1311
1978 2 2 3 20 954 955 1305
1979 2 2 3 20 956 954 1162
1980 2 2 3 20 1162 954 1305
1981 2 2 3 20 955 957 958
1982 2 2 3 20 955 958 965
1983 2 2 3 20 955 965 1305
1984 2 2 3 20 956 1162 1168
1985 2 2 3 20 956 1168 1365
1986 2 2 3 20 1362 956 1365
1987 2 2 3 20 958 957 967
1988 2 2 3 20 967 957 1045
1989 2 2 3 20 1045 957 1276
1990 2 2 3 20 965 958 966
1991 2 2 3 20 966 958 1292
1992 2 2 3 20 958 967 1292
1993 2 2 3 20 959 960 1295
1994 2 2 3 20 970 959 1118
1995 2 2 3 20 1118 959 1295
1996 2 2 3 20 960 961 962
1997 2 2 3 20 960 962 963
1998 2 2 3 20 960 963 1295
1999 2 2 3 20 962 961 964
2000 2 2 3 20 964 961 1023
2001 2 2 3 20 1023 961 1311
2002 2 2 3 20 963 962 968
2003 2 2 3 20 962 964 1309
2004 2 2 3 20 968 962 1309
2005 2 2 3 20 963 968 969
2006 2 2 3 20 963 969 974
2007 2 2 3 20 963 974 1295
2008 2 2 3 20 964 1023 1024
2009 2 2 3 20 964 1024 1307
2010 2 2 3 20 964 1307 1309
2011 2 2 3 20 965 966 971
2012 2 2 3 20 965 971 975
2013 2 2 3 20 965 975 1305
2014 2 2 3 20 971 966 972
2015 2 2 3 20 972 966 1013
2016 2 2 3 20 1013 966 1292
2017 2 2 3 20 967 1045 1046
2018 2 2 3 20 967 1046 1315
2019 2 2 3 20 1292 967 1315
2020 2 2 3 20 969 968 1015
2021 2 2 3 20 1015 968 1017
2022 2 2 3 20 1017 968 1309
2023 2 2 3 20 974 969 1299
2024 2 2 3 20 969 1015 1016
2025 2 2 3 20 969 1016 1299
2026 2 2 3 20 970 1118 1119
2027 2 2 3 20 970 1119 1120
2028 2 2 3 20 970 1120 1269
2029 2 2 3 20 971 972 1285
2030 2 2 3 20 975 971 1030
2031 2 2 3 20 1030 971 1285
2032 2 2 3 20 972 1013 1025
2033 2 2 3 20 972 1025 1026
2034 2 2 3 20 972 1026 1285
2035 2 2 3 20 976 973 977
2036 2 2 3 20 977 973 1129
2037 2 2 3 20 1129 973 1326
2038 2 2 3 20 1295 974 1320
2039 2 2 3 20 974 1299 1314
2040 2 2 3 20 974 1314 1320
2041 2 2 3 20 975 1030 1031
2042 2 2 3 20 975 1031 1313
2043 2 2 3 20 1305 975 1313
2044 2 2 3 20 976 977 978
2045 2 2 3 20 976 978 1270
2046 2 2 3 20 976 1270 1301
2047 2 2 3 20 978 977 979
2048 2 2 3 20 979 977 1338
2049 2 2 3 20 977 1129 1338
2050 2 2 3 20 978 979 980
2051 2 2 3 20 978 980 1006
2052 2 2 3 20 978 1006 1270
2053 2 2 3 20 980 979 981
2054 2 2 3 20 981 979 982
2055 2 2 3 20 982 979 1338
2056 2 2 3 20 980 981 1278
2057 2 2 3 20 1006 980 1018
2058 2 2 3 20 1018 980 1278
2059 2 2 3 20 981 982 983
2060 2 2 3 20 981 983 1293
2061 2 2 3 20 1278 981 1293
2062 2 2 3 20 983 982 984
2063 2 2 3 20 984 982 1060
2064 2 2 3 20 1060 982 1338
2065 2 2 3 20 983 984 985
2066 2 2 3 20 983 985 1003
2067 2 2 3 20 983 1003 1293
2068 2 2 3 20 985 984 986
2069 2 2 3 20 986 984 1288
2070 2 2 3 20 984 1060 1288
2071 2 2 3 20 985 986 987
2072 2 2 3 20 985 987 1450
2073 2 2 3 20 1003 985 1450
2074 2 2 3 20 987 986 988
2075 2 2 3 20 988 986 1256
2076 2 2 3 20 1256 986 1288
2077 2 2 3 20 987 988 989
2078 2 2 3 20 987 989 1440
2079 2 2 3 20 987 1440 1450
2080 2 2 3 20 989 988 990
2081 2 2 3 20 990 988 1298
2082 2 2 3 20 988 1256 1298
2083 2 2 3 20 989 990 991
2084 2 2 3 20 989 991 999
2085 2 2 3 20 989 999 1440
2086 2 2 3 20 991 990 992
2087 2 2 3 20 992 990 993
2088 2 2 3 20 993 990 1298
2089 2 2 3 20 991 992 1251
2090 2 2 3 20 999 991 1036
2091 2 2 3 20 1036 991 1251
2092 2 2 3 20 992 993 994
2093 2 2 3 20 992 994 995
2094 2 2 3 20 992 995 1251
2095 2 2 3 20 994 993 996
2096 2 2 3 20 996 993 1007
2097 2 2 3 20 1007 993 1298
2098 2 2 3 20 995 994 997
2099 2 2 3 20 994 996 1360
2100 2 2 3 20 997 994 1360
2101 2 2 3 20 995 997 998
2102 2 2 3 20 995 998 1356
2103 2 2 3 20 1251 995 1356
2104 2 2 3 20 996 1007 1008
2105 2 2 3 20 996 1008 1255
2106 2 2 3 20 996 1255 1360
2107 2 2 3 20 998 997 1000
2108 2 2 3 20 1000 997 1004
2109 2 2 3 20 1004 997 1360
2110 2 2 3 20 998 1000 1001
2111 2 2 3 20 998 1001 1002
2112 2 2 3 20 998 1002 1356
2113 2 2 3 20 999 1036 1037
2114 2 2 3 20 999 1037 1442
2115 2 2 3 20 1440 999 1442
2116 2 2 3 20 1001 1000 1247
2117 2 2 3 20 1000 1004 1005
2118 2 2 3 20 1000 1005 1247
2119 2 2 3 20 1002 1001 1020
2120 2 2 3 20 1020 1001 1022
2121 2 2 3 20 1022 1001 1247
2122 2 2 3 20 1002 1020 1021
2123 2 2 3 20 1002 1021 1154
2124 2 2 3 20 1002 1154 1356
2125 2 2 3 20 1293 1003 1449
2126 2 2 3 20 1003 1431 1449
2127 2 2 3 20 1431 1003 1450
2128 2 2 3 20 1005 1004 1012
2129 2 2 3 20 1012 1004 1157
2130 2 2 3 20 1157 1004 1360
2131 2 2 3 20 1005 1012 1034
2132 2 2 3 20 1005 1034 1248
2133 2 2 3 20 1247 1005 1248
2134 2 2 3 20 1006 1018 1019
2135 2 2 3 20 1006 1019 1308
2136 2 2 3 20 1270 1006 1308
2137 2 2 3 20 1008 1007 1009
2138 2 2 3 20 1009 1007 1279
2139 2 2 3 20 1279 1007 1298
2140 2 2 3 20 1008 1009 1010
2141 2 2 3 20 1008 1010 1011
2142 2 2 3 20 1008 1011 1255
2143 2 2 3 20 1010 1009 1014
2144 2 2 3 20 1014 1009 1043
2145 2 2 3 20 1043 1009 1279
2146 2 2 3 20 1011 1010 1028
2147 2 2 3 20 1010 1014 1331
2148 2 2 3 20 1028 1010 1331
2149 2 2 3 20 1011 1028 1029
2150 2 2 3 20 1011 1029 1245
2151 2 2 3 20 1011 1245 1255
2152 2 2 3 20 1034 1012 1035
2153 2 2 3 20 1035 1012 1354
2154 2 2 3 20 1012 1157 1354
2155 2 2 3 20 1025 1013 1068
2156 2 2 3 20 1068 1013 1163
2157 2 2 3 20 1163 1013 1292
2158 2 2 3 20 1014 1043 1044
2159 2 2 3 20 1014 1044 1328
2160 2 2 3 20 1014 1328 1331
2161 2 2 3 20 1016 1015 1069
2162 2 2 3 20 1015 1017 1319
2163 2 2 3 20 1069 1015 1319
2164 2 2 3 20 1016 1069 1070
2165 2 2 3 20 1016 1070 1071
2166 2 2 3 20 1016 1071 1299
2167 2 2 3 20 1017 1309 1339
2168 2 2 3 20 1319 1017 1342
2169 2 2 3 20 1017 1339 1342
2170 2 2 3 20 1019 1018 1032
2171 2 2 3 20 1032 1018 1050
2172 2 2 3 20 1050 1018 1278
2173 2 2 3 20 1019 1032 1033
2174 2 2 3 20 1019 1033 1052
2175 2 2 3 20 1019 1052 1308
2176 2 2 3 20 1021 1020 1265
2177 2 2 3 20 1020 1022 1061
2178 2 2 3 20 1020 1061 1265
2179 2 2 3 20 1154 1021 1155
2180 2 2 3 20 1155 1021 1156
2181 2 2 3 20 1156 1021 1265
2182 2 2 3 20 1061 1022 1062
2183 2 2 3 20 1062 1022 1377
2184 2 2 3 20 1022 1247 1377
2185 2 2 3 20 1024 1023 1053
2186 2 2 3 20 1053 1023 1114
2187 2 2 3 20 1114 1023 1311
2188 2 2 3 20 1024 1053 1054
2189 2 2 3 20 1024 1054 1055
2190 2 2 3 20 1024 1055 1307
2191 2 2 3 20 1026 1025 1075
2192 2 2 3 20 1025 1068 1289
2193 2 2 3 20 1075 1025 1289
2194 2 2 3 20 1026 1075 1081
2195 2 2 3 20 1026 1081 1113
2196 2 2 3 20 1026 1113 1285
2197 2 2 3 20 1280 1027 1322
2198 2 2 3 20 1027 1280 1355
2199 2 2 3 20 1323 1027 1355
2200 2 2 3 20 1029 1028 1078
2201 2 2 3 20 1078 1028 1080
2202 2 2 3 20 1080 1028 1331
2203 2 2 3 20 1029 1078 1079
2204 2 2 3 20 1029 1079 1341
2205 2 2 3 20 1245 1029 1341
2206 2 2 3 20 1031 1030 1089
2207 2 2 3 20 1089 1030 1302
2208 2 2 3 20 1030 1285 1302
2209 2 2 3 20 1031 1089 1090
2210 2 2 3 20 1031 1090 1091
2211 2 2 3 20 1031 1091 1313
2212 2 2 3 20 1033 1032 1074
2213 2 2 3 20 1032 1050 1447
2214 2 2 3 20 1074 1032 1447
2215 2 2 3 20 1052 1033 1084
2216 2 2 3 20 1033 1074 1325
2217 2 2 3 20 1084 1033 1325
2218 2 2 3 20 1034 1035 1100
2219 2 2 3 20 1034 1100 1104
2220 2 2 3 20 1034 1104 1248
2221 2 2 3 20 1100 1035 1101
2222 2 2 3 20 1101 1035 1158
2223 2 2 3 20 1158 1035 1354
2224 2 2 3 20 1037 1036 1038
2225 2 2 3 20 1038 1036 1250
2226 2 2 3 20 1250 1036 1251
2227 2 2 3 20 1037 1038 1039
2228 2 2 3 20 1037 1039 1041
2229 2 2 3 20 1037 1041 1442
2230 2 2 3 20 1039 1038 1040
2231 2 2 3 20 1040 1038 1375
2232 2 2 3 20 1038 1250 1375
2233 2 2 3 20 1039 1040 1042
2234 2 2 3 20 1041 1039 1337
2235 2 2 3 20 1039 1042 1337
2236 2 2 3 20 1042 1040 1072
2237 2 2 3 20 1072 1040 1246
2238 2 2 3 20 1246 1040 1375
2239 2 2 3 20 1228 1041 1249
2240 2 2 3 20 1041 1228 1442
2241 2 2 3 20 1249 1041 1337
2242 2 2 3 20 1042 1072 1092
2243 2 2 3 20 1042 1092 1093
2244 2 2 3 20 1042 1093 1337
2245 2 2 3 20 1044 1043 1108
2246 2 2 3 20 1108 1043 1161
2247 2 2 3 20 1161 1043 1279
2248 2 2 3 20 1044 1108 1109
2249 2 2 3 20 1044 1109 1110
2250 2 2 3 20 1044 1110 1328
2251 2 2 3 20 1046 1045 1047
2252 2 2 3 20 1047 1045 1264
2253 2 2 3 20 1264 1045 1276
2254 2 2 3 20 1046 1047 1048
2255 2 2 3 20 1046 1048 1063
2256 2 2 3 20 1046 1063 1315
2257 2 2 3 20 1048 1047 1049
2258 2 2 3 20 1049 1047 1136
2259 2 2 3 20 1136 1047 1264
2260 2 2 3 20 1048 1049 1257
2261 2 2 3 20 1063 1048 1076
2262 2 2 3 20 1076 1048 1257
2263 2 2 3 20 1049 1136 1363
2264 2 2 3 20 1257 1049 1259
2265 2 2 3 20 1259 1049 1363
2266 2 2 3 20 1050 1278 1448
2267 2 2 3 20 1050 1426 1447
2268 2 2 3 20 1426 1050 1448
2269 2 2 3 20 1051 1284 1353
2270 2 2 3 20 1291 1051 1358
2271 2 2 3 20 1051 1353 1358
2272 2 2 3 20 1052 1084 1085
2273 2 2 3 20 1052 1085 1283
2274 2 2 3 20 1052 1283 1308
2275 2 2 3 20 1054 1053 1282
2276 2 2 3 20 1053 1114 1130
2277 2 2 3 20 1053 1130 1282
2278 2 2 3 20 1055 1054 1056
2279 2 2 3 20 1056 1054 1057
2280 2 2 3 20 1057 1054 1282
2281 2 2 3 20 1055 1056 1073
2282 2 2 3 20 1055 1073 1125
2283 2 2 3 20 1055 1125 1307
2284 2 2 3 20 1056 1057 1058
2285 2 2 3 20 1056 1058 1306
2286 2 2 3 20 1073 1056 1306
2287 2 2 3 20 1058 1057 1059
2288 2 2 3 20 1059 1057 1274
2289 2 2 3 20 1274 1057 1282
2290 2 2 3 20 1058 1059 1064
2291 2 2 3 20 1058 1064 1099
2292 2 2 3 20 1058 1099 1306
2293 2 2 3 20 1064 1059 1065
2294 2 2 3 20 1065 1059 1066
2295 2 2 3 20 1066 1059 1274
2296 2 2 3 20 1060 1271 1288
2297 2 2 3 20 1271 1060 1324
2298 2 2 3 20 1324 1060 1338
2299 2 2 3 20 1061 1062 1077
2300 2 2 3 20 1061 1077 1086
2301 2 2 3 20 1061 1086 1265
2302 2 2 3 20 1077 1062 1094
2303 2 2 3 20 1094 1062 1095
2304 2 2 3 20 1095 1062 1377
2305 2 2 3 20 1063 1076 1138
2306 2 2 3 20 1063 1138 1336
2307 2 2 3 20 1315 1063 1336
2308 2 2 3 20 1064 1065 1303
2309 2 2 3 20 1099 1064 1142
2310 2 2 3 20 1142 1064 1303
2311 2 2 3 20 1065 1066 1067
2312 2 2 3 20 1065 1067 1082
2313 2 2 3 20 1065 1082 1303
2314 2 2 3 20 1067 1066 1134
2315 2 2 3 20 1134 1066 1135
2316 2 2 3 20 1135 1066 1274
2317 2 2 3 20 1082 1067 1083
2318 2 2 3 20 1083 1067 1366
2319 2 2 3 20 1067 1134 1366
2320 2 2 3 20 1068 1163 1164
2321 2 2 3 20 1068 1164 1165
2322 2 2 3 20 1068 1165 1289
2323 2 2 3 20 1070 1069 1111
2324 2 2 3 20 1111 1069 1112
2325 2 2 3 20 1112 1069 1319
2326 2 2 3 20 1071 1070 1087
2327 2 2 3 20 1087 1070 1262
2328 2 2 3 20 1070 1111 1262
2329 2 2 3 20 1071 1087 1088
2330 2 2 3 20 1071 1088 1115
2331 2 2 3 20 1071 1115 1299
2332 2 2 3 20 1092 1072 1102
2333 2 2 3 20 1102 1072 1103
2334 2 2 3 20 1103 1072 1246
2335 2 2 3 20 1125 1073 1126
2336 2 2 3 20 1126 1073 1149
2337 2 2 3 20 1149 1073 1306
2338 2 2 3 20 1325 1074 1422
2339 2 2 3 20 1422 1074 1423
2340 2 2 3 20 1423 1074 1447
2341 2 2 3 20 1081 1075 1105
2342 2 2 3 20 1105 1075 1106
2343 2 2 3 20 1106 1075 1289
2344 2 2 3 20 1138 1076 1143
2345 2 2 3 20 1143 1076 1146
2346 2 2 3 20 1146 1076 1257
2347 2 2 3 20 1086 1077 1244
2348 2 2 3 20 1077 1094 1141
2349 2 2 3 20 1077 1141 1244
2350 2 2 3 20 1079 1078 1137
2351 2 2 3 20 1078 1080 1312
2352 2 2 3 20 1137 1078 1312
2353 2 2 3 20 1079 1137 1147
2354 2 2 3 20 1079 1147 1349
2355 2 2 3 20 1341 1079 1349
2356 2 2 3 20 1312 1080 1457
2357 2 2 3 20 1329 1080 1331
2358 2 2 3 20 1080 1329 1457
2359 2 2 3 20 1081 1105 1272
2360 2 2 3 20 1113 1081 1139
2361 2 2 3 20 1139 1081 1272
2362 2 2 3 20 1082 1083 1098
2363 2 2 3 20 1082 1098 1174
2364 2 2 3 20 1082 1174 1303
2365 2 2 3 20 1098 1083 1369
2366 2 2 3 20 1083 1366 1367
2367 2 2 3 20 1083 1367 1369
2368 2 2 3 20 1085 1084 1107
2369 2 2 3 20 1107 1084 1133
2370 2 2 3 20 1133 1084 1325
2371 2 2 3 20 1085 1107 1131
2372 2 2 3 20 1085 1131 1132
2373 2 2 3 20 1085 1132 1283
2374 2 2 3 20 1241 1086 1243
2375 2 2 3 20 1086 1241 1265
2376 2 2 3 20 1243 1086 1244
2377 2 2 3 20 1088 1087 1145
2378 2 2 3 20 1145 1087 1177
2379 2 2 3 20 1177 1087 1262
2380 2 2 3 20 1115 1088 1116
2381 2 2 3 20 1116 1088 1304
2382 2 2 3 20 1088 1145 1304
2383 2 2 3 20 1090 1089 1178
2384 2 2 3 20 1178 1089 1333
2385 2 2 3 20 1089 1302 1333
2386 2 2 3 20 1091 1090 1097
2387 2 2 3 20 1097 1090 1296
2388 2 2 3 20 1090 1178 1296
2389 2 2 3 20 1091 1097 1172
2390 2 2 3 20 1091 1172 1330
2391 2 2 3 20 1313 1091 1330
2392 2 2 3 20 1093 1092 1175
2393 2 2 3 20 1092 1102 1287
2394 2 2 3 20 1175 1092 1287
2395 2 2 3 20 1093 1175 1180
2396 2 2 3 20 1093 1180 1181
2397 2 2 3 20 1093 1181 1337
2398 2 2 3 20 1094 1095 1096
2399 2 2 3 20 1094 1096 1237
2400 2 2 3 20 1141 1094 1237
2401 2 2 3 20 1096 1095 1144
2402 2 2 3 20 1144 1095 1232
2403 2 2 3 20 1232 1095 1377
2404 2 2 3 20 1096 1144 1217
2405 2 2 3 20 1096 1217 1238
2406 2 2 3 20 1237 1096 1238
2407 2 2 3 20 1172 1097 1173
2408 2 2 3 20 1173 1097 1221
2409 2 2 3 20 1221 1097 1296
2410 2 2 3 20 1174 1098 1208
2411 2 2 3 20 1208 1098 1370
2412 2 2 3 20 1098 1369 1370
2413 2 2 3 20 1099 1142 1220
2414 2 2 3 20 1099 1220 1335
2415 2 2 3 20 1306 1099 1335
2416 2 2 3 20 1100 1101 1254
2417 2 2 3 20 1104 1100 1148
2418 2 2 3 20 1148 1100 1254
2419 2 2 3 20 1101 1158 1159
2420 2 2 3 20 1101 1159 1192
2421 2 2 3 20 1101 1192 1254
2422 2 2 3 20 1102 1103 1193
2423 2 2 3 20 1102 1193 1371
2424 2 2 3 20 1287 1102 1371
2425 2 2 3 20 1193 1103 1194
2426 2 2 3 20 1194 1103 1239
2427 2 2 3 20 1239 1103 1246
2428 2 2 3 20 1104 1148 1230
2429 2 2 3 20 1104 1230 1232
2430 2 2 3 20 1104 1232 1248
2431 2 2 3 20 1105 1106 1213
2432 2 2 3 20 1105 1213 1215
2433 2 2 3 20 1105 1215 1272
2434 2 2 3 20 1213 1106 1214
2435 2 2 3 20 1214 1106 1318
2436 2 2 3 20 1106 1289 1318
2437 2 2 3 20 1131 1107 1252
2438 2 2 3 20 1107 1133 1363
2439 2 2 3 20 1252 1107 1363
2440 2 2 3 20 1109 1108 1160
2441 2 2 3 20 1160 1108 1271
2442 2 2 3 20 1108 1161 1271
2443 2 2 3 20 1110 1109 1169
2444 2 2 3 20 1109 1160 1281
2445 2 2 3 20 1169 1109 1281
2446 2 2 3 20 1110 1169 1170
2447 2 2 3 20 1110 1170 1171
2448 2 2 3 20 1110 1171 1328
2449 2 2 3 20 1111 1112 1185
2450 2 2 3 20 1111 1185 1186
2451 2 2 3 20 1111 1186 1262
2452 2 2 3 20 1185 1112 1187
2453 2 2 3 20 1187 1112 1188
2454 2 2 3 20 1188 1112 1319
2455 2 2 3 20 1113 1139 1140
2456 2 2 3 20 1113 1140 1302
2457 2 2 3 20 1285 1113 1302
2458 2 2 3 20 1130 1114 1166
2459 2 2 3 20 1166 1114 1277
2460 2 2 3 20 1277 1114 1311
2461 2 2 3 20 1115 1116 1117
2462 2 2 3 20 1115 1117 1314
2463 2 2 3 20 1299 1115 1314
2464 2 2 3 20 1117 1116 1195
2465 2 2 3 20 1195 1116 1198
2466 2 2 3 20 1198 1116 1304
2467 2 2 3 20 1117 1195 1196
2468 2 2 3 20 1117 1196 1197
2469 2 2 3 20 1117 1197 1314
2470 2 2 3 20 1119 1118 1321
2471 2 2 3 20 1118 1295 1320
2472 2 2 3 20 1118 1320 1321
2473 2 2 3 20 1120 1119 1121
2474 2 2 3 20 1121 1119 1122
2475 2 2 3 20 1122 1119 1321
2476 2 2 3 20 1120 1121 1266
2477 2 2 3 20 1120 1266 1267
2478 2 2 3 20 1120 1267 1269
2479 2 2 3 20 1121 1122 1123
2480 2 2 3 20 1121 1123 1124
2481 2 2 3 20 1121 1124 1266
2482 2 2 3 20 1123 1122 1206
2483 2 2 3 20 1206 1122 1344
2484 2 2 3 20 1122 1321 1344
2485 2 2 3 20 1124 1123 1438
2486 2 2 3 20 1123 1206 1465
2487 2 2 3 20 1438 1123 1465
2488 2 2 3 20 1266 1124 1268
2489 2 2 3 20 1268 1124 1376
2490 2 2 3 20 1376 1124 1438
2491 2 2 3 20 1125 1126 1127
2492 2 2 3 20 1125 1127 1339
2493 2 2 3 20 1307 1125 1339
2494 2 2 3 20 1127 1126 1189
2495 2 2 3 20 1126 1149 1310
2496 2 2 3 20 1189 1126 1310
2497 2 2 3 20 1127 1189 1345
2498 2 2 3 20 1339 1127 1342
2499 2 2 3 20 1342 1127 1345
2500 2 2 3 20 1128 1323 1355
2501 2 2 3 20 1327 1128 1357
2502 2 2 3 20 1128 1355 1357
2503 2 2 3 20 1129 1324 1338
2504 2 2 3 20 1324 1129 1364
2505 2 2 3 20 1129 1326 1364
2506 2 2 3 20 1130 1166 1348
2507 2 2 3 20 1130 1275 1282
2508 2 2 3 20 1275 1130 1348
2509 2 2 3 20 1132 1131 1358
2510 2 2 3 20 1131 1252 1361
2511 2 2 3 20 1358 1131 1361
2512 2 2 3 20 1283 1132 1343
2513 2 2 3 20 1343 1132 1353
2514 2 2 3 20 1353 1132 1358
2515 2 2 3 20 1259 1133 1260
2516 2 2 3 20 1133 1259 1363
2517 2 2 3 20 1260 1133 1325
2518 2 2 3 20 1134 1135 1167
2519 2 2 3 20 1134 1167 1365
2520 2 2 3 20 1134 1365 1366
2521 2 2 3 20 1167 1135 1286
2522 2 2 3 20 1135 1274 1275
2523 2 2 3 20 1135 1275 1286
2524 2 2 3 20 1252 1136 1352
2525 2 2 3 20 1136 1252 1363
2526 2 2 3 20 1136 1264 1352
2527 2 2 3 20 1147 1137 1216
2528 2 2 3 20 1216 1137 1222
2529 2 2 3 20 1222 1137 1312
2530 2 2 3 20 1138 1143 1380
2531 2 2 3 20 1138 1300 1336
2532 2 2 3 20 1300 1138 1380
2533 2 2 3 20 1140 1139 1218
2534 2 2 3 20 1218 1139 1373
2535 2 2 3 20 1139 1272 1373
2536 2 2 3 20 1140 1218 1219
2537 2 2 3 20 1140 1219 1333
2538 2 2 3 20 1302 1140 1333
2539 2 2 3 20 1141 1237 1397
2540 2 2 3 20 1244 1141 1418
2541 2 2 3 20 1141 1397 1418
2542 2 2 3 20 1220 1142 1395
2543 2 2 3 20 1142 1303 1332
2544 2 2 3 20 1142 1332 1395
2545 2 2 3 20 1143 1146 1475
2546 2 2 3 20 1143 1223 1380
2547 2 2 3 20 1223 1143 1475
2548 2 2 3 20 1217 1144 1403
2549 2 2 3 20 1230 1144 1232
2550 2 2 3 20 1144 1230 1403
2551 2 2 3 20 1145 1177 1374
2552 2 2 3 20 1304 1145 1402
2553 2 2 3 20 1145 1374 1402
2554 2 2 3 20 1146 1257 1258
2555 2 2 3 20 1146 1258 1410
2556 2 2 3 20 1146 1410 1475
2557 2 2 3 20 1147 1216 1398
2558 2 2 3 20 1349 1147 1350
2559 2 2 3 20 1350 1147 1398
2560 2 2 3 20 1230 1148 1231
2561 2 2 3 20 1231 1148 1455
2562 2 2 3 20 1148 1254 1455
2563 2 2 3 20 1149 1306 1335
2564 2 2 3 20 1310 1149 1417
2565 2 2 3 20 1149 1335 1417
2566 2 2 3 20 1151 1150 1184
2567 2 2 3 20 1184 1150 1427
2568 2 2 3 20 1152 1151 1199
2569 2 2 3 20 1151 1184 1423
2570 2 2 3 20 1199 1151 1423
2571 2 2 3 20 1152 1199 1200
2572 2 2 3 20 1152 1200 1201
2573 2 2 3 20 1152 1201 1351
2574 2 2 3 20 1217 1153 1238
2575 2 2 3 20 1153 1217 1459
2576 2 2 3 20 1238 1153 1446
2577 2 2 3 20 1154 1155 1375
2578 2 2 3 20 1154 1250 1356
2579 2 2 3 20 1250 1154 1375
2580 2 2 3 20 1155 1156 1239
2581 2 2 3 20 1155 1239 1246
2582 2 2 3 20 1155 1246 1375
2583 2 2 3 20 1239 1156 1240
2584 2 2 3 20 1240 1156 1241
2585 2 2 3 20 1241 1156 1265
2586 2 2 3 20 1245 1157 1255
2587 2 2 3 20 1157 1245 1354
2588 2 2 3 20 1255 1157 1360
2589 2 2 3 20 1159 1158 1349
2590 2 2 3 20 1158 1341 1349
2591 2 2 3 20 1341 1158 1354
2592 2 2 3 20 1192 1159 1428
2593 2 2 3 20 1159 1349 1350
2594 2 2 3 20 1159 1350 1428
2595 2 2 3 20 1160 1271 1324
2596 2 2 3 20 1281 1160 1364
2597 2 2 3 20 1160 1324 1364
2598 2 2 3 20 1256 1161 1279
2599 2 2 3 20 1161 1256 1288
2600 2 2 3 20 1271 1161 1288
2601 2 2 3 20 1168 1162 1330
2602 2 2 3 20 1162 1305 1313
2603 2 2 3 20 1162 1313 1330
2604 2 2 3 20 1164 1163 1336
2605 2 2 3 20 1163 1292 1315
2606 2 2 3 20 1163 1315 1336
2607 2 2 3 20 1165 1164 1179
2608 2 2 3 20 1179 1164 1300
2609 2 2 3 20 1300 1164 1336
2610 2 2 3 20 1165 1179 1207
2611 2 2 3 20 1165 1207 1318
2612 2 2 3 20 1289 1165 1318
2613 2 2 3 20 1166 1277 1316
2614 2 2 3 20 1166 1316 1347
2615 2 2 3 20 1166 1347 1348
2616 2 2 3 20 1167 1286 1359
2617 2 2 3 20 1167 1359 1362
2618 2 2 3 20 1167 1362 1365
2619 2 2 3 20 1168 1330 1367
2620 2 2 3 20 1365 1168 1366
2621 2 2 3 20 1366 1168 1367
2622 2 2 3 20 1170 1169 1253
2623 2 2 3 20 1253 1169 1368
2624 2 2 3 20 1169 1281 1368
2625 2 2 3 20 1171 1170 1412
2626 2 2 3 20 1210 1170 1253
2627 2 2 3 20 1170 1210 1412
2628 2 2 3 20 1171 1234 1329
2629 2 2 3 20 1234 1171 1412
2630 2 2 3 20 1328 1171 1329
2631 2 2 3 20 1172 1173 1369
2632 2 2 3 20 1330 1172 1367
2633 2 2 3 20 1367 1172 1369
2634 2 2 3 20 1173 1221 1415
2635 2 2 3 20 1369 1173 1370
2636 2 2 3 20 1370 1173 1415
2637 2 2 3 20 1174 1208 1437
2638 2 2 3 20 1303 1174 1332
2639 2 2 3 20 1332 1174 1437
2640 2 2 3 20 1180 1175 1433
2641 2 2 3 20 1175 1287 1432
2642 2 2 3 20 1175 1432 1433
2643 2 2 3 20 1176 1372 1418
2644 2 2 3 20 1397 1176 1418
2645 2 2 3 20 1176 1397 1461
2646 2 2 3 20 1177 1262 1263
2647 2 2 3 20 1177 1263 1445
2648 2 2 3 20 1374 1177 1445
2649 2 2 3 20 1296 1178 1478
2650 2 2 3 20 1178 1333 1413
2651 2 2 3 20 1178 1413 1478
2652 2 2 3 20 1207 1179 1462
2653 2 2 3 20 1179 1300 1388
2654 2 2 3 20 1179 1388 1462
2655 2 2 3 20 1181 1180 1182
2656 2 2 3 20 1182 1180 1472
2657 2 2 3 20 1180 1433 1472
2658 2 2 3 20 1181 1182 1183
2659 2 2 3 20 1181 1183 1249
2660 2 2 3 20 1181 1249 1337
2661 2 2 3 20 1183 1182 1420
2662 2 2 3 20 1236 1182 1389
2663 2 2 3 20 1182 1236 1420
2664 2 2 3 20 1389 1182 1472
2665 2 2 3 20 1183 1225 1226
2666 2 2 3 20 1225 1183 1420
2667 2 2 3 20 1183 1226 1249
2668 2 2 3 20 1184 1261 1422
2669 2 2 3 20 1261 1184 1427
2670 2 2 3 20 1184 1422 1423
2671 2 2 3 20 1186 1185 1474
2672 2 2 3 20 1185 1187 1212
2673 2 2 3 20 1185 1212 1474
2674 2 2 3 20 1262 1186 1263
2675 2 2 3 20 1263 1186 1466
2676 2 2 3 20 1466 1186 1474
2677 2 2 3 20 1187 1188 1396
2678 2 2 3 20 1212 1187 1425
2679 2 2 3 20 1187 1396 1425
2680 2 2 3 20 1188 1319 1342
2681 2 2 3 20 1188 1342 1345
2682 2 2 3 20 1188 1345 1396
2683 2 2 3 20 1189 1310 1473
2684 2 2 3 20 1345 1189 1346
2685 2 2 3 20 1346 1189 1473
2686 2 2 3 20 1224 1190 1465
2687 2 2 3 20 1190 1438 1465
2688 2 2 3 20 1191 1223 1475
2689 2 2 3 20 1410 1191 1475
2690 2 2 3 20 1254 1192 1480
2691 2 2 3 20 1192 1392 1480
2692 2 2 3 20 1193 1194 1424
2693 2 2 3 20 1371 1193 1464
2694 2 2 3 20 1193 1424 1464
2695 2 2 3 20 1194 1239 1240
2696 2 2 3 20 1194 1240 1378
2697 2 2 3 20 1194 1378 1424
2698 2 2 3 20 1196 1195 1451
2699 2 2 3 20 1195 1198 1463
2700 2 2 3 20 1451 1195 1463
2701 2 2 3 20 1197 1196 1344
2702 2 2 3 20 1344 1196 1383
2703 2 2 3 20 1383 1196 1451
2704 2 2 3 20 1314 1197 1320
2705 2 2 3 20 1320 1197 1321
2706 2 2 3 20 1321 1197 1344
2707 2 2 3 20 1198 1304 1470
2708 2 2 3 20 1198 1405 1406
2709 2 2 3 20 1405 1198 1470
2710 2 2 3 20 1198 1406 1463
2711 2 2 3 20 1200 1199 1426
2712 2 2 3 20 1199 1423 1447
2713 2 2 3 20 1426 1199 1447
2714 2 2 3 20 1201 1200 1202
2715 2 2 3 20 1202 1200 1205
2716 2 2 3 20 1205 1200 1426
2717 2 2 3 20 1201 1202 1203
2718 2 2 3 20 1201 1203 1211
2719 2 2 3 20 1201 1211 1351
2720 2 2 3 20 1203 1202 1204
2721 2 2 3 20 1204 1202 1290
2722 2 2 3 20 1202 1205 1290
2723 2 2 3 20 1203 1204 1225
2724 2 2 3 20 1211 1203 1411
2725 2 2 3 20 1203 1225 1411
2726 2 2 3 20 1225 1204 1226
2727 2 2 3 20 1226 1204 1227
2728 2 2 3 20 1227 1204 1290
2729 2 2 3 20 1290 1205 1449
2730 2 2 3 20 1205 1426 1448
2731 2 2 3 20 1205 1448 1449
2732 2 2 3 20 1206 1224 1465
2733 2 2 3 20 1206 1344 1383
2734 2 2 3 20 1318 1207 1454
2735 2 2 3 20 1207 1407 1454
2736 2 2 3 20 1208 1370 1458
2737 2 2 3 20 1384 1208 1458
2738 2 2 3 20 1209 1210 1253
2739 2 2 3 20 1211 1411 1460
2740 2 2 3 20 1474 1212 1479
2741 2 2 3 20 1215 1213 1414
2742 2 2 3 20 1214 1318 1454
2743 2 2 3 20 1272 1215 1273
2744 2 2 3 20 1216 1222 1468
2745 2 2 3 20 1398 1216 1429
2746 2 2 3 20 1218 1373 1404
2747 2 2 3 20 1333 1219 1413
2748 2 2 3 20 1219 1390 1413
2749 2 2 3 20 1335 1220 1467
2750 2 2 3 20 1220 1385 1467
2751 2 2 3 20 1221 1381 1415
2752 2 2 3 20 1222 1312 1436
2753 2 2 3 20 1411 1225 1420
2754 2 2 3 20 1226 1227 1228
2755 2 2 3 20 1226 1228 1249
2756 2 2 3 20 1228 1227 1229
2757 2 2 3 20 1229 1227 1431
2758 2 2 3 20 1227 1290 1431
2759 2 2 3 20 1228 1229 1442
2760 2 2 3 20 1229 1431 1450
2761 2 2 3 20 1229 1440 1442
2762 2 2 3 20 1440 1229 1450
2763 2 2 3 20 1230 1231 1403
2764 2 2 3 20 1231 1394 1443
2765 2 2 3 20 1394 1231 1455
2766 2 2 3 20 1403 1231 1443
2767 2 2 3 20 1248 1232 1377
2768 2 2 3 20 1234 1233 1235
2769 2 2 3 20 1235 1233 1386
2770 2 2 3 20 1234 1235 1457
2771 2 2 3 20 1329 1234 1457
2772 2 2 3 20 1312 1235 1436
2773 2 2 3 20 1235 1312 1457
2774 2 2 3 20 1235 1386 1436
2775 2 2 3 20 1240 1241 1242
2776 2 2 3 20 1240 1242 1378
2777 2 2 3 20 1242 1241 1243
2778 2 2 3 20 1242 1243 1379
2779 2 2 3 20 1243 1244 1452
2780 2 2 3 20 1244 1418 1452
2781 2 2 3 20 1245 1341 1354
2782 2 2 3 20 1247 1248 1377
2783 2 2 3 20 1250 1251 1356
2784 2 2 3 20 1252 1352 1361
2785 2 2 3 20 1455 1254 1480
2786 2 2 3 20 1256 1279 1298
2787 2 2 3 20 1258 1257 1259
2788 2 2 3 20 1258 1259 1260
2789 2 2 3 20 1258 1260 1261
2790 2 2 3 20 1258 1261 1410
2791 2 2 3 20 1261 1260 1422
2792 2 2 3 20 1260 1325 1422
2793 2 2 3 20 1264 1276 1334
2794 2 2 3 20 1264 1334 1352
2795 2 2 3 20 1267 1266 1280
2796 2 2 3 20 1266 1268 1280
2797 2 2 3 20 1269 1267 1317
2798 2 2 3 20 1267 1280 1322
2799 2 2 3 20 1317 1267 1322
2800 2 2 3 20 1280 1268 1355
2801 2 2 3 20 1355 1268 1357
2802 2 2 3 20 1357 1268 1376
2803 2 2 3 20 1301 1270 1340
2804 2 2 3 20 1270 1308 1340
2805 2 2 3 20 1272 1273 1373
2806 2 2 3 20 1273 1416 1456
2807 2 2 3 20 1275 1274 1282
2808 2 2 3 20 1286 1275 1348
2809 2 2 3 20 1278 1293 1448
2810 2 2 3 20 1308 1283 1340
2811 2 2 3 20 1340 1283 1343
2812 2 2 3 20 1284 1294 1353
2813 2 2 3 20 1287 1371 1453
2814 2 2 3 20 1432 1287 1453
2815 2 2 3 20 1431 1290 1449
2816 2 2 3 20 1291 1358 1361
2817 2 2 3 20 1448 1293 1449
2818 2 2 3 20 1294 1343 1353
2819 2 2 3 20 1297 1296 1478
2820 2 2 3 20 1300 1380 1388
2821 2 2 3 20 1304 1402 1470
2822 2 2 3 20 1309 1307 1339
2823 2 2 3 20 1382 1310 1417
2824 2 2 3 20 1310 1382 1473
2825 2 2 3 20 1327 1357 1399
2826 2 2 3 20 1328 1329 1331
2827 2 2 3 20 1332 1387 1395
2828 2 2 3 20 1387 1332 1437
2829 2 2 3 20 1417 1335 1467
2830 2 2 3 20 1345 1346 1396
2831 2 2 3 20 1350 1398 1469
2832 2 2 3 20 1428 1350 1469
2833 2 2 3 20 1357 1376 1399
2834 2 2 3 20 1370 1415 1458
2835 2 2 3 20 1401 1371 1464
2836 2 2 3 20 1418 1372 1452
2837 2 2 3 20 1402 1374 1444
2838 2 2 3 20 1374 1439 1444
2839 2 2 3 20 1378 1391 1424
2840 2 2 3 20 1393 1383 1451
2841 2 2 3 20 1395 1387 1419
2842 2 2 3 20 1388 1408 1462
2843 2 2 3 20 1400 1428 1469
2844 2 2 1 21 1 2058 10
2845 2 2 1 21 25 1491 1
2846 2 2 1 21 1491 1645 1
2847 2 2 1 21 1645 2058 1
2848 2 2 1 21 39 1501 3
2849 2 2 1 21 3 2057 233
2850 2 2 1 21 1501 2057 3
2851 2 2 1 21 5 2056 39
2852 2 2 1 21 91 1811 5
2853 2 2 1 21 1811 2056 5
2854 2 2 1 21 7 2005 135
2855 2 2 1 21 231 1522 7
2856 2 2 1 21 1522 2005 7
2857 2 2 1 21 9 1523 187
2858 2 2 1 21 233 1523 9
2859 2 2 1 21 10 1496 11
2860 2 2 1 21 10 2058 1496
2861 2 2 1 21 11 1741 12
2862 2 2 1 21 1496 1741 11
2863 2 2 1 21 12 1524 13
2864 2 2 1 21 12 1741 1524
2865 2 2 1 21 13 1712 14
2866 2 2 1 21 1524 2009 13
2867 2 2 1 21 13 2009 1712
2868 2 2 1 21 14 1515 15
2869 2 2 1 21 14 1712 1515
2870 2 2 1 21 15 1749 16
2871 2 2 1 21 1515 1749 15
2872 2 2 1 21 16 1481 17
2873 2 2 1 21 16 1749 1481
2874 2 2 1 21 17 1798 18
2875 2 2 1 21 1481 1798 17
2876 2 2 1 21 18 1482 19
2877 2 2 1 21 18 2054 1482
2878 2 2 1 21 1798 2054 18
2879 2 2 1 21 19 1530 20
2880 2 2 1 21 1482 1530 19
2881 2 2 1 21 20 1514 21
2882 2 2 1 21 20 1993 1514
2883 2 2 1 21 1530 1993 20
2884 2 2 1 21 21 1709 22
2885 2 2 1 21 1514 1709 21
2886 2 2 1 21 22 1959 23
2887 2 2 1 21 1709 1711 22
2888 2 2 1 21 1711 1959 22
2889 2 2 1 21 23 1507 24
2890 2 2 1 21 23 1959 1507
2891 2 2 1 21 24 1762 25
2892 2 2 1 21 1507 1762 24
2893 2 2 1 21 25 1992 1491
2894 2 2 1 21 1762 1992 25
2895 2 2 1 21 39 2056 1501
2896 2 2 1 21 92 1513 91
2897 2 2 1 21 1513 1811 91
2898 2 2 1 21 93 1932 92
2899 2 2 1 21 92 1932 1513
2900 2 2 1 21 94 1489 93
2901 2 2 1 21 1489 1932 93
2902 2 2 1 21 95 1942 94
2903 2 2 1 21 94 1942 1489
2904 2 2 1 21 96 1518 95
2905 2 2 1 21 1518 1942 95
2906 2 2 1 21 97 1956 96
2907 2 2 1 21 96 1956 1518
2908 2 2 1 21 98 1492 97
2909 2 2 1 21 1492 1956 97
2910 2 2 1 21 99 1965 98
2911 2 2 1 21 98 1965 1492
2912 2 2 1 21 100 1995 99
2913 2 2 1 21 99 1995 1965
2914 2 2 1 21 101 1510 100
2915 2 2 1 21 1510 1995 100
2916 2 2 1 21 102 1996 101
2917 2 2 1 21 101 1996 1510
2918 2 2 1 21 103 1958 102
2919 2 2 1 21 1958 1996 102
2920 2 2 1 21 104 1500 103
2921 2 2 1 21 1500 1958 103
2922 2 2 1 21 105 1945 104
2923 2 2 1 21 104 1945 1500
2924 2 2 1 21 106 1508 105
2925 2 2 1 21 1508 1945 105
2926 2 2 1 21 107 1794 106
2927 2 2 1 21 106 1794 1508
2928 2 2 1 21 108 1516 107
2929 2 2 1 21 1516 1794 107
2930 2 2 1 21 109 2044 108
2931 2 2 1 21 108 2044 1516
2932 2 2 1 21 110 1809 109
2933 2 2 1 21 1809 2021 109
2934 2 2 1 21 2021 2044 109
2935 2 2 1 21 111 1502 110
2936 2 2 1 21 1502 1809 110
2937 2 2 1 21 112 1784 111
2938 2 2 1 21 111 1784 1502
2939 2 2 1 21 113 1867 112
2940 2 2 1 21 112 1867 1784
2941 2 2 1 21 114 1487 113
2942 2 2 1 21 1487 1867 113
2943 2 2 1 21 115 1957 114
2944 2 2 1 21 114 1957 1487
2945 2 2 1 21 116 1520 115
2946 2 2 1 21 1520 1957 115
2947 2 2 1 21 117 1971 116
2948 2 2 1 21 116 1971 1520
2949 2 2 1 21 118 1968 117
2950 2 2 1 21 1968 1971 117
2951 2 2 1 21 119 1494 118
2952 2 2 1 21 1494 1968 118
2953 2 2 1 21 120 1982 119
2954 2 2 1 21 119 1982 1494
2955 2 2 1 21 121 1526 120
2956 2 2 1 21 1526 1982 120
2957 2 2 1 21 122 2000 121
2958 2 2 1 21 121 2000 1526
2959 2 2 1 21 123 1504 122
2960 2 2 1 21 1504 2000 122
2961 2 2 1 21 124 2002 123
2962 2 2 1 21 123 2002 1504
2963 2 2 1 21 125 1527 124
2964 2 2 1 21 1527 2002 124
2965 2 2 1 21 126 1964 125
2966 2 2 1 21 125 1964 1527
2967 2 2 1 21 127 1498 126
2968 2 2 1 21 1498 1964 126
2969 2 2 1 21 128 2035 127
2970 2 2 1 21 127 2035 1498
2971 2 2 1 21 129 2046 128
2972 2 2 1 21 1925 2035 128
2973 2 2 1 21 128 2046 1925
2974 2 2 1 21 130 1483 129
2975 2 2 1 21 1483 2046 129
2976 2 2 1 21 131 1940 130
2977 2 2 1 21 130 1940 1483
2978 2 2 1 21 132 1511 131
2979 2 2 1 21 1511 1940 131
2980 2 2 1 21 133 1896 132
2981 2 2 1 21 132 1896 1511
2982 2 2 1 21 134 2004 133
2983 2 2 1 21 133 2004 1896
2984 2 2 1 21 135 1485 134
2985 2 2 1 21 1485 2004 134
2986 2 2 1 21 135 2005 1485
2987 2 2 1 21 187 2050 188
2988 2 2 1 21 1523 2050 187
2989 2 2 1 21 188 1486 189
2990 2 2 1 21 188 2050 1486
2991 2 2 1 21 189 1990 190
2992 2 2 1 21 1486 1990 189
2993 2 2 1 21 190 1517 191
2994 2 2 1 21 190 1990 1517
2995 2 2 1 21 191 1949 192
2996 2 2 1 21 1517 1949 191
2997 2 2 1 21 192 1495 193
2998 2 2 1 21 192 1949 1495
2999 2 2 1 21 193 2017 194
3000 2 2 1 21 1495 2017 193
3001 2 2 1 21 194 2045 195
3002 2 2 1 21 2017 2045 194
3003 2 2 1 21 195 1506 196
3004 2 2 1 21 195 2045 1506
3005 2 2 1 21 196 2001 197
3006 2 2 1 21 1506 2001 196
3007 2 2 1 21 197 1529 198
3008 2 2 1 21 197 2001 1529
3009 2 2 1 21 198 1967 199
3010 2 2 1 21 1529 1967 198
3011 2 2 1 21 199 1497 200
3012 2 2 1 21 199 1967 1497
3013 2 2 1 21 200 1827 201
3014 2 2 1 21 1497 1827 200
3015 2 2 1 21 201 1509 202
3016 2 2 1 21 201 1827 1509
3017 2 2 1 21 202 1984 203
3018 2 2 1 21 1509 1984 202
3019 2 2 1 21 203 1519 204
3020 2 2 1 21 203 1984 1519
3021 2 2 1 21 204 2020 205
3022 2 2 1 21 1519 2020 204
3023 2 2 1 21 205 1923 206
3024 2 2 1 21 1789 1923 205
3025 2 2 1 21 205 2020 1789
3026 2 2 1 21 206 1503 207
3027 2 2 1 21 206 1923 1503
3028 2 2 1 21 207 1786 208
3029 2 2 1 21 1503 1786 207
3030 2 2 1 21 208 1808 209
3031 2 2 1 21 1786 1808 208
3032 2 2 1 21 209 1488 210
3033 2 2 1 21 209 1808 1488
3034 2 2 1 21 210 1953 211
3035 2 2 1 21 1488 1953 210
3036 2 2 1 21 211 1521 212
3037 2 2 1 21 211 1953 1521
3038 2 2 1 21 212 1994 213
3039 2 2 1 21 1521 1994 212
3040 2 2 1 21 213 1969 214
3041 2 2 1 21 213 1994 1969
3042 2 2 1 21 214 1493 215
3043 2 2 1 21 214 1969 1493
3044 2 2 1 21 215 1983 216
3045 2 2 1 21 1493 1983 215
3046 2 2 1 21 216 1525 217
3047 2 2 1 21 216 1983 1525
3048 2 2 1 21 217 1999 218
3049 2 2 1 21 1525 1999 217
3050 2 2 1 21 218 1505 219
3051 2 2 1 21 218 1999 1505
3052 2 2 1 21 219 2003 220
3053 2 2 1 21 1505 2003 219
3054 2 2 1 21 220 1528 221
3055 2 2 1 21 220 2003 1528
3056 2 2 1 21 221 1962 222
3057 2 2 1 21 1528 1962 221
3058 2 2 1 21 222 1499 223
3059 2 2 1 21 222 1962 1499
3060 2 2 1 21 223 2026 224
3061 2 2 1 21 1499 2026 223
3062 2 2 1 21 224 2012 225
3063 2 2 1 21 1937 2012 224
3064 2 2 1 21 224 2026 1937
3065 2 2 1 21 225 1484 226
3066 2 2 1 21 225 2012 1484
3067 2 2 1 21 226 1941 227
3068 2 2 1 21 1484 1941 226
3069 2 2 1 21 227 1512 228
3070 2 2 1 21 227 1941 1512
3071 2 2 1 21 228 1991 229
3072 2 2 1 21 1512 1991 228
3073 2 2 1 21 229 1490 230
3074 2 2 1 21 229 1991 1490
3075 2 2 1 21 230 1943 231
3076 2 2 1 21 1490 1943 230
3077 2 2 1 21 231 1943 1522
3078 2 2 1 21 233 1766 1523
3079 2 2 1 21 233 2057 1766
3080 2 2 1 21 1749 1796 1481
3081 2 2 1 21 1796 1970 1481
3082 2 2 1 21 1481 1799 1798
3083 2 2 1 21 1481 1970 1799
3084 2 2 1 21 1482 1531 1530
3085 2 2 1 21 1482 1532 1531
3086 2 2 1 21 1482 2054 1532
3087 2 2 1 21 1483 2022 1924
3088 2 2 1 21 1924 2046 1483
3089 2 2 1 21 1940 2022 1483
3090 2 2 1 21 1484 2049 1941
3091 2 2 1 21 2012 2038 1484
3092 2 2 1 21 2038 2049 1484
3093 2 2 1 21 1872 1873 1485
3094 2 2 1 21 1485 1939 1872
3095 2 2 1 21 1873 2004 1485
3096 2 2 1 21 1485 2005 1939
3097 2 2 1 21 1801 1802 1486
3098 2 2 1 21 1486 2050 1801
3099 2 2 1 21 1802 1803 1486
3100 2 2 1 21 1803 1990 1486
3101 2 2 1 21 1790 1867 1487
3102 2 2 1 21 1487 1997 1790
3103 2 2 1 21 1957 1997 1487
3104 2 2 1 21 1488 1914 1785
3105 2 2 1 21 1785 1953 1488
3106 2 2 1 21 1808 1914 1488
3107 2 2 1 21 1901 1931 1489
3108 2 2 1 21 1489 1942 1901
3109 2 2 1 21 1931 1932 1489
3110 2 2 1 21 1490 1991 1854
3111 2 2 1 21 1854 2027 1490
3112 2 2 1 21 1490 2027 1943
3113 2 2 1 21 1491 1646 1645
3114 2 2 1 21 1491 1688 1646
3115 2 2 1 21 1491 1992 1688
3116 2 2 1 21 1492 2031 1956
3117 2 2 1 21 1965 2039 1492
3118 2 2 1 21 1492 2039 2031
3119 2 2 1 21 1969 2051 1493
3120 2 2 1 21 1975 1983 1493
3121 2 2 1 21 1493 2051 1975
3122 2 2 1 21 1494 2006 1968
3123 2 2 1 21 1494 1982 1980
3124 2 2 1 21 1980 2006 1494
3125 2 2 1 21 1495 1985 1874
3126 2 2 1 21 1874 2017 1495
3127 2 2 1 21 1949 1985 1495
3128 2 2 1 21 1496 1797 1741
3129 2 2 1 21 1496 1804 1797
3130 2 2 1 21 1496 1946 1804
3131 2 2 1 21 1496 2058 1946
3132 2 2 1 21 1497 1960 1827
3133 2 2 1 21 1497 2030 1960
3134 2 2 1 21 1967 2030 1497
3135 2 2 1 21 1952 1964 1498
3136 2 2 1 21 1498 1989 1952
3137 2 2 1 21 1498 2035 1989
3138 2 2 1 21 1499 1962 1791
3139 2 2 1 21 1791 2043 1499
3140 2 2 1 21 1499 2043 2026
3141 2 2 1 21 1787 1935 1500
3142 2 2 1 21 1500 1945 1787
3143 2 2 1 21 1935 1958 1500
3144 2 2 1 21 2028 2029 1501
3145 2 2 1 21 1501 2056 2028
3146 2 2 1 21 2029 2057 1501
3147 2 2 1 21 1784 1973 1502
3148 2 2 1 21 1502 1973 1788
3149 2 2 1 21 1788 1978 1502
3150 2 2 1 21 1502 1978 1809
3151 2 2 1 21 1503 1987 1786
3152 2 2 1 21 1923 1955 1503
3153 2 2 1 21 1955 1987 1503
3154 2 2 1 21 1504 2002 1948
3155 2 2 1 21 1948 2033 1504
3156 2 2 1 21 1504 2033 2000
3157 2 2 1 21 1815 1927 1505
3158 2 2 1 21 1505 2059 1815
3159 2 2 1 21 1927 2003 1505
3160 2 2 1 21 1999 2059 1505
3161 2 2 1 21 1875 2034 1506
3162 2 2 1 21 1506 2045 1875
3163 2 2 1 21 1506 2024 2001
3164 2 2 1 21 1506 2034 2024
3165 2 2 1 21 1507 2041 1762
3166 2 2 1 21 1507 1986 1825
3167 2 2 1 21 1825 2041 1507
3168 2 2 1 21 1959 1986 1507
3169 2 2 1 21 1794 1795 1508
3170 2 2 1 21 1795 1981 1508
3171 2 2 1 21 1508 1981 1945
3172 2 2 1 21 1827 1889 1509
3173 2 2 1 21 1889 2047 1509
3174 2 2 1 21 1509 2047 1984
3175 2 2 1 21 1510 2007 1995
3176 2 2 1 21 1996 2007 1510
3177 2 2 1 21 1859 1940 1511
3178 2 2 1 21 1511 2018 1859
3179 2 2 1 21 1896 2018 1511
3180 2 2 1 21 1512 1941 1777
3181 2 2 1 21 1777 1954 1512
3182 2 2 1 21 1512 1954 1854
3183 2 2 1 21 1854 1991 1512
3184 2 2 1 21 1513 2008 1811
3185 2 2 1 21 1932 1998 1513
3186 2 2 1 21 1998 2008 1513
3187 2 2 1 21 1514 1710 1709
3188 2 2 1 21 1514 1735 1710
3189 2 2 1 21 1514 1993 1735
3190 2 2 1 21 1712 1713 1515
3191 2 2 1 21 1713 1719 1515
3192 2 2 1 21 1719 1950 1515
3193 2 2 1 21 1515 1950 1749
3194 2 2 1 21 1516 2048 1794
3195 2 2 1 21 1516 2044 2019
3196 2 2 1 21 2019 2048 1516
3197 2 2 1 21 1517 2052 1949
3198 2 2 1 21 1517 1990 1979
3199 2 2 1 21 1979 2052 1517
3200 2 2 1 21 1900 1942 1518
3201 2 2 1 21 1518 2032 1900
3202 2 2 1 21 1956 2032 1518
3203 2 2 1 21 1774 1972 1519
3204 2 2 1 21 1519 1984 1774
3205 2 2 1 21 1972 2025 1519
3206 2 2 1 21 1519 2025 2020
3207 2 2 1 21 1520 2053 1957
3208 2 2 1 21 1971 1976 1520
3209 2 2 1 21 1976 2053 1520
3210 2 2 1 21 1521 1944 1894
3211 2 2 1 21 1894 1994 1521
3212 2 2 1 21 1521 1953 1944
3213 2 2 1 21 1938 1939 1522
3214 2 2 1 21 1522 2055 1938
3215 2 2 1 21 1939 2005 1522
3216 2 2 1 21 1943 2055 1522
3217 2 2 1 21 1766 1767 1523
3218 2 2 1 21 1767 1801 1523
3219 2 2 1 21 1801 2050 1523
3220 2 2 1 21 1741 1742 1524
3221 2 2 1 21 1742 1772 1524
3222 2 2 1 21 1772 2009 1524
3223 2 2 1 21 1525 1983 1814
3224 2 2 1 21 1814 2059 1525
3225 2 2 1 21 1525 2059 1999
3226 2 2 1 21 1526 2015 1982
3227 2 2 1 21 2000 2033 1526
3228 2 2 1 21 1526 2033 2015
3229 2 2 1 21 1947 1948 1527
3230 2 2 1 21 1527 1964 1947
3231 2 2 1 21 1948 2002 1527
3232 2 2 1 21 1528 1927 1800
3233 2 2 1 21 1800 1962 1528
3234 2 2 1 21 1528 2003 1927
3235 2 2 1 21 1871 1967 1529
3236 2 2 1 21 1529 2024 1871
3237 2 2 1 21 2001 2024 1529
3238 2 2 1 21 1531 1915 1530
3239 2 2 1 21 1915 1993 1530
3240 2 2 1 21 1532 1533 1531
3241 2 2 1 21 1533 1565 1531
3242 2 2 1 21 1565 1915 1531
3243 2 2 1 21 1532 1534 1533
3244 2 2 1 21 1532 1610 1534
3245 2 2 1 21 1532 2054 1610
3246 2 2 1 21 1534 1535 1533
3247 2 2 1 21 1535 1882 1533
3248 2 2 1 21 1533 1882 1565
3249 2 2 1 21 1534 1536 1535
3250 2 2 1 21 1534 1977 1536
3251 2 2 1 21 1610 1977 1534
3252 2 2 1 21 1536 1537 1535
3253 2 2 1 21 1537 1886 1535
3254 2 2 1 21 1535 1886 1882
3255 2 2 1 21 1536 1538 1537
3256 2 2 1 21 1536 1842 1538
3257 2 2 1 21 1536 1977 1842
3258 2 2 1 21 1538 1539 1537
3259 2 2 1 21 1539 1542 1537
3260 2 2 1 21 1542 1886 1537
3261 2 2 1 21 1538 1540 1539
3262 2 2 1 21 1538 1541 1540
3263 2 2 1 21 1538 1842 1541
3264 2 2 1 21 1540 1888 1539
3265 2 2 1 21 1539 1547 1542
3266 2 2 1 21 1539 1888 1547
3267 2 2 1 21 1541 1543 1540
3268 2 2 1 21 1543 1864 1540
3269 2 2 1 21 1864 1888 1540
3270 2 2 1 21 1541 1544 1543
3271 2 2 1 21 1541 1583 1544
3272 2 2 1 21 1541 1842 1583
3273 2 2 1 21 1547 1548 1542
3274 2 2 1 21 1548 1831 1542
3275 2 2 1 21 1831 1886 1542
3276 2 2 1 21 1544 1545 1543
3277 2 2 1 21 1545 1551 1543
3278 2 2 1 21 1551 1864 1543
3279 2 2 1 21 1544 1546 1545
3280 2 2 1 21 1544 1850 1546
3281 2 2 1 21 1583 1850 1544
3282 2 2 1 21 1546 1549 1545
3283 2 2 1 21 1549 1877 1545
3284 2 2 1 21 1545 1877 1551
3285 2 2 1 21 1546 1550 1549
3286 2 2 1 21 1546 1834 1550
3287 2 2 1 21 1546 1850 1834
3288 2 2 1 21 1547 1552 1548
3289 2 2 1 21 1547 1592 1552
3290 2 2 1 21 1547 1888 1592
3291 2 2 1 21 1552 1553 1548
3292 2 2 1 21 1553 1554 1548
3293 2 2 1 21 1554 1831 1548
3294 2 2 1 21 1550 1556 1549
3295 2 2 1 21 1556 1577 1549
3296 2 2 1 21 1577 1877 1549
3297 2 2 1 21 1550 1557 1556
3298 2 2 1 21 1550 1558 1557
3299 2 2 1 21 1550 1834 1558
3300 2 2 1 21 1551 1838 1821
3301 2 2 1 21 1821 1864 1551
3302 2 2 1 21 1551 1877 1838
3303 2 2 1 21 1552 1879 1553
3304 2 2 1 21 1592 1644 1552
3305 2 2 1 21 1644 1879 1552
3306 2 2 1 21 1553 1555 1554
3307 2 2 1 21 1553 1562 1555
3308 2 2 1 21 1553 1879 1562
3309 2 2 1 21 1555 1567 1554
3310 2 2 1 21 1567 1599 1554
3311 2 2 1 21 1599 1831 1554
3312 2 2 1 21 1562 1563 1555
3313 2 2 1 21 1563 1876 1555
3314 2 2 1 21 1555 1876 1567
3315 2 2 1 21 1557 1866 1556
3316 2 2 1 21 1556 1616 1577
3317 2 2 1 21 1556 1866 1616
3318 2 2 1 21 1558 1559 1557
3319 2 2 1 21 1559 1560 1557
3320 2 2 1 21 1560 1866 1557
3321 2 2 1 21 1558 1564 1559
3322 2 2 1 21 1558 1571 1564
3323 2 2 1 21 1558 1834 1571
3324 2 2 1 21 1559 1561 1560
3325 2 2 1 21 1559 1869 1561
3326 2 2 1 21 1564 1869 1559
3327 2 2 1 21 1561 1566 1560
3328 2 2 1 21 1566 1573 1560
3329 2 2 1 21 1573 1866 1560
3330 2 2 1 21 1561 1568 1566
3331 2 2 1 21 1561 1890 1568
3332 2 2 1 21 1869 1890 1561
3333 2 2 1 21 1562 1569 1563
3334 2 2 1 21 1562 1574 1569
3335 2 2 1 21 1562 1879 1574
3336 2 2 1 21 1569 1570 1563
3337 2 2 1 21 1570 1575 1563
3338 2 2 1 21 1575 1876 1563
3339 2 2 1 21 1571 1572 1564
3340 2 2 1 21 1572 1578 1564
3341 2 2 1 21 1578 1869 1564
3342 2 2 1 21 1565 1906 1817
3343 2 2 1 21 1817 1915 1565
3344 2 2 1 21 1882 1906 1565
3345 2 2 1 21 1568 1580 1566
3346 2 2 1 21 1566 1851 1573
3347 2 2 1 21 1580 1851 1566
3348 2 2 1 21 1567 1600 1599
3349 2 2 1 21 1567 1744 1600
3350 2 2 1 21 1567 1876 1744
3351 2 2 1 21 1568 1581 1580
3352 2 2 1 21 1568 1582 1581
3353 2 2 1 21 1568 1890 1582
3354 2 2 1 21 1569 1579 1570
3355 2 2 1 21 1574 1930 1569
3356 2 2 1 21 1569 1930 1579
3357 2 2 1 21 1570 1576 1575
3358 2 2 1 21 1570 1858 1576
3359 2 2 1 21 1579 1858 1570
3360 2 2 1 21 1571 1837 1572
3361 2 2 1 21 1834 1849 1571
3362 2 2 1 21 1571 1849 1837
3363 2 2 1 21 1572 1584 1578
3364 2 2 1 21 1572 1585 1584
3365 2 2 1 21 1572 1837 1585
3366 2 2 1 21 1851 1904 1573
3367 2 2 1 21 1573 1892 1866
3368 2 2 1 21 1573 1904 1892
3369 2 2 1 21 1879 1929 1574
3370 2 2 1 21 1574 1929 1918
3371 2 2 1 21 1918 1930 1574
3372 2 2 1 21 1576 1586 1575
3373 2 2 1 21 1586 1881 1575
3374 2 2 1 21 1575 1881 1876
3375 2 2 1 21 1576 1589 1586
3376 2 2 1 21 1576 1590 1589
3377 2 2 1 21 1576 1858 1590
3378 2 2 1 21 1616 1617 1577
3379 2 2 1 21 1617 1830 1577
3380 2 2 1 21 1830 1877 1577
3381 2 2 1 21 1584 1593 1578
3382 2 2 1 21 1593 1746 1578
3383 2 2 1 21 1746 1869 1578
3384 2 2 1 21 1844 1858 1579
3385 2 2 1 21 1579 1933 1844
3386 2 2 1 21 1930 1933 1579
3387 2 2 1 21 1581 1587 1580
3388 2 2 1 21 1587 1588 1580
3389 2 2 1 21 1588 1851 1580
3390 2 2 1 21 1582 1845 1581
3391 2 2 1 21 1581 1591 1587
3392 2 2 1 21 1581 1845 1591
3393 2 2 1 21 1582 1907 1845
3394 2 2 1 21 1890 1902 1582
3395 2 2 1 21 1902 1907 1582
3396 2 2 1 21 1816 1850 1583
3397 2 2 1 21 1583 1963 1816
3398 2 2 1 21 1842 1963 1583
3399 2 2 1 21 1585 1594 1584
3400 2 2 1 21 1584 1880 1593
3401 2 2 1 21 1594 1880 1584
3402 2 2 1 21 1585 1595 1594
3403 2 2 1 21 1585 1596 1595
3404 2 2 1 21 1585 1837 1596
3405 2 2 1 21 1589 1601 1586
3406 2 2 1 21 1601 1602 1586
3407 2 2 1 21 1602 1881 1586
3408 2 2 1 21 1587 1847 1588
3409 2 2 1 21 1591 1603 1587
3410 2 2 1 21 1603 1847 1587
3411 2 2 1 21 1847 1913 1588
3412 2 2 1 21 1588 1912 1851
3413 2 2 1 21 1588 1913 1912
3414 2 2 1 21 1590 1597 1589
3415 2 2 1 21 1597 1856 1589
3416 2 2 1 21 1589 1856 1601
3417 2 2 1 21 1590 1598 1597
3418 2 2 1 21 1590 1613 1598
3419 2 2 1 21 1590 1858 1613
3420 2 2 1 21 1591 1606 1603
3421 2 2 1 21 1591 1607 1606
3422 2 2 1 21 1591 1845 1607
3423 2 2 1 21 1592 1928 1644
3424 2 2 1 21 1888 1926 1592
3425 2 2 1 21 1926 1928 1592
3426 2 2 1 21 1593 1747 1746
3427 2 2 1 21 1593 1748 1747
3428 2 2 1 21 1593 1880 1748
3429 2 2 1 21 1595 1604 1594
3430 2 2 1 21 1604 1605 1594
3431 2 2 1 21 1605 1880 1594
3432 2 2 1 21 1596 1608 1595
3433 2 2 1 21 1595 1822 1604
3434 2 2 1 21 1608 1822 1595
3435 2 2 1 21 1596 1609 1608
3436 2 2 1 21 1596 1611 1609
3437 2 2 1 21 1596 1837 1611
3438 2 2 1 21 1598 1715 1597
3439 2 2 1 21 1715 1736 1597
3440 2 2 1 21 1736 1856 1597
3441 2 2 1 21 1613 1614 1598
3442 2 2 1 21 1614 1855 1598
3443 2 2 1 21 1598 1855 1715
3444 2 2 1 21 1600 1635 1599
3445 2 2 1 21 1635 1743 1599
3446 2 2 1 21 1743 1831 1599
3447 2 2 1 21 1600 1636 1635
3448 2 2 1 21 1600 1903 1636
3449 2 2 1 21 1744 1903 1600
3450 2 2 1 21 1601 1716 1602
3451 2 2 1 21 1601 1717 1716
3452 2 2 1 21 1601 1856 1717
3453 2 2 1 21 1716 1718 1602
3454 2 2 1 21 1718 1835 1602
3455 2 2 1 21 1835 1881 1602
3456 2 2 1 21 1606 1732 1603
3457 2 2 1 21 1732 1733 1603
3458 2 2 1 21 1733 1847 1603
3459 2 2 1 21 1604 1788 1605
3460 2 2 1 21 1604 1810 1788
3461 2 2 1 21 1604 1822 1810
3462 2 2 1 21 1788 1973 1605
3463 2 2 1 21 1839 1880 1605
3464 2 2 1 21 1605 1973 1839
3465 2 2 1 21 1607 1756 1606
3466 2 2 1 21 1606 1843 1732
3467 2 2 1 21 1756 1843 1606
3468 2 2 1 21 1607 1758 1756
3469 2 2 1 21 1607 1759 1758
3470 2 2 1 21 1607 1845 1759
3471 2 2 1 21 1609 1796 1608
3472 2 2 1 21 1796 1950 1608
3473 2 2 1 21 1608 1950 1822
3474 2 2 1 21 1611 1612 1609
3475 2 2 1 21 1612 1970 1609
3476 2 2 1 21 1609 1970 1796
3477 2 2 1 21 1798 1799 1610
3478 2 2 1 21 1610 2054 1798
3479 2 2 1 21 1799 1807 1610
3480 2 2 1 21 1807 1977 1610
3481 2 2 1 21 1611 1816 1612
3482 2 2 1 21 1611 1849 1816
3483 2 2 1 21 1837 1849 1611
3484 2 2 1 21 1612 1963 1807
3485 2 2 1 21 1807 1970 1612
3486 2 2 1 21 1816 1963 1612
3487 2 2 1 21 1613 1615 1614
3488 2 2 1 21 1613 1844 1615
3489 2 2 1 21 1613 1858 1844
3490 2 2 1 21 1615 1791 1614
3491 2 2 1 21 1791 1800 1614
3492 2 2 1 21 1800 1855 1614
3493 2 2 1 21 1615 1792 1791
3494 2 2 1 21 1615 1934 1792
3495 2 2 1 21 1844 1934 1615
3496 2 2 1 21 1616 1618 1617
3497 2 2 1 21 1616 1892 1618
3498 2 2 1 21 1866 1892 1616
3499 2 2 1 21 1618 1619 1617
3500 2 2 1 21 1619 1620 1617
3501 2 2 1 21 1620 1830 1617
3502 2 2 1 21 1618 1623 1619
3503 2 2 1 21 1618 1641 1623
3504 2 2 1 21 1618 1892 1641
3505 2 2 1 21 1619 1621 1620
3506 2 2 1 21 1619 1868 1621
3507 2 2 1 21 1623 1868 1619
3508 2 2 1 21 1621 1622 1620
3509 2 2 1 21 1622 1829 1620
3510 2 2 1 21 1829 1830 1620
3511 2 2 1 21 1621 1624 1622
3512 2 2 1 21 1621 1630 1624
3513 2 2 1 21 1621 1868 1630
3514 2 2 1 21 1624 1625 1622
3515 2 2 1 21 1625 1626 1622
3516 2 2 1 21 1626 1829 1622
3517 2 2 1 21 1641 1642 1623
3518 2 2 1 21 1642 1755 1623
3519 2 2 1 21 1755 1868 1623
3520 2 2 1 21 1624 1734 1625
3521 2 2 1 21 1630 1872 1624
3522 2 2 1 21 1624 1872 1734
3523 2 2 1 21 1625 1627 1626
3524 2 2 1 21 1625 1863 1627
3525 2 2 1 21 1734 1863 1625
3526 2 2 1 21 1627 1628 1626
3527 2 2 1 21 1628 1740 1626
3528 2 2 1 21 1740 1829 1626
3529 2 2 1 21 1627 1629 1628
3530 2 2 1 21 1627 1631 1629
3531 2 2 1 21 1627 1863 1631
3532 2 2 1 21 1629 1836 1628
3533 2 2 1 21 1628 1750 1740
3534 2 2 1 21 1628 1836 1750
3535 2 2 1 21 1631 1632 1629
3536 2 2 1 21 1632 1633 1629
3537 2 2 1 21 1633 1836 1629
3538 2 2 1 21 1868 1895 1630
3539 2 2 1 21 1630 1873 1872
3540 2 2 1 21 1630 1895 1873
3541 2 2 1 21 1631 1852 1632
3542 2 2 1 21 1631 1853 1852
3543 2 2 1 21 1631 1863 1853
3544 2 2 1 21 1632 1634 1633
3545 2 2 1 21 1632 1725 1634
3546 2 2 1 21 1632 1852 1725
3547 2 2 1 21 1634 1841 1633
3548 2 2 1 21 1633 1905 1836
3549 2 2 1 21 1841 1905 1633
3550 2 2 1 21 1725 1726 1634
3551 2 2 1 21 1726 1727 1634
3552 2 2 1 21 1727 1841 1634
3553 2 2 1 21 1636 1637 1635
3554 2 2 1 21 1637 1906 1635
3555 2 2 1 21 1635 1906 1743
3556 2 2 1 21 1636 1638 1637
3557 2 2 1 21 1636 1639 1638
3558 2 2 1 21 1636 1903 1639
3559 2 2 1 21 1638 1640 1637
3560 2 2 1 21 1640 1817 1637
3561 2 2 1 21 1817 1906 1637
3562 2 2 1 21 1639 1731 1638
3563 2 2 1 21 1638 1861 1640
3564 2 2 1 21 1731 1861 1638
3565 2 2 1 21 1639 1745 1731
3566 2 2 1 21 1639 1919 1745
3567 2 2 1 21 1903 1919 1639
3568 2 2 1 21 1640 1966 1817
3569 2 2 1 21 1861 1862 1640
3570 2 2 1 21 1862 1966 1640
3571 2 2 1 21 1641 1643 1642
3572 2 2 1 21 1641 1904 1643
3573 2 2 1 21 1892 1904 1641
3574 2 2 1 21 1643 1770 1642
3575 2 2 1 21 1642 1859 1755
3576 2 2 1 21 1770 1859 1642
3577 2 2 1 21 1643 1771 1770
3578 2 2 1 21 1643 1912 1771
3579 2 2 1 21 1904 1912 1643
3580 2 2 1 21 1644 1929 1879
3581 2 2 1 21 1644 1928 1905
3582 2 2 1 21 1905 1929 1644
3583 2 2 1 21 1646 1647 1645
3584 2 2 1 21 1647 1946 1645
3585 2 2 1 21 1946 2058 1645
3586 2 2 1 21 1646 1648 1647
3587 2 2 1 21 1646 1897 1648
3588 2 2 1 21 1688 1897 1646
3589 2 2 1 21 1648 1649 1647
3590 2 2 1 21 1649 1832 1647
3591 2 2 1 21 1832 1946 1647
3592 2 2 1 21 1648 1650 1649
3593 2 2 1 21 1648 1651 1650
3594 2 2 1 21 1648 1897 1651
3595 2 2 1 21 1650 1653 1649
3596 2 2 1 21 1653 1661 1649
3597 2 2 1 21 1661 1832 1649
3598 2 2 1 21 1651 1652 1650
3599 2 2 1 21 1652 1884 1650
3600 2 2 1 21 1650 1884 1653
3601 2 2 1 21 1651 1654 1652
3602 2 2 1 21 1651 1833 1654
3603 2 2 1 21 1651 1897 1833
3604 2 2 1 21 1654 1655 1652
3605 2 2 1 21 1655 1840 1652
3606 2 2 1 21 1840 1884 1652
3607 2 2 1 21 1653 1662 1661
3608 2 2 1 21 1653 1860 1662
3609 2 2 1 21 1653 1884 1860
3610 2 2 1 21 1654 1656 1655
3611 2 2 1 21 1654 1657 1656
3612 2 2 1 21 1654 1833 1657
3613 2 2 1 21 1656 1658 1655
3614 2 2 1 21 1658 1659 1655
3615 2 2 1 21 1659 1840 1655
3616 2 2 1 21 1657 1660 1656
3617 2 2 1 21 1656 1878 1658
3618 2 2 1 21 1660 1878 1656
3619 2 2 1 21 1657 1663 1660
3620 2 2 1 21 1657 1826 1663
3621 2 2 1 21 1657 1833 1826
3622 2 2 1 21 1658 1667 1659
3623 2 2 1 21 1658 1671 1667
3624 2 2 1 21 1658 1878 1671
3625 2 2 1 21 1667 1668 1659
3626 2 2 1 21 1668 1689 1659
3627 2 2 1 21 1689 1840 1659
3628 2 2 1 21 1663 1672 1660
3629 2 2 1 21 1672 1857 1660
3630 2 2 1 21 1857 1878 1660
3631 2 2 1 21 1662 1664 1661
3632 2 2 1 21 1664 1692 1661
3633 2 2 1 21 1692 1832 1661
3634 2 2 1 21 1662 1665 1664
3635 2 2 1 21 1662 1666 1665
3636 2 2 1 21 1662 1860 1666
3637 2 2 1 21 1663 1676 1672
3638 2 2 1 21 1663 1677 1676
3639 2 2 1 21 1663 1826 1677
3640 2 2 1 21 1665 1898 1664
3641 2 2 1 21 1664 1693 1692
3642 2 2 1 21 1664 1898 1693
3643 2 2 1 21 1666 1673 1665
3644 2 2 1 21 1673 1675 1665
3645 2 2 1 21 1675 1898 1665
3646 2 2 1 21 1666 1674 1673
3647 2 2 1 21 1666 1828 1674
3648 2 2 1 21 1666 1860 1828
3649 2 2 1 21 1667 1669 1668
3650 2 2 1 21 1667 1988 1669
3651 2 2 1 21 1671 1988 1667
3652 2 2 1 21 1669 1670 1668
3653 2 2 1 21 1670 1899 1668
3654 2 2 1 21 1668 1899 1689
3655 2 2 1 21 1669 1678 1670
3656 2 2 1 21 1669 1686 1678
3657 2 2 1 21 1669 1988 1686
3658 2 2 1 21 1678 1679 1670
3659 2 2 1 21 1679 1680 1670
3660 2 2 1 21 1680 1899 1670
3661 2 2 1 21 1806 1988 1671
3662 2 2 1 21 1671 2014 1806
3663 2 2 1 21 1878 1910 1671
3664 2 2 1 21 1910 2014 1671
3665 2 2 1 21 1676 1683 1672
3666 2 2 1 21 1683 1684 1672
3667 2 2 1 21 1684 1857 1672
3668 2 2 1 21 1674 1681 1673
3669 2 2 1 21 1673 1883 1675
3670 2 2 1 21 1681 1883 1673
3671 2 2 1 21 1674 1682 1681
3672 2 2 1 21 1674 1704 1682
3673 2 2 1 21 1674 1828 1704
3674 2 2 1 21 1675 1883 1846
3675 2 2 1 21 1846 1917 1675
3676 2 2 1 21 1675 1917 1898
3677 2 2 1 21 1677 1685 1676
3678 2 2 1 21 1676 1885 1683
3679 2 2 1 21 1685 1885 1676
3680 2 2 1 21 1677 1687 1685
3681 2 2 1 21 1677 1823 1687
3682 2 2 1 21 1677 1826 1823
3683 2 2 1 21 1678 1690 1679
3684 2 2 1 21 1686 1818 1678
3685 2 2 1 21 1678 1818 1690
3686 2 2 1 21 1679 1691 1680
3687 2 2 1 21 1690 1812 1679
3688 2 2 1 21 1679 1812 1691
3689 2 2 1 21 1691 1738 1680
3690 2 2 1 21 1738 1820 1680
3691 2 2 1 21 1820 1899 1680
3692 2 2 1 21 1682 1700 1681
3693 2 2 1 21 1700 1701 1681
3694 2 2 1 21 1701 1883 1681
3695 2 2 1 21 1682 1702 1700
3696 2 2 1 21 1682 1908 1702
3697 2 2 1 21 1704 1908 1682
3698 2 2 1 21 1683 1697 1684
3699 2 2 1 21 1683 1699 1697
3700 2 2 1 21 1683 1885 1699
3701 2 2 1 21 1697 1698 1684
3702 2 2 1 21 1698 1703 1684
3703 2 2 1 21 1703 1857 1684
3704 2 2 1 21 1687 1706 1685
3705 2 2 1 21 1706 1723 1685
3706 2 2 1 21 1723 1885 1685
3707 2 2 1 21 1686 1806 1805
3708 2 2 1 21 1805 2016 1686
3709 2 2 1 21 1686 1988 1806
3710 2 2 1 21 1686 2016 1818
3711 2 2 1 21 1687 1707 1706
3712 2 2 1 21 1687 1708 1707
3713 2 2 1 21 1687 1823 1708
3714 2 2 1 21 1824 1891 1688
3715 2 2 1 21 1688 1992 1824
3716 2 2 1 21 1891 1897 1688
3717 2 2 1 21 1689 1916 1840
3718 2 2 1 21 1899 1909 1689
3719 2 2 1 21 1909 1916 1689
3720 2 2 1 21 1690 2013 1793
3721 2 2 1 21 1793 2042 1690
3722 2 2 1 21 1690 2042 1812
3723 2 2 1 21 1818 2013 1690
3724 2 2 1 21 1691 1739 1738
3725 2 2 1 21 1691 1761 1739
3726 2 2 1 21 1691 1812 1761
3727 2 2 1 21 1693 1694 1692
3728 2 2 1 21 1694 1804 1692
3729 2 2 1 21 1804 1832 1692
3730 2 2 1 21 1693 1695 1694
3731 2 2 1 21 1693 1705 1695
3732 2 2 1 21 1693 1898 1705
3733 2 2 1 21 1695 1696 1694
3734 2 2 1 21 1696 1797 1694
3735 2 2 1 21 1797 1804 1694
3736 2 2 1 21 1695 1951 1696
3737 2 2 1 21 1705 1720 1695
3738 2 2 1 21 1720 1951 1695
3739 2 2 1 21 1696 2011 1797
3740 2 2 1 21 1951 1974 1696
3741 2 2 1 21 1974 2011 1696
3742 2 2 1 21 1697 1763 1698
3743 2 2 1 21 1699 1870 1697
3744 2 2 1 21 1697 1870 1763
3745 2 2 1 21 1698 1729 1703
3746 2 2 1 21 1698 1874 1729
3747 2 2 1 21 1763 1874 1698
3748 2 2 1 21 1699 1871 1870
3749 2 2 1 21 1699 1887 1871
3750 2 2 1 21 1885 1887 1699
3751 2 2 1 21 1700 1757 1701
3752 2 2 1 21 1702 1900 1700
3753 2 2 1 21 1700 1900 1757
3754 2 2 1 21 1757 1780 1701
3755 2 2 1 21 1780 1781 1701
3756 2 2 1 21 1781 1883 1701
3757 2 2 1 21 1819 1901 1702
3758 2 2 1 21 1702 1908 1819
3759 2 2 1 21 1702 1901 1900
3760 2 2 1 21 1729 1730 1703
3761 2 2 1 21 1730 1910 1703
3762 2 2 1 21 1703 1910 1857
3763 2 2 1 21 1820 1908 1704
3764 2 2 1 21 1704 1909 1820
3765 2 2 1 21 1828 1909 1704
3766 2 2 1 21 1705 1721 1720
3767 2 2 1 21 1705 1917 1721
3768 2 2 1 21 1898 1917 1705
3769 2 2 1 21 1707 1768 1706
3770 2 2 1 21 1706 1889 1723
3771 2 2 1 21 1768 1889 1706
3772 2 2 1 21 1708 1825 1707
3773 2 2 1 21 1707 1769 1768
3774 2 2 1 21 1707 1825 1769
3775 2 2 1 21 1823 1824 1708
3776 2 2 1 21 1824 2041 1708
3777 2 2 1 21 1708 2041 1825
3778 2 2 1 21 1710 1722 1709
3779 2 2 1 21 1709 1722 1711
3780 2 2 1 21 1710 1737 1722
3781 2 2 1 21 1735 2037 1710
3782 2 2 1 21 1710 2037 1737
3783 2 2 1 21 1722 1764 1711
3784 2 2 1 21 1764 1765 1711
3785 2 2 1 21 1765 1959 1711
3786 2 2 1 21 1712 1714 1713
3787 2 2 1 21 1712 2009 1714
3788 2 2 1 21 1714 1724 1713
3789 2 2 1 21 1713 1961 1719
3790 2 2 1 21 1724 1961 1713
3791 2 2 1 21 1714 1775 1724
3792 2 2 1 21 1714 2023 1775
3793 2 2 1 21 2009 2023 1714
3794 2 2 1 21 1715 1814 1736
3795 2 2 1 21 1715 1815 1814
3796 2 2 1 21 1715 1855 1815
3797 2 2 1 21 1717 1944 1716
3798 2 2 1 21 1716 1785 1718
3799 2 2 1 21 1716 1944 1785
3800 2 2 1 21 1856 1893 1717
3801 2 2 1 21 1893 1894 1717
3802 2 2 1 21 1894 1944 1717
3803 2 2 1 21 1785 1914 1718
3804 2 2 1 21 1718 1919 1835
3805 2 2 1 21 1914 1919 1718
3806 2 2 1 21 1810 1822 1719
3807 2 2 1 21 1719 1961 1810
3808 2 2 1 21 1822 1950 1719
3809 2 2 1 21 1721 1787 1720
3810 2 2 1 21 1787 1981 1720
3811 2 2 1 21 1720 1981 1951
3812 2 2 1 21 1721 1935 1787
3813 2 2 1 21 1917 1920 1721
3814 2 2 1 21 1920 1935 1721
3815 2 2 1 21 1737 1789 1722
3816 2 2 1 21 1722 1789 1764
3817 2 2 1 21 1723 1887 1885
3818 2 2 1 21 1723 1960 1887
3819 2 2 1 21 1889 1960 1723
3820 2 2 1 21 1775 2021 1724
3821 2 2 1 21 1809 1961 1724
3822 2 2 1 21 1724 2021 1809
3823 2 2 1 21 1725 1954 1726
3824 2 2 1 21 1852 1854 1725
3825 2 2 1 21 1854 1954 1725
3826 2 2 1 21 1726 1728 1727
3827 2 2 1 21 1726 1777 1728
3828 2 2 1 21 1726 1954 1777
3829 2 2 1 21 1728 1753 1727
3830 2 2 1 21 1753 1918 1727
3831 2 2 1 21 1727 1918 1841
3832 2 2 1 21 1728 1754 1753
3833 2 2 1 21 1728 1865 1754
3834 2 2 1 21 1777 1865 1728
3835 2 2 1 21 1729 1778 1730
3836 2 2 1 21 1729 1985 1778
3837 2 2 1 21 1874 1985 1729
3838 2 2 1 21 1778 1779 1730
3839 2 2 1 21 1779 2014 1730
3840 2 2 1 21 1730 2014 1910
3841 2 2 1 21 1745 2040 1731
3842 2 2 1 21 1731 1987 1861
3843 2 2 1 21 1731 2040 1987
3844 2 2 1 21 1732 1947 1733
3845 2 2 1 21 1843 1948 1732
3846 2 2 1 21 1732 1948 1947
3847 2 2 1 21 1733 1848 1847
3848 2 2 1 21 1733 1952 1848
3849 2 2 1 21 1947 1952 1733
3850 2 2 1 21 1734 1938 1863
3851 2 2 1 21 1872 1939 1734
3852 2 2 1 21 1734 1939 1938
3853 2 2 1 21 1735 1966 1862
3854 2 2 1 21 1862 2037 1735
3855 2 2 1 21 1915 1966 1735
3856 2 2 1 21 1735 1993 1915
3857 2 2 1 21 1814 1975 1736
3858 2 2 1 21 1736 1893 1856
3859 2 2 1 21 1736 1975 1893
3860 2 2 1 21 1737 1923 1789
3861 2 2 1 21 1737 1955 1923
3862 2 2 1 21 1737 2037 1955
3863 2 2 1 21 1739 1819 1738
3864 2 2 1 21 1819 1908 1738
3865 2 2 1 21 1738 1908 1820
3866 2 2 1 21 1761 1998 1739
3867 2 2 1 21 1739 1931 1819
3868 2 2 1 21 1739 1998 1931
3869 2 2 1 21 1750 1821 1740
3870 2 2 1 21 1821 1838 1740
3871 2 2 1 21 1740 1838 1829
3872 2 2 1 21 1741 2011 1742
3873 2 2 1 21 1797 2011 1741
3874 2 2 1 21 1742 1773 1772
3875 2 2 1 21 1742 1974 1773
3876 2 2 1 21 1742 2011 1974
3877 2 2 1 21 1743 1886 1831
3878 2 2 1 21 1882 1886 1743
3879 2 2 1 21 1743 1906 1882
3880 2 2 1 21 1744 1881 1835
3881 2 2 1 21 1835 1903 1744
3882 2 2 1 21 1876 1881 1744
3883 2 2 1 21 1745 1914 1808
3884 2 2 1 21 1808 2040 1745
3885 2 2 1 21 1745 1919 1914
3886 2 2 1 21 1747 1902 1746
3887 2 2 1 21 1746 1890 1869
3888 2 2 1 21 1746 1902 1890
3889 2 2 1 21 1748 1751 1747
3890 2 2 1 21 1751 1752 1747
3891 2 2 1 21 1752 1902 1747
3892 2 2 1 21 1748 1790 1751
3893 2 2 1 21 1748 1839 1790
3894 2 2 1 21 1748 1880 1839
3895 2 2 1 21 1749 1950 1796
3896 2 2 1 21 1750 1926 1821
3897 2 2 1 21 1836 1928 1750
3898 2 2 1 21 1750 1928 1926
3899 2 2 1 21 1751 1776 1752
3900 2 2 1 21 1751 1997 1776
3901 2 2 1 21 1790 1997 1751
3902 2 2 1 21 1776 1911 1752
3903 2 2 1 21 1752 1907 1902
3904 2 2 1 21 1752 1911 1907
3905 2 2 1 21 1754 1933 1753
3906 2 2 1 21 1753 1930 1918
3907 2 2 1 21 1753 1933 1930
3908 2 2 1 21 1865 1936 1754
3909 2 2 1 21 1754 1934 1933
3910 2 2 1 21 1754 1936 1934
3911 2 2 1 21 1859 2018 1755
3912 2 2 1 21 1755 1895 1868
3913 2 2 1 21 1755 2018 1895
3914 2 2 1 21 1758 1980 1756
3915 2 2 1 21 1756 2015 1843
3916 2 2 1 21 1980 2015 1756
3917 2 2 1 21 1757 2031 1780
3918 2 2 1 21 1900 2032 1757
3919 2 2 1 21 1757 2032 2031
3920 2 2 1 21 1759 1760 1758
3921 2 2 1 21 1760 2006 1758
3922 2 2 1 21 1758 2006 1980
3923 2 2 1 21 1759 1911 1760
3924 2 2 1 21 1845 1907 1759
3925 2 2 1 21 1907 1911 1759
3926 2 2 1 21 1911 1976 1760
3927 2 2 1 21 1760 1971 1968
3928 2 2 1 21 1968 2006 1760
3929 2 2 1 21 1760 1976 1971
3930 2 2 1 21 1812 1813 1761
3931 2 2 1 21 1813 2008 1761
3932 2 2 1 21 1761 2008 1998
3933 2 2 1 21 1824 1992 1762
3934 2 2 1 21 1762 2041 1824
3935 2 2 1 21 1870 2034 1763
3936 2 2 1 21 1763 1875 1874
3937 2 2 1 21 1763 2034 1875
3938 2 2 1 21 1764 2025 1765
3939 2 2 1 21 1789 2020 1764
3940 2 2 1 21 2020 2025 1764
3941 2 2 1 21 1765 1986 1959
3942 2 2 1 21 1972 1986 1765
3943 2 2 1 21 1765 2025 1972
3944 2 2 1 21 1766 1793 1767
3945 2 2 1 21 1766 2029 1793
3946 2 2 1 21 1766 2057 2029
3947 2 2 1 21 1793 2013 1767
3948 2 2 1 21 1767 2010 1801
3949 2 2 1 21 1767 2013 2010
3950 2 2 1 21 1769 1774 1768
3951 2 2 1 21 1774 2047 1768
3952 2 2 1 21 1768 2047 1889
3953 2 2 1 21 1769 1972 1774
3954 2 2 1 21 1825 1986 1769
3955 2 2 1 21 1769 1986 1972
3956 2 2 1 21 1771 1924 1770
3957 2 2 1 21 1770 2022 1859
3958 2 2 1 21 1924 2022 1770
3959 2 2 1 21 1912 1913 1771
3960 2 2 1 21 1913 1922 1771
3961 2 2 1 21 1922 1924 1771
3962 2 2 1 21 1773 2019 1772
3963 2 2 1 21 1772 2023 2009
3964 2 2 1 21 2019 2023 1772
3965 2 2 1 21 1974 2048 1773
3966 2 2 1 21 1773 2048 2019
3967 2 2 1 21 1984 2047 1774
3968 2 2 1 21 1775 2044 2021
3969 2 2 1 21 2023 2044 1775
3970 2 2 1 21 1776 1976 1911
3971 2 2 1 21 1776 2053 1976
3972 2 2 1 21 1997 2053 1776
3973 2 2 1 21 1777 2049 1865
3974 2 2 1 21 1941 2049 1777
3975 2 2 1 21 1778 1979 1779
3976 2 2 1 21 1778 2052 1979
3977 2 2 1 21 1985 2052 1778
3978 2 2 1 21 1805 1806 1779
3979 2 2 1 21 1779 1979 1805
3980 2 2 1 21 1806 2014 1779
3981 2 2 1 21 1780 1782 1781
3982 2 2 1 21 1780 2039 1782
3983 2 2 1 21 2031 2039 1780
3984 2 2 1 21 1782 1783 1781
3985 2 2 1 21 1783 1846 1781
3986 2 2 1 21 1846 1883 1781
3987 2 2 1 21 1782 2007 1783
3988 2 2 1 21 1995 2007 1782
3989 2 2 1 21 1782 2039 1995
3990 2 2 1 21 1783 1920 1846
3991 2 2 1 21 1783 1921 1920
3992 2 2 1 21 1783 2007 1921
3993 2 2 1 21 1867 2036 1784
3994 2 2 1 21 1784 2036 1973
3995 2 2 1 21 1944 1953 1785
3996 2 2 1 21 1786 2040 1808
3997 2 2 1 21 1987 2040 1786
3998 2 2 1 21 1945 1981 1787
3999 2 2 1 21 1810 1978 1788
4000 2 2 1 21 1839 2036 1790
4001 2 2 1 21 1790 2036 1867
4002 2 2 1 21 1792 2043 1791
4003 2 2 1 21 1791 1962 1800
4004 2 2 1 21 1934 1936 1792
4005 2 2 1 21 1936 1937 1792
4006 2 2 1 21 1937 2043 1792
4007 2 2 1 21 2029 2042 1793
4008 2 2 1 21 1794 2048 1795
4009 2 2 1 21 1795 1974 1951
4010 2 2 1 21 1951 1981 1795
4011 2 2 1 21 1795 2048 1974
4012 2 2 1 21 1799 1970 1807
4013 2 2 1 21 1800 1927 1855
4014 2 2 1 21 1801 2010 1802
4015 2 2 1 21 1802 1805 1803
4016 2 2 1 21 1802 2016 1805
4017 2 2 1 21 2010 2016 1802
4018 2 2 1 21 1805 1979 1803
4019 2 2 1 21 1979 1990 1803
4020 2 2 1 21 1804 1946 1832
4021 2 2 1 21 1963 1977 1807
4022 2 2 1 21 1809 1978 1961
4023 2 2 1 21 1961 1978 1810
4024 2 2 1 21 2008 2028 1811
4025 2 2 1 21 2028 2056 1811
4026 2 2 1 21 1812 2042 1813
4027 2 2 1 21 1813 2028 2008
4028 2 2 1 21 1813 2029 2028
4029 2 2 1 21 1813 2042 2029
4030 2 2 1 21 1815 2059 1814
4031 2 2 1 21 1814 1983 1975
4032 2 2 1 21 1855 1927 1815
4033 2 2 1 21 1849 1850 1816
4034 2 2 1 21 1817 1966 1915
4035 2 2 1 21 2010 2013 1818
4036 2 2 1 21 1818 2016 2010
4037 2 2 1 21 1819 1931 1901
4038 2 2 1 21 1820 1909 1899
4039 2 2 1 21 1821 1926 1864
4040 2 2 1 21 1823 1891 1824
4041 2 2 1 21 1826 1891 1823
4042 2 2 1 21 1833 1891 1826
4043 2 2 1 21 1827 1960 1889
4044 2 2 1 21 1860 1916 1828
4045 2 2 1 21 1828 1916 1909
4046 2 2 1 21 1829 1838 1830
4047 2 2 1 21 1838 1877 1830
4048 2 2 1 21 1833 1897 1891
4049 2 2 1 21 1834 1850 1849
4050 2 2 1 21 1835 1919 1903
4051 2 2 1 21 1905 1928 1836
4052 2 2 1 21 1973 2036 1839
4053 2 2 1 21 1840 1916 1884
4054 2 2 1 21 1841 1929 1905
4055 2 2 1 21 1918 1929 1841
4056 2 2 1 21 1842 1977 1963
4057 2 2 1 21 1843 2033 1948
4058 2 2 1 21 2015 2033 1843
4059 2 2 1 21 1933 1934 1844
4060 2 2 1 21 1846 1920 1917
4061 2 2 1 21 1848 1913 1847
4062 2 2 1 21 1848 1922 1913
4063 2 2 1 21 1848 1989 1922
4064 2 2 1 21 1952 1989 1848
4065 2 2 1 21 1851 1912 1904
4066 2 2 1 21 1853 2027 1852
4067 2 2 1 21 1852 2027 1854
4068 2 2 1 21 1863 1938 1853
4069 2 2 1 21 1938 2055 1853
4070 2 2 1 21 1853 2055 2027
4071 2 2 1 21 1857 1910 1878
4072 2 2 1 21 1859 2022 1940
4073 2 2 1 21 1884 1916 1860
4074 2 2 1 21 1861 1955 1862
4075 2 2 1 21 1861 1987 1955
4076 2 2 1 21 1955 2037 1862
4077 2 2 1 21 1864 1926 1888
4078 2 2 1 21 1865 2038 1936
4079 2 2 1 21 1865 2049 2038
4080 2 2 1 21 1871 2024 1870
4081 2 2 1 21 2024 2034 1870
4082 2 2 1 21 1887 2030 1871
4083 2 2 1 21 1871 2030 1967
4084 2 2 1 21 1895 1896 1873
4085 2 2 1 21 1896 2004 1873
4086 2 2 1 21 1875 2017 1874
4087 2 2 1 21 1875 2045 2017
4088 2 2 1 21 1960 2030 1887
4089 2 2 1 21 1893 2051 1894
4090 2 2 1 21 1975 2051 1893
4091 2 2 1 21 1969 1994 1894
4092 2 2 1 21 1894 2051 1969
4093 2 2 1 21 1895 2018 1896
4094 2 2 1 21 1901 1942 1900
4095 2 2 1 21 1921 1935 1920
4096 2 2 1 21 1921 1958 1935
4097 2 2 1 21 1921 1996 1958
4098 2 2 1 21 1921 2007 1996
4099 2 2 1 21 1922 1925 1924
4100 2 2 1 21 1922 1989 1925
4101 2 2 1 21 1925 2046 1924
4102 2 2 1 21 1989 2035 1925
4103 2 2 1 21 1931 1998 1932
4104 2 2 1 21 1936 2038 1937
4105 2 2 1 21 1937 2038 2012
4106 2 2 1 21 2026 2043 1937
4107 2 2 1 21 2027 2055 1943
4108 2 2 1 21 1947 1964 1952
4109 2 2 1 21 1949 2052 1985
4110 2 2 1 21 2031 2032 1956
4111 2 2 1 21 1957 2053 1997
4112 2 2 1 21 1995 2039 1965
4113 2 2 1 21 1982 2015 1980
4114 2 2 1 21 2019 2044 2023
4115 4 2 10 2 1229 2601 2327 2693
4116 4 2 10 2 2135 3172 3155 3647
4117 4 2 10 2 2116 2244 2486 2728
4118 4 2 10 2 1113 2809 1302 3351
4119 4 2 10 2 1463 2430 2517 2715
4120 4 2 10 2 2132 2460 2776 2843
4121 4 2 10 2 1451 2430 1463 2715
4122 4 2 10 2 1326 922 2386 3278
4123 4 2 10 2 572 2643 2001 3417
4124 4 2 10 2 2152 3009 3031 3416
4125 4 2 10 2 3009 3273 3031 3416
4126 4 2 10 2 2453 2619 2165 2850
4127 4 2 10 2 2332 2833 2230 2876
4128 4 2 10 2 2619 2850 2453 3568
4129 4 2 10 2 2165 2453 2286 2619
4130 4 2 10 2 2098 2338 2273 2523
4131 4 2 10 2 2066 2776 2460 2843
4132 4 2 10 2 2230 3155 3172 3647
4133 4 2 10 2 2286 2619 2453 3568
4134 4 2 10 2 2164 2300 2290 2931
4135 4 2 10 2 572 2001 789 3417
4136 4 2 10 2 2273 2338 2098 3561
4137 4 2 10 2 1195 1451 1463 2715
4138 4 2 10 2 963 2334 2716 2758
4139 4 2 10 2 1414 2868 2266 3735
4140 4 2 10 2 2800 2871 2693 3019
4141 4 2 10 2 2070 2472 2518 3487
4142 4 2 10 2 2410 2123 2858 3017
4143 4 2 10 2 993 2821 2595 2997
4144 4 2 10 2 425 317 2314 2975
4145 4 2 10 2 2116 2486 2244 2869
4146 4 2 10 2 2161 2327 2548 3238
4147 4 2 10 2 2694 2858 2123 3017
4148 4 2 10 2 2524 2821 1007 2997
4149 4 2 10 2 963 1295 2334 2758
4150 4 2 10 2 1463 2517 1195 2715
4151 4 2 10 2 1747 2777 2424 3580
4152 4 2 10 2 922 3041 2386 3278
4153 4 2 10 2 1213 2495 2266 2868
4154 4 2 10 2 993 1007 2821 2997
4155 4 2 10 2 2155 2762 2320 3503
4156 4 2 10 2 2256 3280 2197 3294
4157 4 2 10 2 1353 2912 2930 3704
4158 4 2 10 2 2336 2670 1859 2881
4159 4 2 10 2 2112 2552 2548 2910
4160 4 2 10 2 2161 2548 2327 2601
4161 4 2 10 2 2386 2642 2409 3547
4162 4 2 10 2 1372 2712 805 3405
4163 4 2 10 2 2344 2091 2450 3364
4164 4 2 10 2 2208 2062 3107 3126
4165 4 2 10 2 1474 2598 1479 3361
4166 4 2 10 2 1676 2514 2270 2884
4167 4 2 10 2 2325 2200 2545 2625
4168 4 2 10 2 2069 2486 2577 3076
4169 4 2 10 2 2242 2638 2532 2810
4170 4 2 10 2 2396 2450 2091 3364
4171 4 2 10 2 2481 1539 2948 3686
4172 4 2 10 2 2100 3595 3059 3698
4173 4 2 10 2 1349 3293 3056 3398
4174 4 2 10 2 2250 2577 2486 3076
4175 4 2 10 2 2060 2443 2279 3611
4176 4 2 10 2 1398 2659 2614 3453
4177 4 2 10 2 2192 2998 2862 3198
4178 4 2 10 2 2340 2513 2077 2737
4179 4 2 10 2 2062 2208 2849 3126
4180 4 2 10 2 317 2653 2314 2975
4181 4 2 10 2 2159 2513 2340 2737
4182 4 2 10 2 1213 2495 2868 2995
4183 4 2 10 2 2109 2392 2333 2843
4184 4 2 10 2 699 2274 2530 2717
4185 4 2 10 2 2100 2271 3059 3595
4186 4 2 10 2 2066 2666 2333 2843
4187 4 2 10 2 1475 3147 2678 3249
4188 4 2 10 2 2321 2719 2158 2874
4189 4 2 10 2 2332 2368 2230 3087
4190 4 2 10 2 2063 2267 2392 2743
4191 4 2 10 2 2320 2762 2239 3503
4192 4 2 10 2 2062 2849 2208 3107
4193 4 2 10 2 2075 2833 2332 2876
4194 4 2 10 2 1372 1452 2712 3405
4195 4 2 10 2 2098 2652 2382 2969
4196 4 2 10 2 368 2395 2505 3210
4197 4 2 10 2 998 2580 1000 3492
4198 4 2 10 2 2060 2476 2443 3611
4199 4 2 10 2 998 3288 2580 3492
4200 4 2 10 2 2132 2460 2655 2776
4201 4 2 10 2 1646 2546 2284 2576
4202 4 2 10 2 2994 3046 320 3201
4203 4 2 10 2 1683 2873 2414 2884
4204 4 2 10 2 2541 3194 2100 3631
4205 4 2 10 2 2690 2767 770 3061
4206 4 2 10 2 2146 2585 2474 3165
4207 4 2 10 2 2142 2594 2317 2935
4208 4 2 10 2 1770 2670 2336 2722
4209 4 2 10 2 3056 3293 2614 3398
4210 4 2 10 2 2070 2518 2472 3240
4211 4 2 10 2 952 2316 950 3282
4212 4 2 10 2 2538 2608 2458 3322
4213 4 2 10 2 1747 2424 2777 3120
4214 4 2 10 2 368 2505 2395 3092
4215 4 2 10 2 997 998 1000 3492
4216 4 2 10 2 2273 2098 2652 3561
4217 4 2 10 2 2230 2368 2332 2876
4218 4 2 10 2 1908 2680 2308 3518
4219 4 2 10 2 2325 2361 2114 2545
4220 4 2 10 2 2133 2272 2463 2471
4221 4 2 10 2 320 2310 319 3046
4222 4 2 10 2 2280 2385 2179 3268
4223 4 2 10 2 320 2994 2310 3046
4224 4 2 10 2 2270 2514 1676 2781
4225 4 2 10 2 960 2701 2245 2716
4226 4 2 10 2 2098 2309 2652 2969
4227 4 2 10 2 2187 2474 2585 3165
4228 4 2 10 2 1474 2496 2598 3361
4229 4 2 10 2 1952 2862 2998 3198
4230 4 2 10 2 2420 2942 1571 3621
4231 4 2 10 2 1028 2262 1010 3185
4232 4 2 10 2 2197 2256 2816 3280
4233 4 2 10 2 2386 2409 2788 3547
4234 4 2 10 2 2290 2300 2132 2931
4235 4 2 10 2 1357 3258 2936 3338
4236 4 2 10 2 2123 2536 2410 3078
4237 4 2 10 2 1888 2481 1539 2948
4238 4 2 10 2 2569 2713 2171 2919
4239 4 2 10 2 2284 2546 1646 2664
4240 4 2 10 2 2306 2826 2131 2919
4241 4 2 10 2 1281 2584 2500 3041
4242 4 2 10 2 2007 1782 1783 2309
4243 4 2 10 2 2131 2919 2826 3688
4244 4 2 10 2 2238 2437 23 2801
4245 4 2 10 2 2132 2392 2267 2743
4246 4 2 10 2 2070 2292 2472 3487
4247 4 2 10 2 2171 2713 2569 3208
4248 4 2 10 2 1885 2514 1676 2884
4249 4 2 10 2 2427 1565 3419 3487
4250 4 2 10 2 1646 2546 2576 3689
4251 4 2 10 2 265 1153 1446 2689
4252 4 2 10 2 1588 2298 2504 2861
4253 4 2 10 2 2409 2642 2386 3328
4254 4 2 10 2 2080 2285 2462 3274
4255 4 2 10 2 1192 2448 2221 3042
4256 4 2 10 2 2338 2098 2652 3081
4257 4 2 10 2 2259 2930 2912 3704
4258 4 2 10 2 1652 2812 2456 3379
4259 4 2 10 2 1287 2616 2275 2789
4260 4 2 10 2 2342 2871 2800 3019
4261 4 2 10 2 2507 2823 732 3289
4262 4 2 10 2 2259 2511 2930 3704
4263 4 2 10 2 871 2689 891 2852
4264 4 2 10 2 2257 2419 2173 2483
4265 4 2 10 2 707 2558 2275 2842
4266 4 2 10 2 883 2389 282 3543
4267 4 2 10 2 2179 2385 2280 3279
4268 4 2 10 2 2098 3081 2338 3692
4269 4 2 10 2 2288 2578 371 2805
4270 4 2 10 2 952 2607 2316 3282
4271 4 2 10 2 990 2342 2595 2821
4272 4 2 10 2 2135 2508 3172 3647
4273 4 2 10 2 1783 2309 1782 2652
4274 4 2 10 2 2382 2652 2309 2969
4275 4 2 10 2 2123 2410 3013 3017
4276 4 2 10 2 2443 2279 3611 3631
4277 4 2 10 2 2109 2333 2666 2843
4278 4 2 10 2 2112 2552 2910 3445
4279 4 2 10 2 2234 2949 2412 3491
4280 4 2 10 2 2652 3081 2098 3692
4281 4 2 10 2 2936 3258 2219 3338
4282 4 2 10 2 975 2613 2373 2765
4283 4 2 10 2 981 2839 2968 3729
4284 4 2 10 2 2338 2652 2098 3561
4285 4 2 10 2 2504 2862 1847 3029
4286 4 2 10 2 2133 2463 2272 2820
4287 4 2 10 2 2081 2302 2488 2886
4288 4 2 10 2 2474 2187 2585 2791
4289 4 2 10 2 2134 2837 2503 2844
4290 4 2 10 2 2329 2823 2507 3289
4291 4 2 10 2 1571 3424 2420 3621
4292 4 2 10 2 371 2578 2288 3305
4293 4 2 10 2 2472 2518 2121 2739
4294 4 2 10 2 1999 2563 2059 3051
4295 4 2 10 2 1398 2614 3398 3453
4296 4 2 10 2 1770 1859 2336 2670
4297 4 2 10 2 2655 2776 2460 2798
4298 4 2 10 2 1475 2927 2678 3147
4299 4 2 10 2 1263 2598 1466 2830
4300 4 2 10 2 2215 2260 2618 2941
4301 4 2 10 2 1539 2481 1540 3686
4302 4 2 10 2 2070 3271 3052 3626
4303 4 2 10 2 2100 3002 2552 3194
4304 4 2 10 2 41 42 3090 3167
4305 4 2 10 2 1263 1466 2598 3673
4306 4 2 10 2 2267 2743 2290 2806
4307 4 2 10 2 1192 2221 2448 3358
4308 4 2 10 2 2410 2858 2080 2999
4309 4 2 10 2 981 2839 983 2968
4310 4 2 10 2 2320 2525 2155 3503
4311 4 2 10 2 2116 3318 2749 3378
4312 4 2 10 2 1414 2266 3581 3735
4313 4 2 10 2 314 2653 313 2979
4314 4 2 10 2 1182 1236 1389 2357
4315 4 2 10 2 2518 2739 2472 3240
4316 4 2 10 2 2236 2183 2729 2804
4317 4 2 10 2 2236 2729 2183 3413
4318 4 2 10 2 2771 3419 1565 3487
4319 4 2 10 2 2857 3310 2462 3395
4320 4 2 10 2 2215 2756 2260 2941
4321 4 2 10 2 1461 871 891 2852
4322 4 2 10 2 1037 2693 2278 2871
4323 4 2 10 2 2285 2433 2225 2720
4324 4 2 10 2 2410 2536 2209 3078
4325 4 2 10 2 2272 2942 2420 3621
4326 4 2 10 2 2123 3013 2694 3017
4327 4 2 10 2 2133 2272 2471 2942
4328 4 2 10 2 2513 2591 2759 3606
4329 4 2 10 2 2112 2548 2754 2910
4330 4 2 10 2 2149 2458 2213 2659
4331 4 2 10 2 2406 2594 2110 3104
4332 4 2 10 2 2327 3275 2601 3613
4333 4 2 10 2 2513 2737 2591 3606
4334 4 2 10 2 992 2595 993 2821
4335 4 2 10 2 975 2373 965 2765
4336 4 2 10 2 1389 2357 2767 3635
4337 4 2 10 2 2160 2366 2361 3065
4338 4 2 10 2 990 2595 992 2821
4339 4 2 10 2 699 836 2274 2717
4340 4 2 10 2 2236 2804 2729 3413
4341 4 2 10 2 2414 2873 2270 2884
4342 4 2 10 2 1588 1912 2298 2861
4343 4 2 10 2 1463 2430 906 2517
4344 4 2 10 2 707 779 2558 2842
4345 4 2 10 2 1821 1740 2440 2498
4346 4 2 10 2 2443 2476 3006 3706
4347 4 2 10 2 2635 3012 2774 3225
4348 4 2 10 2 2538 2608 2130 3099
4349 4 2 10 2 2239 2320 3503 3562
4350 4 2 10 2 1821 2498 2440 2924
4351 4 2 10 2 1707 3375 2649 3465
4352 4 2 10 2 1683 2270 2873 2884
4353 4 2 10 2 2406 2110 2702 3104
4354 4 2 10 2 1506 789 2001 3417
4355 4 2 10 2 2159 2737 2340 3462
4356 4 2 10 2 2365 2497 2857 3362
4357 4 2 10 2 1227 2327 1229 2601
4358 4 2 10 2 2424 3009 2914 3193
4359 4 2 10 2 2066 2333 2666 2992
4360 4 2 10 2 2443 3611 2476 3631
4361 4 2 10 2 2230 3172 2508 3647
4362 4 2 10 2 2678 3147 2254 3249
4363 4 2 10 2 2293 2731 838 3680
4364 4 2 10 2 2284 2629 1491 3422
4365 4 2 10 2 2775 3164 2903 3222
4366 4 2 10 2 2344 2450 2091 3058
4367 4 2 10 2 2261 3194 2541 3631
4368 4 2 10 2 1263 2830 2417 3673
4369 4 2 10 2 314 2355 2653 2979
4370 4 2 10 2 1287 2275 1371 2789
4371 4 2 10 2 2112 2910 2754 3445
4372 4 2 10 2 2251 2695 2403 3153
4373 4 2 10 2 2387 2538 2130 3099
4374 4 2 10 2 2290 2300 2164 2699
4375 4 2 10 2 2702 2948 1539 3686
4376 4 2 10 2 2205 2597 2322 3544
4377 4 2 10 2 2109 2666 2333 2992
4378 4 2 10 2 2263 2741 2694 3162
4379 4 2 10 2 2236 2183 2564 3413
4380 4 2 10 2 960 2716 2245 2758
4381 4 2 10 2 874 2852 1461 3405
4382 4 2 10 2 2732 2917 17 3496
4383 4 2 10 2 1588 2504 2298 2862
4384 4 2 10 2 440 271 2399 2988
4385 4 2 10 2 2396 3004 2450 3364
4386 4 2 10 2 2481 2948 2702 3686
4387 4 2 10 2 1743 2292 1906 2723
4388 4 2 10 2 444 282 883 2389
4389 4 2 10 2 2262 2859 1010 3185
4390 4 2 10 2 2525 3503 2320 3562
4391 4 2 10 2 2066 2333 2776 2843
4392 4 2 10 2 2457 2815 2295 3643
4393 4 2 10 2 1028 1331 1010 2262
4394 4 2 10 2 2299 2903 3164 3222
4395 4 2 10 2 1672 2781 2364 2873
4396 4 2 10 2 2132 2460 2743 2931
4397 4 2 10 2 2386 2788 2409 3328
4398 4 2 10 2 2235 2858 2694 3017
4399 4 2 10 2 2869 3257 2897 3523
4400 4 2 10 2 317 436 2653 2975
4401 4 2 10 2 2221 3358 1192 3543
4402 4 2 10 2 425 436 317 2975
4403 4 2 10 2 2513 2759 2737 3606
4404 4 2 10 2 2146 2456 2364 2582
4405 4 2 10 2 2575 2805 2766 2928
4406 4 2 10 2 2192 2648 2998 3198
4407 4 2 10 2 1171 2285 2736 3403
4408 4 2 10 2 1557 2321 1560 2697
4409 4 2 10 2 1431 2601 3275 3613
4410 4 2 10 2 2976 3126 2413 3497
4411 4 2 10 2 1714 2263 2796 3315
4412 4 2 10 2 2580 3257 2869 3523
4413 4 2 10 2 2456 2812 1652 3215
4414 4 2 10 2 2100 2541 3002 3194
4415 4 2 10 2 2427 2537 1565 3487
4416 4 2 10 2 1888 2381 2481 2948
4417 4 2 10 2 2364 2456 2138 2582
4418 4 2 10 2 2340 2737 2077 3119
4419 4 2 10 2 2242 2638 2810 2923
4420 4 2 10 2 1866 1560 1557 2321
4421 4 2 10 2 1906 2723 2292 2771
4422 4 2 10 2 1398 1147 2614 2659
4423 4 2 10 2 3052 3271 2406 3626
4424 4 2 10 2 1229 2693 2327 3480
4425 4 2 10 2 2361 2366 2160 3482
4426 4 2 10 2 1559 2697 2623 2704
4427 4 2 10 2 952 950 1269 3282
4428 4 2 10 2 2794 2917 2392 3496
4429 4 2 10 2 2271 2541 2100 3059
4430 4 2 10 2 2208 3107 2359 3126
4431 4 2 10 2 1747 2424 1593 3580
4432 4 2 10 2 2653 2975 436 2979
4433 4 2 10 2 2749 3318 2431 3378
4434 4 2 10 2 2225 2433 2285 2674
4435 4 2 10 2 2389 3042 282 3543
4436 4 2 10 2 2458 2538 2149 2608
4437 4 2 10 2 2165 3016 2423 3191
4438 4 2 10 2 2236 2563 719 3051
4439 4 2 10 2 2245 2701 960 3044
4440 4 2 10 2 1263 2598 2830 3673
4441 4 2 10 2 425 2314 317 3285
4442 4 2 10 2 2376 2484 423 2626
4443 4 2 10 2 2375 2543 1065 3113
4444 4 2 10 2 1697 1683 2414 2884
4445 4 2 10 2 2400 3531 2766 3578
4446 4 2 10 2 2053 1776 1976 2484
4447 4 2 10 2 362 2685 2395 3381
4448 4 2 10 2 883 1394 444 2389
4449 4 2 10 2 2267 2132 2743 2806
4450 4 2 10 2 2424 2092 3009 3193
4451 4 2 10 2 2115 2473 2432 3175
4452 4 2 10 2 752 2606 1984 2823
4453 4 2 10 2 2230 2876 2833 3172
4454 4 2 10 2 2406 2110 2594 3052
4455 4 2 10 2 1239 2330 1156 3155
4456 4 2 10 2 2292 3271 2070 3626
4457 4 2 10 2 2548 2552 2161 2910
4458 4 2 10 2 2213 2458 2149 2921
4459 4 2 10 2 2143 2295 2457 2815
4460 4 2 10 2 1192 3042 2221 3543
4461 4 2 10 2 2165 3016 3191 3394
4462 4 2 10 2 786 2925 2467 3178
4463 4 2 10 2 2289 2748 1665 3567
4464 4 2 10 2 999 2693 1037 2871
4465 4 2 10 2 2601 2693 1229 3019
4466 4 2 10 2 1984 2606 2047 2823
4467 4 2 10 2 2370 2177 2774 3114
4468 4 2 10 2 1389 2767 1472 3635
4469 4 2 10 2 2147 2469 2346 2679
4470 4 2 10 2 2075 2833 2876 3172
4471 4 2 10 2 719 2563 2236 3534
4472 4 2 10 2 1714 3162 2263 3315
4473 4 2 10 2 318 320 3046 3201
4474 4 2 10 2 920 2529 2386 3713
4475 4 2 10 2 1171 2736 2285 3040
4476 4 2 10 2 2218 2505 2395 2977
4477 4 2 10 2 2395 2505 2243 2977
4478 4 2 10 2 2089 2520 2397 2946
4479 4 2 10 2 1603 2957 1606 3029
4480 4 2 10 2 2205 2845 2597 3544
4481 4 2 10 2 2365 2130 2497 3362
4482 4 2 10 2 2353 2766 3531 3578
4483 4 2 10 2 972 2809 2727 3252
4484 4 2 10 2 1652 2812 3379 3689
4485 4 2 10 2 2365 2497 2130 3043
4486 4 2 10 2 23 2238 2620 3629
4487 4 2 10 2 2302 2676 2488 2886
4488 4 2 10 2 644 2370 2838 3102
4489 4 2 10 2 2106 2412 2949 3491
4490 4 2 10 2 2200 2625 2325 3148
4491 4 2 10 2 2217 2594 2406 3104
4492 4 2 10 2 2089 2775 2520 2946
4493 4 2 10 2 1665 2748 2289 2795
4494 4 2 10 2 2424 2883 1593 3580
4495 4 2 10 2 1824 2297 2041 2801
4496 4 2 10 2 1603 2353 2957 3029
4497 4 2 10 2 2280 2385 2097 3050
4498 4 2 10 2 2388 3021 2849 3107
4499 4 2 10 2 2281 2715 1197 2785
4500 4 2 10 2 2774 3012 2421 3225
4501 4 2 10 2 318 320 319 3046
4502 4 2 10 2 2322 2751 1166 3644
4503 4 2 10 2 2165 2423 3016 3394
4504 4 2 10 2 2396 3181 2790 3364
4505 4 2 10 2 2134 2819 2503 2837
4506 4 2 10 2 444 557 282 2389
4507 4 2 10 2 1411 2561 1203 2760
4508 4 2 10 2 2258 2826 2919 3688
4509 4 2 10 2 2066 2460 2776 2798
4510 4 2 10 2 1491 2629 2284 2877
4511 4 2 10 2 2213 2621 2458 2921
4512 4 2 10 2 2093 3095 2405 3328
4513 4 2 10 2 2328 2972 3117 3187
4514 4 2 10 2 1672 1676 2781 2873
4515 4 2 10 2 644 2370 3102 3217
4516 4 2 10 2 2098 2458 2608 3322
4517 4 2 10 2 2099 2507 2329 2889
4518 4 2 10 2 2329 2507 2191 2889
4519 4 2 10 2 2134 2819 2837 3055
4520 4 2 10 2 1957 2484 455 3439
4521 4 2 10 2 1081 2495 2296 2818
4522 4 2 10 2 2237 2456 2146 2967
4523 4 2 10 2 2094 2698 2362 3584
4524 4 2 10 2 2062 2388 2849 3107
4525 4 2 10 2 2080 2462 2285 2720
4526 4 2 10 2 2914 3009 2447 3193
4527 4 2 10 2 2305 2455 2197 2742
4528 4 2 10 2 18 2917 2794 3496
4529 4 2 10 2 2238 1507 3015 3465
4530 4 2 10 2 2270 2781 1676 2873
4531 4 2 10 2 2238 2801 1507 3465
4532 4 2 10 2 2292 3419 2771 3487
4533 4 2 10 2 2090 2295 2815 3643
4534 4 2 10 2 1888 1540 1539 2481
4535 4 2 10 2 2163 2462 2857 3310
4536 4 2 10 2 883 282 3042 3543
4537 4 2 10 2 1143 2927 1475 3147
4538 4 2 10 2 2413 2976 2062 3126
4539 4 2 10 2 1825 3375 1707 3465
4540 4 2 10 2 2693 2800 2278 2871
4541 4 2 10 2 23 2620 2238 3015
4542 4 2 10 2 2424 3009 2092 3509
4543 4 2 10 2 869 2689 871 2852
4544 4 2 10 2 1871 2572 2884 3089
4545 4 2 10 2 1236 2357 1182 3229
4546 4 2 10 2 1213 2266 2495 2818
4547 4 2 10 2 1166 2751 1277 3644
4548 4 2 10 2 2766 3145 2400 3578
4549 4 2 10 2 2110 2570 2481 3161
4550 4 2 10 2 250 2300 2667 2806
4551 4 2 10 2 635 3171 2966 3467
4552 4 2 10 2 2513 2591 2128 2759
4553 4 2 10 2 2102 3310 2857 3395
4554 4 2 10 2 2219 3258 2663 3338
4555 4 2 10 2 1645 1491 2629 3422
4556 4 2 10 2 2417 2830 2598 3673
4557 4 2 10 2 2208 2849 2331 3515
4558 4 2 10 2 1073 2299 1126 2675
4559 4 2 10 2 2462 3274 2285 3682
4560 4 2 10 2 23 2437 2238 3629
4561 4 2 10 2 2247 2192 2641 3307
4562 4 2 10 2 2293 2344 2091 3058
4563 4 2 10 2 2320 2762 2155 3072
4564 4 2 10 2 779 2558 2842 3427
4565 4 2 10 2 1783 2309 2652 2899
4566 4 2 10 2 952 1269 2607 3282
4567 4 2 10 2 2329 2099 2889 2954
4568 4 2 10 2 2127 2975 2653 2979
4569 4 2 10 2 2561 2760 1411 2761
4570 4 2 10 2 1588 2298 1913 2862
4571 4 2 10 2 1326 2386 2991 3278
4572 4 2 10 2 1305 2624 2613 2765
4573 4 2 10 2 2448 2724 2221 3042
4574 4 2 10 2 2816 3122 2197 3280
4575 4 2 10 2 2292 2406 3271 3626
4576 4 2 10 2 2161 2483 2327 3238
4577 4 2 10 2 2098 2309 2458 3322
4578 4 2 10 2 1824 2664 2297 2801
4579 4 2 10 2 1950 2638 2532 3597
4580 4 2 10 2 2183 2729 2564 3413
4581 4 2 10 2 2195 2579 2393 2945
4582 4 2 10 2 838 2731 2293 3058
4583 4 2 10 2 1663 2364 1672 2781
4584 4 2 10 2 2142 2374 2317 3250
4585 4 2 10 2 2132 2300 2290 2806
4586 4 2 10 2 1143 2678 1475 2927
4587 4 2 10 2 1559 2623 1561 2704
4588 4 2 10 2 2177 2774 2635 3012
4589 4 2 10 2 2329 2889 2514 2954
4590 4 2 10 2 1056 2950 2799 3270
4591 4 2 10 2 2314 2653 317 3285
4592 4 2 10 2 428 2439 3245 3312
4593 4 2 10 2 2101 2342 2567 3112
4594 4 2 10 2 1561 2287 1890 2704
4595 4 2 10 2 2132 2655 2460 2931
4596 4 2 10 2 2738 2993 795 3301
4597 4 2 10 2 2779 3006 2476 3706
4598 4 2 10 2 2966 3171 2357 3467
4599 4 2 10 2 2327 2483 2161 3275
4600 4 2 10 2 2101 3523 2477 3630
4601 4 2 10 2 2092 3031 3009 3273
4602 4 2 10 2 1166 2597 2322 3644
4603 4 2 10 2 2314 2653 2127 2975
4604 4 2 10 2 2126 2351 2494 3011
4605 4 2 10 2 2353 1847 2862 3029
4606 4 2 10 2 2614 2659 1147 3214
4607 4 2 10 2 2766 2805 2288 2928
4608 4 2 10 2 1028 3000 2262 3185
4609 4 2 10 2 2134 2440 3426 3702
4610 4 2 10 2 2218 2391 2328 3117
4611 4 2 10 2 2266 2868 2495 3539
4612 4 2 10 2 981 983 982 2968
4613 4 2 10 2 2462 2829 2757 3272
4614 4 2 10 2 2094 2952 2698 3584
4615 4 2 10 2 644 645 2370 3217
4616 4 2 10 2 2091 2450 2396 3510
4617 4 2 10 2 2217 2406 2702 3104
4618 4 2 10 2 1065 2543 2375 3566
4619 4 2 10 2 1606 2957 2402 3029
4620 4 2 10 2 2328 3117 2391 3187
4621 4 2 10 2 2330 2679 1156 3155
4622 4 2 10 2 2148 3117 2972 3187
4623 4 2 10 2 2275 2616 1287 3633
4624 4 2 10 2 1491 2284 1646 2664
4625 4 2 10 2 2115 2926 2473 3175
4626 4 2 10 2 2007 2309 1783 2899
4627 4 2 10 2 2208 2331 2849 3126
4628 4 2 10 2 2545 2625 2200 3468
4629 4 2 10 2 1237 2689 3308 3513
4630 4 2 10 2 2621 2921 2213 3333
4631 4 2 10 2 2719 2874 2321 3514
4632 4 2 10 2 2091 3494 2356 3650
4633 4 2 10 2 2074 2588 2981 3093
4634 4 2 10 2 2321 2623 1560 2697
4635 4 2 10 2 2275 2558 707 3336
4636 4 2 10 2 2325 2366 2361 3482
4637 4 2 10 2 1707 2649 2435 3465
4638 4 2 10 2 2353 3531 2400 3578
4639 4 2 10 2 2117 2521 2719 3380
4640 4 2 10 2 2494 2528 2238 3011
4641 4 2 10 2 2101 2567 2342 2800
4642 4 2 10 2 733 3279 2643 3417
4643 4 2 10 2 468 2687 2943 3527
4644 4 2 10 2 2158 2321 2874 3138
4645 4 2 10 2 1398 1147 2659 3214
4646 4 2 10 2 2251 2403 2695 3433
4647 4 2 10 2 2091 2479 2450 3510
4648 4 2 10 2 2169 2234 2691 3209
4649 4 2 10 2 3004 3032 2450 3364
4650 4 2 10 2 1032 3220 2551 3365
4651 4 2 10 2 2455 2506 2256 2816
4652 4 2 10 2 2197 2506 2455 2816
4653 4 2 10 2 2142 2317 2594 3250
4654 4 2 10 2 2267 2290 2743 3321
4655 4 2 10 2 2146 2456 2237 3379
4656 4 2 10 2 2156 2615 2545 2707
4657 4 2 10 2 2393 2579 2120 2945
4658 4 2 10 2 2197 2256 2506 2816
4659 4 2 10 2 935 1284 932 2366
4660 4 2 10 2 2171 2713 2709 3438
4661 4 2 10 2 972 2727 2809 2860
4662 4 2 10 2 2123 2686 2536 3078
4663 4 2 10 2 2346 2477 2135 3523
4664 4 2 10 2 2356 2416 2141 3431
4665 4 2 10 2 963 2334 974 2770
4666 4 2 10 2 2309 2098 2458 2969
4667 4 2 10 2 961 2701 960 2716
4668 4 2 10 2 2353 2862 2504 3029
4669 4 2 10 2 2477 2566 2135 3523
4670 4 2 10 2 2260 2568 2215 2618
4671 4 2 10 2 2417 2830 1263 3388
4672 4 2 10 2 2849 3021 2208 3107
4673 4 2 10 2 2643 3089 2034 3417
4674 4 2 10 2 2556 3005 1605 3141
4675 4 2 10 2 2487 2511 2240 3096
4676 4 2 10 2 2342 2567 3112 3232
4677 4 2 10 2 1697 2884 2414 3089
4678 4 2 10 2 2356 2853 2416 3431
4679 4 2 10 2 757 2572 2902 3289
4680 4 2 10 2 2453 2959 2850 3373
4681 4 2 10 2 2562 3308 1403 3548
4682 4 2 10 2 2493 1630 2982 3549
4683 4 2 10 2 1398 2614 1147 3398
4684 4 2 10 2 2827 2887 2420 3424
4685 4 2 10 2 2065 2542 2469 2744
4686 4 2 10 2 423 2484 2376 3625
4687 4 2 10 2 1203 2944 2760 3525
4688 4 2 10 2 732 2823 2507 3137
4689 4 2 10 2 2538 332 2943 3527
4690 4 2 10 2 1084 2855 2637 3751
4691 4 2 10 2 2720 2857 2462 3395
4692 4 2 10 2 2258 2826 2306 2919
4693 4 2 10 2 1749 2810 2638 2923
4694 4 2 10 2 2327 2161 2601 3275
4695 4 2 10 2 2481 2570 2134 3161
4696 4 2 10 2 2521 3380 2117 3574
4697 4 2 10 2 1890 2287 1568 2878
4698 4 2 10 2 791 2572 1529 2643
4699 4 2 10 2 1073 1125 1126 2299
4700 4 2 10 2 1874 2916 2734 3082
4701 4 2 10 2 1588 1912 1913 2298
4702 4 2 10 2 2249 2498 2165 2819
4703 4 2 10 2 1289 2312 1165 3297
4704 4 2 10 2 1084 2277 2855 3751
4705 4 2 10 2 1859 2881 2670 3549
4706 4 2 10 2 2360 2532 2214 2890
4707 4 2 10 2 1010 2262 1331 3040
4708 4 2 10 2 2182 2511 2487 3096
4709 4 2 10 2 2248 2887 2827 3424
4710 4 2 10 2 1236 594 1389 2357
4711 4 2 10 2 2637 2855 2277 3751
4712 4 2 10 2 2309 2652 2382 3184
4713 4 2 10 2 18 17 2917 3496
4714 4 2 10 2 2241 2981 2588 3093
4715 4 2 10 2 1055 2813 2799 2950
4716 4 2 10 2 2080 2987 2410 2999
4717 4 2 10 2 2346 2469 2135 2679
4718 4 2 10 2 139 2293 838 3680
4719 4 2 10 2 2237 2146 2567 2967
4720 4 2 10 2 865 707 2558 3336
4721 4 2 10 2 2081 2488 2302 2763
4722 4 2 10 2 1959 2620 2494 3244
4723 4 2 10 2 626 2842 2385 3050
4724 4 2 10 2 2450 2479 2091 3058
4725 4 2 10 2 974 2770 2334 2785
4726 4 2 10 2 1305 1313 2613 2624
4727 4 2 10 2 976 2473 3072 3536
4728 4 2 10 2 1289 1165 2312 3415
4729 4 2 10 2 314 315 313 2653
4730 4 2 10 2 2286 3055 2165 3420
4731 4 2 10 2 1010 2859 2262 3040
4732 4 2 10 2 2105 2370 2774 3114
4733 4 2 10 2 2165 3055 2498 3420
4734 4 2 10 2 2462 2285 3395 3682
4735 4 2 10 2 2183 2236 2564 2915
4736 4 2 10 2 2420 3424 2887 3612
4737 4 2 10 2 2171 2709 2713 3208
4738 4 2 10 2 842 805 604 2712
4739 4 2 10 2 1074 2551 1032 3220
4740 4 2 10 2 634 2902 2398 3289
4741 4 2 10 2 2469 2542 2175 2744
4742 4 2 10 2 842 805 2712 3405
4743 4 2 10 2 2248 2887 3424 3612
4744 4 2 10 2 2312 1165 3297 3415
4745 4 2 10 2 2133 2820 2272 3612
4746 4 2 10 2 2290 2743 2132 2806
4747 4 2 10 2 2215 2568 2260 2756
4748 4 2 10 2 2361 3065 2366 3350
4749 4 2 10 2 2236 3051 719 3534
4750 4 2 10 2 626 3050 2385 3279
4751 4 2 10 2 2754 3228 2297 3366
4752 4 2 10 2 2443 2476 2060 3006
4753 4 2 10 2 1507 2238 23 2801
4754 4 2 10 2 2097 2833 2230 3087
4755 4 2 10 2 1357 2663 3258 3338
4756 4 2 10 2 2440 2498 1740 3430
4757 4 2 10 2 1890 2777 2287 2878
4758 4 2 10 2 2126 2351 3011 3102
4759 4 2 10 2 1560 2623 1559 2697
4760 4 2 10 2 2304 2945 2082 3057
4761 4 2 10 2 1047 2407 3066 3109
4762 4 2 10 2 2257 3011 2528 3457
4763 4 2 10 2 2868 2995 2495 3539
4764 4 2 10 2 2377 2656 2201 2684
4765 4 2 10 2 1299 2770 974 2785
4766 4 2 10 2 2382 2969 2309 3184
4767 4 2 10 2 2535 2916 2734 3656
4768 4 2 10 2 1349 1079 3056 3293
4769 4 2 10 2 2160 2366 3065 3747
4770 4 2 10 2 2214 2796 2532 3163
4771 4 2 10 2 2708 3126 2976 3497
4772 4 2 10 2 2134 2570 2837 2844
4773 4 2 10 2 1323 3047 2762 3634
4774 4 2 10 2 2350 2908 2611 2925
4775 4 2 10 2 2484 2782 1776 2918
4776 4 2 10 2 2453 2850 2755 3373
4777 4 2 10 2 2206 2595 2821 2997
4778 4 2 10 2 918 920 2386 3713
4779 4 2 10 2 2381 2481 2110 2570
4780 4 2 10 2 2234 2691 3209 3674
4781 4 2 10 2 1431 1227 1229 2601
4782 4 2 10 2 770 840 2690 3061
4783 4 2 10 2 935 2366 3335 3347
4784 4 2 10 2 2405 3245 2439 3312
4785 4 2 10 2 963 1295 974 2334
4786 4 2 10 2 1213 2495 1105 2818
4787 4 2 10 2 2140 2319 3143 3573
4788 4 2 10 2 2109 2333 2537 2992
4789 4 2 10 2 139 838 2731 3680
4790 4 2 10 2 2435 2297 3228 3366
4791 4 2 10 2 2214 2532 2360 3163
4792 4 2 10 2 963 2716 2334 2770
4793 4 2 10 2 1358 2854 2259 3347
4794 4 2 10 2 440 560 271 2988
4795 4 2 10 2 1565 2537 2427 3409
4796 4 2 10 2 2914 3176 2777 3187
4797 4 2 10 2 2070 2472 2292 3626
4798 4 2 10 2 2351 2494 3011 3102
4799 4 2 10 2 2718 2861 2104 3212
4800 4 2 10 2 1000 1004 2574 2580
4801 4 2 10 2 2296 2495 1081 2860
4802 4 2 10 2 2325 2160 2366 3482
4803 4 2 10 2 2128 2588 2815 2875
4804 4 2 10 2 2605 2982 1630 3549
4805 4 2 10 2 2419 2238 2528 3011
4806 4 2 10 2 699 2530 2274 3396
4807 4 2 10 2 2431 2749 2174 3056
4808 4 2 10 2 2463 2471 2272 2956
4809 4 2 10 2 1890 1561 1568 2287
4810 4 2 10 2 2310 3046 2994 3201
4811 4 2 10 2 2149 2608 2538 3099
4812 4 2 10 2 2494 2620 1959 3015
4813 4 2 10 2 1197 2715 1117 2785
4814 4 2 10 2 2762 1323 3634 3742
4815 4 2 10 2 2757 2829 2462 3310
4816 4 2 10 2 2602 3104 2404 3161
4817 4 2 10 2 314 2355 315 2653
4818 4 2 10 2 2121 2518 2472 3487
4819 4 2 10 2 2484 2557 456 3439
4820 4 2 10 2 2267 2743 2544 3321
4821 4 2 10 2 904 1372 1452 2712
4822 4 2 10 2 1414 1213 2266 2868
4823 4 2 10 2 2410 3017 2999 3660
4824 4 2 10 2 2128 2815 2588 3213
4825 4 2 10 2 2097 3087 2230 3376
4826 4 2 10 2 2304 2482 2945 3057
4827 4 2 10 2 2575 2766 2176 2928
4828 4 2 10 2 2737 3119 2340 3462
4829 4 2 10 2 2255 2665 2103 2755
4830 4 2 10 2 2554 2327 2831 3036
4831 4 2 10 2 1874 2734 2916 3656
4832 4 2 10 2 2116 2574 2244 2728
4833 4 2 10 2 2097 2230 2833 3376
4834 4 2 10 2 2389 3136 2700 3543
4835 4 2 10 2 2386 2529 920 3742
4836 4 2 10 2 2251 2613 2403 3252
4837 4 2 10 2 2410 2987 2301 2999
4838 4 2 10 2 2849 3126 2331 3515
4839 4 2 10 2 2403 2613 2373 3252
4840 4 2 10 2 2712 3405 1452 3738
4841 4 2 10 2 2091 3181 3494 3650
4842 4 2 10 2 1000 1004 997 2574
4843 4 2 10 2 2114 2545 2361 2615
4844 4 2 10 2 2887 2545 3200 3482
4845 4 2 10 2 2237 2146 2546 2567
4846 4 2 10 2 2521 3574 2117 3710
4847 4 2 10 2 2086 3350 2240 3511
4848 4 2 10 2 2477 3523 2244 3630
4849 4 2 10 2 719 3151 2563 3534
4850 4 2 10 2 2548 2552 2112 3002
4851 4 2 10 2 2152 3031 2349 3416
4852 4 2 10 2 2240 2894 2086 3511
4853 4 2 10 2 2526 2736 1457 3345
4854 4 2 10 2 2519 2212 2774 3446
4855 4 2 10 2 1239 2539 2330 3155
4856 4 2 10 2 2128 2513 2815 3213
4857 4 2 10 2 2238 2494 3011 3366
4858 4 2 10 2 1073 2299 2675 2799
4859 4 2 10 2 2328 2391 2218 3516
4860 4 2 10 2 2790 3181 1818 3364
4861 4 2 10 2 2435 2606 1972 2904
4862 4 2 10 2 1595 2339 2810 2827
4863 4 2 10 2 2762 3047 2239 3634
4864 4 2 10 2 711 2993 3168 3301
4865 4 2 10 2 1193 2789 2558 2841
4866 4 2 10 2 23 2238 1507 3015
4867 4 2 10 2 950 2316 2922 3282
4868 4 2 10 2 2368 2616 2230 3087
4869 4 2 10 2 2158 2719 2463 2772
4870 4 2 10 2 2213 2614 2149 2659
4871 4 2 10 2 1140 1113 1302 2978
4872 4 2 10 2 1093 2368 2661 3635
4873 4 2 10 2 2109 2392 2843 3569
4874 4 2 10 2 368 365 2395 3210
4875 4 2 10 2 364 2685 362 3381
4876 4 2 10 2 2098 2458 2621 2921
4877 4 2 10 2 1171 1329 2736 3040
4878 4 2 10 2 2142 2594 2935 3037
4879 4 2 10 2 2082 3477 2522 3493
4880 4 2 10 2 1364 3041 922 3278
4881 4 2 10 2 2361 2366 2325 3350
4882 4 2 10 2 2284 2378 2112 2547
4883 4 2 10 2 2096 2528 3011 3457
4884 4 2 10 2 2755 3311 2180 3373
4885 4 2 10 2 2082 2304 3477 3493
4886 4 2 10 2 960 2758 2245 3044
4887 4 2 10 2 2463 2956 2272 3157
4888 4 2 10 2 41 3090 2331 3167
4889 4 2 10 2 2309 1782 2652 3184
4890 4 2 10 2 1289 2312 2995 3415
4891 4 2 10 2 2060 2279 2443 3253
4892 4 2 10 2 2156 2361 2545 2615
4893 4 2 10 2 1140 1302 2644 2978
4894 4 2 10 2 2261 2968 2839 3729
4895 4 2 10 2 2047 2823 2606 3303
4896 4 2 10 2 1120 3148 3121 3282
4897 4 2 10 2 2329 732 2823 3289
4898 4 2 10 2 372 2288 371 2805
4899 4 2 10 2 1242 2330 2468 2747
4900 4 2 10 2 1193 2558 1464 2841
4901 4 2 10 2 2231 2587 2345 2768
4902 4 2 10 2 1240 2330 1239 2539
4903 4 2 10 2 1225 2561 2761 3229
4904 4 2 10 2 935 2366 932 3335
4905 4 2 10 2 2251 2083 2695 3153
4906 4 2 10 2 2933 3233 682 3560
4907 4 2 10 2 1561 2623 2287 2704
4908 4 2 10 2 2130 2538 2943 3527
4909 4 2 10 2 2681 2356 3494 3650
4910 4 2 10 2 2101 2595 2342 3112
4911 4 2 10 2 1952 2998 2648 3198
4912 4 2 10 2 2463 2596 2272 2820
4913 4 2 10 2 1976 1520 2053 2484
4914 4 2 10 2 1188 2581 2683 3150
4915 4 2 10 2 2579 2718 2195 2903
4916 4 2 10 2 2104 2861 2718 3591
4917 4 2 10 2 1047 2828 2407 3109
4918 4 2 10 2 2142 2594 2374 3250
4919 4 2 10 2 2321 2719 2990 3157
4920 4 2 10 2 2361 3200 2545 3482
4921 4 2 10 2 2123 2752 2405 3162
4922 4 2 10 2 947 2682 2317 2854
4923 4 2 10 2 2067 2327 2554 3036
4924 4 2 10 2 2718 2903 2579 3212
4925 4 2 10 2 2323 2749 2431 3056
4926 4 2 10 2 2100 3194 2552 3631
4927 4 2 10 2 2100 2541 2271 3002
4928 4 2 10 2 2765 2826 949 3553
4929 4 2 10 2 2079 2569 2713 3208
4930 4 2 10 2 2111 2990 2719 3157
4931 4 2 10 2 1605 2556 1839 3005
4932 4 2 10 2 947 942 2317 2682
4933 4 2 10 2 2287 2777 3176 3187
4934 4 2 10 2 1436 2499 1222 3345
4935 4 2 10 2 2431 2174 2749 3341
4936 4 2 10 2 440 2399 2975 2988
4937 4 2 10 2 646 644 2370 2838
4938 4 2 10 2 2499 1457 2736 3345
4939 4 2 10 2 2627 2984 1164 3532
4940 4 2 10 2 2433 2285 2674 3403
4941 4 2 10 2 2420 3424 2272 3621
4942 4 2 10 2 2456 2967 2250 3076
4943 4 2 10 2 1683 1676 2270 2884
4944 4 2 10 2 1662 1665 2748 3567
4945 4 2 10 2 375 2928 2865 3305
4946 4 2 10 2 1559 1560 1561 2623
4947 4 2 10 2 1336 1164 2984 3532
4948 4 2 10 2 779 865 707 2558
4949 4 2 10 2 2138 2967 2456 3076
4950 4 2 10 2 2270 2514 2187 2628
4951 4 2 10 2 2301 2410 2999 3660
4952 4 2 10 2 399 2520 2397 3189
4953 4 2 10 2 2521 2579 2120 3323
4954 4 2 10 2 1326 1364 922 3278
4955 4 2 10 2 428 488 2439 3312
4956 4 2 10 2 2239 2762 3634 3742
4957 4 2 10 2 2201 2656 2377 3062
4958 4 2 10 2 953 2701 2751 3044
4959 4 2 10 2 955 2258 957 2826
4960 4 2 10 2 2169 2662 2234 3209
4961 4 2 10 2 399 2397 400 3189
4962 4 2 10 2 2345 2768 2587 3356
4963 4 2 10 2 2536 2686 2209 3078
4964 4 2 10 2 2482 2304 2945 3493
4965 4 2 10 2 2285 2720 2462 3395
4966 4 2 10 2 2312 3297 2627 3415
4967 4 2 10 2 2097 2385 2280 3268
4968 4 2 10 2 352 2408 2557 3319
4969 4 2 10 2 569 2293 138 2660
4970 4 2 10 2 468 2943 332 3527
4971 4 2 10 2 1240 2330 2539 3190
4972 4 2 10 2 1782 2309 2007 3184
4973 4 2 10 2 2483 3036 2327 3238
4974 4 2 10 2 1617 2773 2384 3216
4975 4 2 10 2 2156 2615 2707 3169
4976 4 2 10 2 2661 3018 1249 3480
4977 4 2 10 2 2327 2548 2118 2601
4978 4 2 10 2 772 3086 2645 3555
4979 4 2 10 2 2098 2921 2621 3333
4980 4 2 10 2 1150 2426 1151 2787
4981 4 2 10 2 2368 2332 2876 3412
4982 4 2 10 2 2709 2713 2246 3438
4983 4 2 10 2 2380 3311 2755 3373
4984 4 2 10 2 1061 2416 1077 2634
4985 4 2 10 2 2134 2650 2315 2844
4986 4 2 10 2 2082 2304 3057 3234
4987 4 2 10 2 2090 2780 2295 3643
4988 4 2 10 2 924 2762 3047 3072
4989 4 2 10 2 1148 3136 2389 3543
4990 4 2 10 2 2470 3325 2678 3441
4991 4 2 10 2 2493 2982 2605 3549
4992 4 2 10 2 371 2288 372 3305
4993 4 2 10 2 2305 3191 2137 3586
4994 4 2 10 2 2520 2775 2226 2946
4995 4 2 10 2 1171 2285 1328 3040
4996 4 2 10 2 1587 2504 1847 3029
4997 4 2 10 2 2287 2589 2111 2990
4998 4 2 10 2 2393 2120 2579 3323
4999 4 2 10 2 1028 2512 3000 3185
5000 4 2 10 2 906 2430 515 2517
5001 4 2 10 2 2521 3323 3574 3710
5002 4 2 10 2 1225 2831 2561 3229
5003 4 2 10 2 2100 2547 3002 3595
5004 4 2 10 2 2208 2955 2849 3515
5005 4 2 10 2 3001 3209 2691 3674
5006 4 2 10 2 2287 2111 2623 2990
5007 4 2 10 2 2497 2365 2857 3488
5008 4 2 10 2 2458 2608 2149 2921
5009 4 2 10 2 1263 1466 1186 2830
5010 4 2 10 2 2300 2931 2164 3152
5011 4 2 10 2 1281 1109 2500 2584
5012 4 2 10 2 2366 3350 3065 3747
5013 4 2 10 2 2887 3063 2545 3482
5014 4 2 10 2 2149 2538 2387 3099
5015 4 2 10 2 957 2258 955 3456
5016 4 2 10 2 1203 2760 2561 3525
5017 4 2 10 2 2259 2854 1358 2930
5018 4 2 10 2 1474 1212 2496 3361
5019 4 2 10 2 2116 2869 2438 3627
5020 4 2 10 2 2438 2869 2198 3627
5021 4 2 10 2 594 2357 1236 3229
5022 4 2 10 2 983 2839 2541 2968
5023 4 2 10 2 2455 2506 2197 2742
5024 4 2 10 2 2914 3009 2424 3509
5025 4 2 10 2 236 2806 2667 3385
5026 4 2 10 2 2486 2577 2244 3523
5027 4 2 10 2 1474 1479 1212 3361
5028 4 2 10 2 812 791 1529 2643
5029 4 2 10 2 561 2648 2998 3302
5030 4 2 10 2 2203 2391 3030 3699
5031 4 2 10 2 365 368 2395 3092
5032 4 2 10 2 485 2626 2505 3092
5033 4 2 10 2 1683 2270 1676 2873
5034 4 2 10 2 522 3070 2578 3305
5035 4 2 10 2 250 2667 236 2806
5036 4 2 10 2 2234 2662 2169 2691
5037 4 2 10 2 2469 2679 2147 2953
5038 4 2 10 2 484 2484 1520 2626
5039 4 2 10 2 1882 1565 2771 3419
5040 4 2 10 2 2205 2322 2597 2772
5041 4 2 10 2 2110 2602 2570 3161
5042 4 2 10 2 1871 2884 2572 3615
5043 4 2 10 2 2130 2943 2687 3527
5044 4 2 10 2 2183 2491 2454 3134
5045 4 2 10 2 1767 3296 2731 3678
5046 4 2 10 2 2134 2315 2650 3426
5047 4 2 10 2 2187 2514 2270 2781
5048 4 2 10 2 2173 2419 2257 3457
5049 4 2 10 2 2370 2177 2792 3739
5050 4 2 10 2 2599 2849 2228 3039
5051 4 2 10 2 757 2902 634 3289
5052 4 2 10 2 1337 2661 2368 3018
5053 4 2 10 2 2115 2743 2460 2931
5054 4 2 10 2 2165 2423 2413 3191
5055 4 2 10 2 1825 1708 1707 3375
5056 4 2 10 2 2122 2377 2656 3188
5057 4 2 10 2 1156 2330 1241 3298
5058 4 2 10 2 1891 2585 2546 3023
5059 4 2 10 2 2122 2656 2377 2684
5060 4 2 10 2 2585 2146 3023 3165
5061 4 2 10 2 1747 1746 2777 3580
5062 4 2 10 2 2128 2815 2618 2875
5063 4 2 10 2 2100 3002 2271 3595
5064 4 2 10 2 2256 2197 2506 3294
5065 4 2 10 2 2113 2829 2462 3272
5066 4 2 10 2 1466 2598 1186 2830
5067 4 2 10 2 2789 2841 1193 3190
5068 4 2 10 2 2123 3162 2405 3490
5069 4 2 10 2 2499 2736 2526 3345
5070 4 2 10 2 1331 2262 1028 3000
5071 4 2 10 2 2361 2545 2325 3482
5072 4 2 10 2 2079 2713 2569 2919
5073 4 2 10 2 2192 2247 2971 3307
5074 4 2 10 2 2132 2743 2290 2931
5075 4 2 10 2 2322 2772 2205 3088
5076 4 2 10 2 1882 2771 2292 3419
5077 4 2 10 2 2579 3026 2393 3710
5078 4 2 10 2 2530 2708 700 3097
5079 4 2 10 2 2357 594 2966 3229
5080 4 2 10 2 1471 2417 1445 3070
5081 4 2 10 2 2419 2483 2257 3238
5082 4 2 10 2 2377 2252 3124 3195
5083 4 2 10 2 2323 2431 2174 3056
5084 4 2 10 2 2511 2487 3411 3669
5085 4 2 10 2 1976 2484 1776 2918
5086 4 2 10 2 2146 2546 2378 2585
5087 4 2 10 2 2206 2997 2524 3685
5088 4 2 10 2 2109 2333 2392 2794
5089 4 2 10 2 1143 1475 1146 3147
5090 4 2 10 2 883 1394 2389 3543
5091 4 2 10 2 1123 2349 2671 3263
5092 4 2 10 2 2374 2594 2142 2602
5093 4 2 10 2 2395 3117 2243 3533
5094 4 2 10 2 332 2538 2943 3541
5095 4 2 10 2 2237 2456 2812 3379
5096 4 2 10 2 1171 2736 1234 3403
5097 4 2 10 2 2353 2176 2766 3578
5098 4 2 10 2 1646 2576 2284 3422
5099 4 2 10 2 2369 2780 659 2973
5100 4 2 10 2 2641 3144 2247 3242
5101 4 2 10 2 2282 2404 3104 3161
5102 4 2 10 2 1814 2563 2711 3051
5103 4 2 10 2 1824 2585 2297 2664
5104 4 2 10 2 2142 2317 2854 2935
5105 4 2 10 2 1081 2809 2296 2860
5106 4 2 10 2 2865 2928 2288 3305
5107 4 2 10 2 2300 2806 250 3756
5108 4 2 10 2 884 1151 1150 2426
5109 4 2 10 2 2289 2411 2072 3255
5110 4 2 10 2 1891 3023 2546 3379
5111 4 2 10 2 2063 2392 2267 3218
5112 4 2 10 2 2532 2796 2360 3163
5113 4 2 10 2 2238 3011 2419 3366
5114 4 2 10 2 2086 2769 2240 3350
5115 4 2 10 2 2116 2244 2580 2869
5116 4 2 10 2 2281 2785 1197 3348
5117 4 2 10 2 2305 2137 2646 3586
5118 4 2 10 2 2300 2655 2132 2931
5119 4 2 10 2 2132 2776 2333 2843
5120 4 2 10 2 1002 2679 2346 3377
5121 4 2 10 2 2169 2691 3001 3209
5122 4 2 10 2 2146 2237 2546 3379
5123 4 2 10 2 2183 2454 2491 3449
5124 4 2 10 2 981 2968 982 3729
5125 4 2 10 2 2082 2400 2522 3477
5126 4 2 10 2 1023 2307 2950 3644
5127 4 2 10 2 954 2765 949 3553
5128 4 2 10 2 250 2667 2300 3629
5129 4 2 10 2 2445 2792 2177 3739
5130 4 2 10 2 2342 2800 2567 2932
5131 4 2 10 2 297 2365 1945 2802
5132 4 2 10 2 2385 2842 2097 3050
5133 4 2 10 2 2174 2614 3056 3293
5134 4 2 10 2 1240 2539 1239 3190
5135 4 2 10 2 1840 1652 2812 3215
5136 4 2 10 2 2186 2307 2813 3284
5137 4 2 10 2 2244 2869 2486 3523
5138 4 2 10 2 2135 2679 2469 2953
5139 4 2 10 2 2399 2265 3159 3276
5140 4 2 10 2 2732 2392 2917 3496
5141 4 2 10 2 1002 1020 2346 3298
5142 4 2 10 2 2091 2344 2293 3694
5143 4 2 10 2 2082 2945 2304 3493
5144 4 2 10 2 2086 2240 2769 2894
5145 4 2 10 2 1054 2950 1056 3270
5146 4 2 10 2 522 3069 2578 3070
5147 4 2 10 2 2247 3054 3591 3636
5148 4 2 10 2 2213 2149 2614 2921
5149 4 2 10 2 2249 2165 2498 3080
5150 4 2 10 2 2541 2565 2100 3059
5151 4 2 10 2 993 2595 992 2997
5152 4 2 10 2 1718 2672 2568 3346
5153 4 2 10 2 2721 3159 2265 3276
5154 4 2 10 2 2024 2643 2034 3417
5155 4 2 10 2 250 238 2667 3629
5156 4 2 10 2 646 644 645 2370
5157 4 2 10 2 2238 2910 2528 3267
5158 4 2 10 2 18 2794 2917 3385
5159 4 2 10 2 2293 2479 2091 3431
5160 4 2 10 2 2356 2416 2147 2634
5161 4 2 10 2 2119 2373 2403 2613
5162 4 2 10 2 2296 2996 2495 3008
5163 4 2 10 2 362 2395 2685 3092
5164 4 2 10 2 2062 2849 2599 3039
5165 4 2 10 2 2362 3284 2307 3584
5166 4 2 10 2 2068 2547 2378 3334
5167 4 2 10 2 2178 2903 2465 3624
5168 4 2 10 2 1714 2263 1712 2796
5169 4 2 10 2 2524 2997 2224 3685
5170 4 2 10 2 2256 2733 3280 3294
5171 4 2 10 2 2585 3023 2781 3165
5172 4 2 10 2 2142 2317 2374 2682
5173 4 2 10 2 2649 3375 2297 3465
5174 4 2 10 2 3121 3148 2200 3282
5175 4 2 10 2 2125 3122 2252 3265
5176 4 2 10 2 1171 2674 2285 3403
5177 4 2 10 2 2321 2990 2111 3157
5178 4 2 10 2 962 961 960 2716
5179 4 2 10 2 2114 2325 2545 2625
5180 4 2 10 2 1534 2427 2600 3409
5181 4 2 10 2 1156 2679 2330 3298
5182 4 2 10 2 2067 3228 2754 3366
5183 4 2 10 2 1825 1708 3375 3465
5184 4 2 10 2 1123 2349 3263 3575
5185 4 2 10 2 2252 2403 2632 2647
5186 4 2 10 2 2275 2558 1371 2789
5187 4 2 10 2 1148 2700 3136 3543
5188 4 2 10 2 2098 2608 2458 2921
5189 4 2 10 2 1561 2287 2623 3174
5190 4 2 10 2 2112 2378 2284 2664
5191 4 2 10 2 2309 2458 3322 3664
5192 4 2 10 2 2180 2755 2665 3311
5193 4 2 10 2 2286 2453 2165 3055
5194 4 2 10 2 1635 2283 2723 2771
5195 4 2 10 2 2571 3112 2237 3334
5196 4 2 10 2 2538 3322 2458 3664
5197 4 2 10 2 2727 2809 2167 3252
5198 4 2 10 2 407 2526 2433 2674
5199 4 2 10 2 2128 2759 2591 3606
5200 4 2 10 2 2433 2720 2285 3403
5201 4 2 10 2 1451 906 1463 2430
5202 4 2 10 2 1731 2610 2446 3225
5203 4 2 10 2 2255 2755 2380 3311
5204 4 2 10 2 2071 2602 2404 3161
5205 4 2 10 2 2308 2172 2633 3451
5206 4 2 10 2 2580 3288 2244 3492
5207 4 2 10 2 2325 2366 2160 3335
5208 4 2 10 2 2119 2624 2269 2959
5209 4 2 10 2 1560 2321 1866 3231
5210 4 2 10 2 1810 2339 1604 3141
5211 4 2 10 2 2465 2903 2617 3624
5212 4 2 10 2 1976 2626 2484 2918
5213 4 2 10 2 2473 3072 2432 3175
5214 4 2 10 2 1197 2281 2836 2879
5215 4 2 10 2 1240 2468 2330 3190
5216 4 2 10 2 1840 2812 2250 3215
5217 4 2 10 2 1215 1414 2266 3581
5218 4 2 10 2 2070 2472 2593 2746
5219 4 2 10 2 1560 2623 2321 3231
5220 4 2 10 2 2557 3439 2303 3504
5221 4 2 10 2 2378 2547 2284 3334
5222 4 2 10 2 2187 2270 2628 2781
5223 4 2 10 2 2157 2275 3087 3592
5224 4 2 10 2 2166 2700 2389 3136
5225 4 2 10 2 2060 2642 2279 2926
5226 4 2 10 2 2178 2617 2465 2903
5227 4 2 10 2 772 1390 830 3086
5228 4 2 10 2 1081 1113 2296 2809
5229 4 2 10 2 2289 2411 2184 2757
5230 4 2 10 2 2381 2898 2570 3721
5231 4 2 10 2 2606 2823 751 3137
5232 4 2 10 2 2472 2168 2739 3714
5233 4 2 10 2 2082 2304 3234 3477
5234 4 2 10 2 2399 2721 2265 3276
5235 4 2 10 2 2587 2768 2129 3356
5236 4 2 10 2 772 1390 3086 3555
5237 4 2 10 2 1635 2723 1906 2771
5238 4 2 10 2 2406 2594 2217 3271
5239 4 2 10 2 2503 2844 2837 3695
5240 4 2 10 2 2453 2180 2959 3373
5241 4 2 10 2 1810 3003 2339 3141
5242 4 2 10 2 1114 2597 1166 3644
5243 4 2 10 2 1666 1662 1665 2748
5244 4 2 10 2 2333 2917 2794 3385
5245 4 2 10 2 2067 2327 3036 3238
5246 4 2 10 2 1132 2855 2511 3743
5247 4 2 10 2 2451 2837 2347 3025
5248 4 2 10 2 1192 2724 2448 3042
5249 4 2 10 2 2544 2743 2290 3321
5250 4 2 10 2 2380 2755 2255 3156
5251 4 2 10 2 1853 3016 2730 3075
5252 4 2 10 2 2386 3041 2642 3278
5253 4 2 10 2 2231 2681 3494 3650
5254 4 2 10 2 2185 2611 2461 2925
5255 4 2 10 2 2929 3030 2391 3187
5256 4 2 10 2 1780 2652 2382 3081
5257 4 2 10 2 2082 3234 2400 3477
5258 4 2 10 2 2391 2811 2328 3187
5259 4 2 10 2 2342 3112 2595 3232
5260 4 2 10 2 313 2653 436 2979
5261 4 2 10 2 2239 2762 2320 3047
5262 4 2 10 2 1718 1602 2672 3346
5263 4 2 10 2 971 2727 2373 3252
5264 4 2 10 2 1053 1023 2950 3644
5265 4 2 10 2 2398 2902 2572 3289
5266 4 2 10 2 2307 3026 2813 3284
5267 4 2 10 2 2568 2672 1718 3397
5268 4 2 10 2 2116 2749 2574 3378
5269 4 2 10 2 1037 2278 1036 2871
5270 4 2 10 2 2289 2411 3255 3628
5271 4 2 10 2 2062 2388 2599 2849
5272 4 2 10 2 1776 2918 2782 3120
5273 4 2 10 2 1123 2349 1121 2671
5274 4 2 10 2 2110 2594 2374 2602
5275 4 2 10 2 2422 3154 2428 3346
5276 4 2 10 2 2755 3156 2380 3373
5277 4 2 10 2 2151 2886 2302 3290
5278 4 2 10 2 1242 2330 1240 2468
5279 4 2 10 2 924 3047 926 3072
5280 4 2 10 2 2103 2755 2665 3537
5281 4 2 10 2 763 3106 3262 3749
5282 4 2 10 2 1289 2860 1075 2995
5283 4 2 10 2 2157 3087 2385 3592
5284 4 2 10 2 2324 2840 1800 3085
5285 4 2 10 2 972 2727 971 3252
5286 4 2 10 2 1307 2813 2393 3022
5287 4 2 10 2 2415 2442 2106 2933
5288 4 2 10 2 955 2765 2258 2826
5289 4 2 10 2 815 2780 2418 2973
5290 4 2 10 2 2531 3408 2519 3441
5291 4 2 10 2 2183 2491 3192 3449
5292 4 2 10 2 2397 3053 400 3189
5293 4 2 10 2 2818 2978 1272 2993
5294 4 2 10 2 1182 2357 1389 3635
5295 4 2 10 2 2625 3148 2200 3468
5296 4 2 10 2 2670 2881 2226 3549
5297 4 2 10 2 2701 3574 3323 3710
5298 4 2 10 2 2183 2804 2236 3134
5299 4 2 10 2 2150 2837 2451 3025
5300 4 2 10 2 2307 3284 2362 3710
5301 4 2 10 2 2403 3252 2373 3433
5302 4 2 10 2 1767 2731 2344 3678
5303 4 2 10 2 2400 3234 2124 3477
5304 4 2 10 2 2076 2328 2811 3187
5305 4 2 10 2 2419 3011 2257 3457
5306 4 2 10 2 1714 1712 2263 3162
5307 4 2 10 2 1153 2689 265 3038
5308 4 2 10 2 2110 2702 2481 2948
5309 4 2 10 2 1659 2583 3129 3619
5310 4 2 10 2 2175 2744 2542 3207
5311 4 2 10 2 2812 2237 3379 3689
5312 4 2 10 2 1890 2704 2287 2777
5313 4 2 10 2 2226 2670 2336 2881
5314 4 2 10 2 2142 2404 2602 3104
5315 4 2 10 2 1217 1403 3308 3548
5316 4 2 10 2 2183 3192 2422 3449
5317 4 2 10 2 1307 2393 1339 3022
5318 4 2 10 2 2483 2327 3036 3613
5319 4 2 10 2 2256 2604 2412 3280
5320 4 2 10 2 2412 2604 2199 3280
5321 4 2 10 2 1193 1464 1424 2841
5322 4 2 10 2 392 3144 2641 3242
5323 4 2 10 2 1676 2781 2514 3693
5324 4 2 10 2 2531 2787 1427 3667
5325 4 2 10 2 1657 3023 2456 3074
5326 4 2 10 2 751 2606 752 2823
5327 4 2 10 2 2176 3145 2766 3578
5328 4 2 10 2 2709 3146 2713 3208
5329 4 2 10 2 2678 3325 809 3441
5330 4 2 10 2 2606 2872 2191 3690
5331 4 2 10 2 2657 3308 2689 3513
5332 4 2 10 2 1125 2299 2799 2813
5333 4 2 10 2 2174 3056 2614 3398
5334 4 2 10 2 2532 2890 2360 3169
5335 4 2 10 2 2116 2574 2749 2963
5336 4 2 10 2 2100 2510 3595 3698
5337 4 2 10 2 2065 2908 2611 3094
5338 4 2 10 2 2137 3191 3016 3586
5339 4 2 10 2 2119 2613 2403 3153
5340 4 2 10 2 2186 2307 3284 3584
5341 4 2 10 2 2451 2837 2103 3374
5342 4 2 10 2 420 2253 2517 2685
5343 4 2 10 2 2295 2780 2090 2901
5344 4 2 10 2 1132 2511 2930 3743
5345 4 2 10 2 1957 284 455 2484
5346 4 2 10 2 2519 2895 2212 3446
5347 4 2 10 2 2088 2937 2288 3577
5348 4 2 10 2 2070 2593 2472 3626
5349 4 2 10 2 485 1968 2505 2626
5350 4 2 10 2 2500 2584 1109 3425
5351 4 2 10 2 2295 2780 2457 3643
5352 4 2 10 2 1302 2644 2251 3709
5353 4 2 10 2 1093 2958 2368 3635
5354 4 2 10 2 2206 2524 3264 3685
5355 4 2 10 2 2611 2908 2350 3094
5356 4 2 10 2 2293 2091 2479 3058
5357 4 2 10 2 2444 2191 2872 3690
5358 4 2 10 2 344 428 3245 3312
5359 4 2 10 2 2561 2831 2327 3036
5360 4 2 10 2 1561 1568 2287 3174
5361 4 2 10 2 2097 2842 2385 3087
5362 4 2 10 2 661 2369 659 2973
5363 4 2 10 2 1952 1733 2862 3198
5364 4 2 10 2 2432 3072 2473 3536
5365 4 2 10 2 1085 2855 1132 3743
5366 4 2 10 2 3124 3195 2252 3679
5367 4 2 10 2 2065 2469 2542 2953
5368 4 2 10 2 2317 2682 942 2867
5369 4 2 10 2 2247 2641 3054 3636
5370 4 2 10 2 699 2717 2530 3554
5371 4 2 10 2 2378 2585 2546 2664
5372 4 2 10 2 2398 3289 2572 3632
5373 4 2 10 2 1637 2283 1635 2771
5374 4 2 10 2 2642 3041 2584 3278
5375 4 2 10 2 838 738 2731 3058
5376 4 2 10 2 2285 2720 2225 3203
5377 4 2 10 2 2251 3252 2403 3433
5378 4 2 10 2 1957 1997 2484 3439
5379 4 2 10 2 2269 2119 2959 3153
5380 4 2 10 2 2068 3112 2571 3334
5381 4 2 10 2 602 2563 1999 3051
5382 4 2 10 2 2385 2179 2902 3279
5383 4 2 10 2 2689 2965 2141 3389
5384 4 2 10 2 2092 2303 2424 2556
5385 4 2 10 2 1075 2860 2495 2995
5386 4 2 10 2 1007 2821 2524 3173
5387 4 2 10 2 1231 2562 2389 3136
5388 4 2 10 2 1053 2950 2597 3644
5389 4 2 10 2 1688 1646 2546 2664
5390 4 2 10 2 2142 2602 2594 3104
5391 4 2 10 2 2665 2755 2255 3311
5392 4 2 10 2 2435 2904 1972 3015
5393 4 2 10 2 2078 3026 2579 3710
5394 4 2 10 2 2252 2122 3188 3313
5395 4 2 10 2 2212 2846 2534 2895
5396 4 2 10 2 2164 2290 2443 2931
5397 4 2 10 2 942 947 2317 2867
5398 4 2 10 2 953 2701 1311 2751
5399 4 2 10 2 1364 2584 3041 3278
5400 4 2 10 2 2532 2638 2242 3410
5401 4 2 10 2 1171 1328 1329 3040
5402 4 2 10 2 2060 2926 2279 3253
5403 4 2 10 2 2118 2800 2693 3019
5404 4 2 10 2 509 41 3105 3167
5405 4 2 10 2 2182 2487 2511 3669
5406 4 2 10 2 2097 2275 2842 3087
5407 4 2 10 2 2599 2849 2388 3655
5408 4 2 10 2 2283 2121 2472 2771
5409 4 2 10 2 2252 2403 2647 3188
5410 4 2 10 2 2567 2237 3112 3334
5411 4 2 10 2 2125 2632 2252 3122
5412 4 2 10 2 2068 2567 3112 3334
5413 4 2 10 2 1841 2619 3265 3640
5414 4 2 10 2 2641 3054 392 3242
5415 4 2 10 2 321 319 320 2310
5416 4 2 10 2 2108 2517 2253 2685
5417 4 2 10 2 2718 3307 2971 3591
5418 4 2 10 2 2201 2491 2454 3449
5419 4 2 10 2 2089 2397 2520 3164
5420 4 2 10 2 1074 1447 1032 2551
5421 4 2 10 2 2103 2255 2755 3123
5422 4 2 10 2 803 2944 2426 3355
5423 4 2 10 2 2385 2842 2275 3087
5424 4 2 10 2 1788 3005 2590 3141
5425 4 2 10 2 1046 1047 3066 3109
5426 4 2 10 2 2114 2361 2325 3350
5427 4 2 10 2 1882 1906 2292 2771
5428 4 2 10 2 2499 3214 1222 3345
5429 4 2 10 2 2472 2593 2746 2786
5430 4 2 10 2 2330 2747 1241 3298
5431 4 2 10 2 138 2293 870 2660
5432 4 2 10 2 947 940 2682 2854
5433 4 2 10 2 2345 3076 2250 3356
5434 4 2 10 2 1237 3308 1094 3513
5435 4 2 10 2 2163 2857 2492 3310
5436 4 2 10 2 1308 2449 1019 2549
5437 4 2 10 2 1215 2266 1213 2818
5438 4 2 10 2 2147 2416 2356 3404
5439 4 2 10 2 2088 2288 3533 3577
5440 4 2 10 2 2230 3155 2631 3172
5441 4 2 10 2 2145 2642 2409 3328
5442 4 2 10 2 41 499 42 3167
5443 4 2 10 2 2128 2513 2618 2815
5444 4 2 10 2 423 2484 484 2626
5445 4 2 10 2 920 2529 919 3742
5446 4 2 10 2 2244 2574 2116 2580
5447 4 2 10 2 2582 3020 2075 3593
5448 4 2 10 2 2183 2236 2915 3134
5449 4 2 10 2 2572 2902 2398 3632
5450 4 2 10 2 2203 3139 2391 3699
5451 4 2 10 2 1529 791 1967 2572
5452 4 2 10 2 1962 774 2324 2920
5453 4 2 10 2 975 1305 2613 2765
5454 4 2 10 2 2197 2305 2742 2970
5455 4 2 10 2 926 3047 2320 3072
5456 4 2 10 2 333 2943 2387 3541
5457 4 2 10 2 2161 2257 2483 3238
5458 4 2 10 2 1525 1999 2059 3051
5459 4 2 10 2 1666 2748 1665 2795
5460 4 2 10 2 2081 2996 2296 3008
5461 4 2 10 2 2024 2034 2643 3089
5462 4 2 10 2 2145 2409 2642 3316
5463 4 2 10 2 1534 2600 2427 3241
5464 4 2 10 2 2158 2362 2719 2772
5465 4 2 10 2 362 2395 365 3381
5466 4 2 10 2 2152 2703 2607 3031
5467 4 2 10 2 2183 2491 3154 3192
5468 4 2 10 2 2063 2267 3073 3218
5469 4 2 10 2 2086 3065 2367 3260
5470 4 2 10 2 1021 2679 1002 3377
5471 4 2 10 2 2453 2755 2180 3373
5472 4 2 10 2 2349 2220 2490 3273
5473 4 2 10 2 1530 2333 2537 3409
5474 4 2 10 2 2117 2719 2521 3710
5475 4 2 10 2 2304 2124 3234 3477
5476 4 2 10 2 2161 2552 2548 3002
5477 4 2 10 2 2627 3297 1165 3415
5478 4 2 10 2 774 2324 858 3034
5479 4 2 10 2 2165 3191 2343 3394
5480 4 2 10 2 883 1455 1394 3543
5481 4 2 10 2 420 2517 2253 3118
5482 4 2 10 2 2817 3255 2411 3628
5483 4 2 10 2 1166 2322 2597 3544
5484 4 2 10 2 2095 3599 2748 3662
5485 4 2 10 2 1841 3265 2619 3657
5486 4 2 10 2 1856 2915 2491 3154
5487 4 2 10 2 2447 3009 2092 3193
5488 4 2 10 2 2156 2242 2615 3169
5489 4 2 10 2 1874 1985 2916 3082
5490 4 2 10 2 2718 2971 2617 3591
5491 4 2 10 2 2292 2771 2472 3487
5492 4 2 10 2 2134 2844 2315 3161
5493 4 2 10 2 2724 2893 2448 3142
5494 4 2 10 2 2213 2448 2893 3142
5495 4 2 10 2 1081 2296 1113 2978
5496 4 2 10 2 2283 2472 2292 2771
5497 4 2 10 2 2184 2411 2289 3628
5498 4 2 10 2 1677 2585 1826 2781
5499 4 2 10 2 2372 2104 2861 3212
5500 4 2 10 2 354 3319 2557 3715
5501 4 2 10 2 2086 2367 3065 3344
5502 4 2 10 2 2207 2310 3201 3314
5503 4 2 10 2 1545 1551 1877 2315
5504 4 2 10 2 2151 2302 2711 3290
5505 4 2 10 2 321 2621 2310 2994
5506 4 2 10 2 2075 2628 2332 3512
5507 4 2 10 2 1197 2715 2281 2879
5508 4 2 10 2 1171 1234 2674 3403
5509 4 2 10 2 2597 2950 2307 3644
5510 4 2 10 2 321 2310 2621 3142
5511 4 2 10 2 1341 3056 1079 3293
5512 4 2 10 2 2230 2833 2332 3087
5513 4 2 10 2 1659 3129 2583 3215
5514 4 2 10 2 1337 1249 2661 3018
5515 4 2 10 2 2242 2156 2615 2810
5516 4 2 10 2 2165 2819 2498 3055
5517 4 2 10 2 2183 3154 2422 3192
5518 4 2 10 2 1349 1079 1341 3056
5519 4 2 10 2 2165 2453 2819 3055
5520 4 2 10 2 2267 2392 2132 2917
5521 4 2 10 2 2544 2743 2267 3073
5522 4 2 10 2 2103 3039 2255 3123
5523 4 2 10 2 651 3325 2470 3441
5524 4 2 10 2 2063 2267 2743 3073
5525 4 2 10 2 1871 2643 2572 3089
5526 4 2 10 2 2228 2849 2599 3655
5527 4 2 10 2 2253 2685 420 3381
5528 4 2 10 2 1874 2734 1729 3082
5529 4 2 10 2 954 2765 3553 3645
5530 4 2 10 2 1281 1160 1109 2584
5531 4 2 10 2 2520 2946 2226 3140
5532 4 2 10 2 2212 2774 2534 2846
5533 4 2 10 2 1856 3154 2491 3192
5534 4 2 10 2 2122 2252 2639 3313
5535 4 2 10 2 2397 2946 2520 3140
5536 4 2 10 2 2454 2491 2201 2763
5537 4 2 10 2 2229 3009 2914 3509
5538 4 2 10 2 139 838 140 2731
5539 4 2 10 2 2117 2719 2596 3380
5540 4 2 10 2 2079 2347 2837 3583
5541 4 2 10 2 2252 2632 2403 2905
5542 4 2 10 2 2657 2689 2141 3513
5543 4 2 10 2 976 2473 973 3072
5544 4 2 10 2 1821 2898 2498 2924
5545 4 2 10 2 2208 2331 2955 3515
5546 4 2 10 2 2218 2328 2972 3117
5547 4 2 10 2 2070 3052 2593 3626
5548 4 2 10 2 1726 3294 2970 3640
5549 4 2 10 2 2285 2080 3203 3274
5550 4 2 10 2 2607 3121 2200 3282
5551 4 2 10 2 2155 3072 2473 3175
5552 4 2 10 2 953 2751 951 3044
5553 4 2 10 2 2063 2769 2487 3218
5554 4 2 10 2 2205 2952 2650 3584
5555 4 2 10 2 1125 2299 1073 2799
5556 4 2 10 2 2122 2695 2905 3433
5557 4 2 10 2 2484 2782 2557 3439
5558 4 2 10 2 2310 2724 2448 3142
5559 4 2 10 2 2411 2072 3255 3752
5560 4 2 10 2 1814 2711 2915 3051
5561 4 2 10 2 2229 2914 2424 3509
5562 4 2 10 2 2441 2171 2713 2919
5563 4 2 10 2 2292 2472 2283 2723
5564 4 2 10 2 2660 2852 869 3405
5565 4 2 10 2 1557 1866 2321 3138
5566 4 2 10 2 138 569 139 2293
5567 4 2 10 2 2449 2855 1084 3220
5568 4 2 10 2 786 618 768 2925
5569 4 2 10 2 999 1037 1036 2871
5570 4 2 10 2 2450 3032 1803 3364
5571 4 2 10 2 1144 1403 2562 3308
5572 4 2 10 2 2121 2472 2739 3714
5573 4 2 10 2 828 2645 2415 3555
5574 4 2 10 2 2106 2442 2415 3459
5575 4 2 10 2 803 2426 2787 3217
5576 4 2 10 2 583 2426 1150 2787
5577 4 2 10 2 1125 1126 2299 3251
5578 4 2 10 2 1333 2644 2612 3674
5579 4 2 10 2 2076 2811 2328 2914
5580 4 2 10 2 2116 2438 2466 3627
5581 4 2 10 2 2320 3047 2762 3072
5582 4 2 10 2 2136 2525 2360 2788
5583 4 2 10 2 1605 3005 1973 3141
5584 4 2 10 2 2472 2771 2121 3487
5585 4 2 10 2 1120 2671 3121 3148
5586 4 2 10 2 2408 2490 2220 3273
5587 4 2 10 2 2496 1212 3149 3361
5588 4 2 10 2 2244 3257 2580 3523
5589 4 2 10 2 2385 2902 2179 3320
5590 4 2 10 2 1603 2957 2353 3198
5591 4 2 10 2 2359 2976 2708 3126
5592 4 2 10 2 419 2517 2430 3204
5593 4 2 10 2 2285 3203 2500 3274
5594 4 2 10 2 2110 2481 2381 2948
5595 4 2 10 2 2079 2900 2347 3583
5596 4 2 10 2 955 949 2765 2826
5597 4 2 10 2 2089 2388 2337 3227
5598 4 2 10 2 2310 3142 2448 3333
5599 4 2 10 2 2123 2688 2686 3078
5600 4 2 10 2 1726 2673 3294 3640
5601 4 2 10 2 2372 2861 2104 3722
5602 4 2 10 2 1353 1051 1358 2912
5603 4 2 10 2 2636 2753 1804 3727
5604 4 2 10 2 2156 2810 2242 3169
5605 4 2 10 2 2369 2090 2780 2901
5606 4 2 10 2 2100 3059 2565 3698
5607 4 2 10 2 1084 1033 2449 3220
5608 4 2 10 2 2065 2542 2744 3207
5609 4 2 10 2 966 2373 971 2727
5610 4 2 10 2 1656 1657 2456 3074
5611 4 2 10 2 2290 2115 2926 2931
5612 4 2 10 2 2468 3262 3106 3749
5613 4 2 10 2 2500 2584 2145 3041
5614 4 2 10 2 2102 2492 2857 3310
5615 4 2 10 2 699 2274 836 3396
5616 4 2 10 2 889 772 2415 3555
5617 4 2 10 2 1303 2375 1065 3113
5618 4 2 10 2 1877 1545 2315 2983
5619 4 2 10 2 2380 2180 3311 3373
5620 4 2 10 2 612 3178 3032 3291
5621 4 2 10 2 999 2693 2871 3019
5622 4 2 10 2 2159 2480 2340 2513
5623 4 2 10 2 2246 2713 2709 3146
5624 4 2 10 2 2118 2342 2800 3019
5625 4 2 10 2 1877 2315 1551 3602
5626 4 2 10 2 2411 3255 2817 3752
5627 4 2 10 2 2204 2734 2535 2916
5628 4 2 10 2 975 1305 1313 2613
5629 4 2 10 2 2448 3142 2213 3333
5630 4 2 10 2 2161 2483 2257 3248
5631 4 2 10 2 1902 1582 1907 2328
5632 4 2 10 2 2431 2749 2323 3318
5633 4 2 10 2 2327 2601 2118 2693
5634 4 2 10 2 2067 2548 2327 3238
5635 4 2 10 2 1081 1026 2809 2860
5636 4 2 10 2 2460 2655 2189 2725
5637 4 2 10 2 2559 2141 2965 3389
5638 4 2 10 2 1853 2027 2730 3016
5639 4 2 10 2 2352 2288 2937 3577
5640 4 2 10 2 2616 3087 3091 3376
5641 4 2 10 2 659 2780 815 2973
5642 4 2 10 2 2134 2570 2898 3721
5643 4 2 10 2 1891 2546 2585 2664
5644 4 2 10 2 610 2450 611 3032
5645 4 2 10 2 1652 3379 1651 3689
5646 4 2 10 2 313 317 436 2653
5647 4 2 10 2 2225 2686 2688 3078
5648 4 2 10 2 2990 3212 2579 3514
5649 4 2 10 2 1973 1605 1839 3005
5650 4 2 10 2 1726 2673 1727 3294
5651 4 2 10 2 2356 2091 3404 3431
5652 4 2 10 2 2526 2674 1234 3403
5653 4 2 10 2 2288 2805 372 2928
5654 4 2 10 2 321 2310 320 2994
5655 4 2 10 2 1302 2251 2809 3709
5656 4 2 10 2 2074 3093 2981 3470
5657 4 2 10 2 1276 2826 2407 3048
5658 4 2 10 2 1251 2595 2477 3288
5659 4 2 10 2 2611 2908 2204 2925
5660 4 2 10 2 2118 2934 2693 3593
5661 4 2 10 2 2191 2507 2329 2823
5662 4 2 10 2 2071 2404 3160 3161
5663 4 2 10 2 1584 3424 2248 3484
5664 4 2 10 2 1084 1033 1052 2449
5665 4 2 10 2 2356 2714 2091 3431
5666 4 2 10 2 2228 3103 2543 3113
5667 4 2 10 2 2359 3090 42 3167
5668 4 2 10 2 1727 2673 1726 3640
5669 4 2 10 2 1770 1642 1859 2670
5670 4 2 10 2 2478 2632 2269 2959
5671 4 2 10 2 1092 2616 2368 2958
5672 4 2 10 2 2439 2752 1775 3162
5673 4 2 10 2 1815 3085 2563 3576
5674 4 2 10 2 1287 1371 2275 3336
5675 4 2 10 2 1858 2684 3084 3313
5676 4 2 10 2 2618 3306 2941 3325
5677 4 2 10 2 2158 2471 2463 2956
5678 4 2 10 2 1256 988 2821 3059
5679 4 2 10 2 236 2917 2806 3385
5680 4 2 10 2 2257 2483 2173 2807
5681 4 2 10 2 2428 3154 1944 3346
5682 4 2 10 2 2492 2857 2497 3362
5683 4 2 10 2 1093 1092 2368 2958
5684 4 2 10 2 2572 2179 2884 3089
5685 4 2 10 2 2317 2935 2594 3250
5686 4 2 10 2 1584 2883 2248 3424
5687 4 2 10 2 2613 2624 1313 3676
5688 4 2 10 2 2390 3245 346 3464
5689 4 2 10 2 2097 2842 2275 3091
5690 4 2 10 2 2282 3160 2404 3161
5691 4 2 10 2 569 3058 2293 3132
5692 4 2 10 2 2456 3076 2250 3215
5693 4 2 10 2 2191 2444 3137 3690
5694 4 2 10 2 1717 3154 2422 3346
5695 4 2 10 2 2274 3098 836 3396
5696 4 2 10 2 2247 3591 2298 3636
5697 4 2 10 2 332 2943 333 3541
5698 4 2 10 2 2269 2632 2478 3153
5699 4 2 10 2 2343 3191 3016 3394
5700 4 2 10 2 2244 2346 3257 3523
5701 4 2 10 2 2255 2543 2103 2665
5702 4 2 10 2 2087 3156 2755 3373
5703 4 2 10 2 1582 2328 1902 2777
5704 4 2 10 2 2646 2730 2027 3016
5705 4 2 10 2 2081 2302 2886 3290
5706 4 2 10 2 2039 2382 1780 3184
5707 4 2 10 2 2402 2957 2353 3029
5708 4 2 10 2 2089 2337 2388 3021
5709 4 2 10 2 2140 3107 3021 3143
5710 4 2 10 2 2158 2956 2463 3157
5711 4 2 10 2 873 1766 872 2731
5712 4 2 10 2 2701 2117 3574 3710
5713 4 2 10 2 2405 2752 2439 3162
5714 4 2 10 2 2491 2763 2454 3134
5715 4 2 10 2 2335 2188 2565 3698
5716 4 2 10 2 2290 2060 2926 3321
5717 4 2 10 2 2356 2634 2147 2897
5718 4 2 10 2 2490 3263 508 3443
5719 4 2 10 2 2328 2811 2391 3516
5720 4 2 10 2 2142 2935 2854 3037
5721 4 2 10 2 1945 2365 297 3564
5722 4 2 10 2 383 2856 2354 3144
5723 4 2 10 2 238 2667 2620 3700
5724 4 2 10 2 851 2708 701 3396
5725 4 2 10 2 1455 2389 1394 3543
5726 4 2 10 2 2511 2487 2894 3411
5727 4 2 10 2 2585 2664 2378 3658
5728 4 2 10 2 2548 3002 2112 3444
5729 4 2 10 2 2378 2146 2585 3500
5730 4 2 10 2 2578 3533 2288 3577
5731 4 2 10 2 1059 3113 3103 3270
5732 4 2 10 2 2429 2285 3274 3682
5733 4 2 10 2 879 1234 2526 2674
5734 4 2 10 2 2321 2697 1557 3138
5735 4 2 10 2 2487 3218 2769 3569
5736 4 2 10 2 2231 3494 3181 3650
5737 4 2 10 2 1289 2312 2860 2995
5738 4 2 10 2 1908 1704 1682 2308
5739 4 2 10 2 2069 2577 2486 3523
5740 4 2 10 2 1291 2854 1358 3347
5741 4 2 10 2 2364 2456 2146 3023
5742 4 2 10 2 2435 2649 2297 3465
5743 4 2 10 2 2272 2820 2596 3612
5744 4 2 10 2 1084 2449 1052 2855
5745 4 2 10 2 2726 3214 2499 3345
5746 4 2 10 2 2570 2844 2134 3161
5747 4 2 10 2 1339 3022 2393 3461
5748 4 2 10 2 2340 2513 2480 2964
5749 4 2 10 2 1398 2659 1216 3214
5750 4 2 10 2 1743 1882 1906 2292
5751 4 2 10 2 1547 2709 2948 3748
5752 4 2 10 2 2216 2617 2856 3475
5753 4 2 10 2 23 1959 2620 3015
5754 4 2 10 2 2231 3587 2345 3619
5755 4 2 10 2 1275 3103 2451 3471
5756 4 2 10 2 24 23 2437 2801
5757 4 2 10 2 3031 3273 2349 3416
5758 4 2 10 2 1888 2481 2381 2898
5759 4 2 10 2 2332 2628 2270 3512
5760 4 2 10 2 2240 2511 2487 2894
5761 4 2 10 2 375 374 2928 3305
5762 4 2 10 2 1908 2308 1682 3127
5763 4 2 10 2 2897 3257 2346 3523
5764 4 2 10 2 1899 2345 1668 3129
5765 4 2 10 2 1652 1650 2812 3689
5766 4 2 10 2 2085 2360 2890 3169
5767 4 2 10 2 2129 2768 2587 3309
5768 4 2 10 2 1962 591 1499 3034
5769 4 2 10 2 440 2399 271 3223
5770 4 2 10 2 2385 3087 2275 3592
5771 4 2 10 2 2087 2380 3156 3373
5772 4 2 10 2 2163 2462 2720 2857
5773 4 2 10 2 2368 2616 1092 3219
5774 4 2 10 2 2069 2577 2566 3076
5775 4 2 10 2 1251 995 2595 3288
5776 4 2 10 2 947 2854 2317 3607
5777 4 2 10 2 1023 2307 1024 2950
5778 4 2 10 2 2244 2577 2486 2728
5779 4 2 10 2 1474 2496 1186 2598
5780 4 2 10 2 2311 3502 2832 3757
5781 4 2 10 2 914 2417 1471 3673
5782 4 2 10 2 2289 2184 2560 2757
5783 4 2 10 2 561 475 2648 3302
5784 4 2 10 2 930 2696 2366 2912
5785 4 2 10 2 2561 3036 2327 3613
5786 4 2 10 2 1533 2427 1565 3419
5787 4 2 10 2 2534 2739 2168 3714
5788 4 2 10 2 2189 2725 2655 3247
5789 4 2 10 2 1364 2584 1281 3041
5790 4 2 10 2 2761 2966 594 3229
5791 4 2 10 2 1121 2671 2349 3121
5792 4 2 10 2 1824 2297 2585 3375
5793 4 2 10 2 2602 2844 2570 3161
5794 4 2 10 2 569 2293 2660 3132
5795 4 2 10 2 2367 3260 3065 3344
5796 4 2 10 2 2335 2565 2188 3067
5797 4 2 10 2 2138 3076 2456 3215
5798 4 2 10 2 2078 2321 2719 2990
5799 4 2 10 2 2294 3237 2537 3256
5800 4 2 10 2 1247 3186 2580 3257
5801 4 2 10 2 2779 3006 2394 3529
5802 4 2 10 2 2250 2812 1840 3129
5803 4 2 10 2 1454 2418 2995 3370
5804 4 2 10 2 1256 2821 2335 3059
5805 4 2 10 2 2173 2483 2419 3238
5806 4 2 10 2 770 3061 2767 3171
5807 4 2 10 2 2800 3020 2582 3593
5808 4 2 10 2 1630 2493 1895 3549
5809 4 2 10 2 2618 2143 3306 3325
5810 4 2 10 2 2247 2856 2617 3475
5811 4 2 10 2 522 2578 371 3305
5812 4 2 10 2 2382 3081 2652 3692
5813 4 2 10 2 2304 2683 2482 3057
5814 4 2 10 2 2247 2641 2192 3144
5815 4 2 10 2 2290 2926 2443 2931
5816 4 2 10 2 2607 2703 2200 3031
5817 4 2 10 2 1272 2978 1139 2993
5818 4 2 10 2 1623 2670 2605 3549
5819 4 2 10 2 1718 2672 1602 3397
5820 4 2 10 2 1105 2495 1081 2818
5821 4 2 10 2 2722 2861 2104 3591
5822 4 2 10 2 1520 2484 1976 2626
5823 4 2 10 2 2092 2424 2303 3193
5824 4 2 10 2 2850 2959 2453 3568
5825 4 2 10 2 2639 2684 2122 3313
5826 4 2 10 2 2988 3038 33 3389
5827 4 2 10 2 2424 2777 2229 3580
5828 4 2 10 2 2273 2338 2795 3255
5829 4 2 10 2 2143 2480 2513 2964
5830 4 2 10 2 2419 2528 2238 2910
5831 4 2 10 2 1160 1109 2584 3425
5832 4 2 10 2 2163 2497 2857 3488
5833 4 2 10 2 2103 3374 2837 3537
5834 4 2 10 2 1074 1447 2551 3551
5835 4 2 10 2 2472 2786 2746 3462
5836 4 2 10 2 2067 2872 3228 3366
5837 4 2 10 2 2076 2391 3030 3187
5838 4 2 10 2 2075 2876 2332 3412
5839 4 2 10 2 2126 2606 2435 2904
5840 4 2 10 2 2206 2595 3112 3232
5841 4 2 10 2 2519 3114 647 3408
5842 4 2 10 2 1486 2450 610 3032
5843 4 2 10 2 1317 1322 3282 3472
5844 4 2 10 2 2563 3151 2236 3534
5845 4 2 10 2 1380 2835 2678 2927
5846 4 2 10 2 2589 2287 2888 2990
5847 4 2 10 2 1793 3296 1767 3678
5848 4 2 10 2 2387 2499 2102 3304
5849 4 2 10 2 2377 3124 2832 3195
5850 4 2 10 2 383 3144 2354 3302
5851 4 2 10 2 2067 2327 2548 2934
5852 4 2 10 2 2108 2253 2517 3460
5853 4 2 10 2 344 3245 2405 3312
5854 4 2 10 2 1133 1084 2637 3751
5855 4 2 10 2 2122 2639 2252 2905
5856 4 2 10 2 2970 3294 2673 3640
5857 4 2 10 2 1890 1582 2777 2878
5858 4 2 10 2 2588 3449 2454 3755
5859 4 2 10 2 1093 2661 1181 3635
5860 4 2 10 2 2083 2251 2695 3491
5861 4 2 10 2 984 2565 2541 3059
5862 4 2 10 2 2346 1020 3257 3298
5863 4 2 10 2 2352 2578 2288 3577
5864 4 2 10 2 2438 2198 2825 3627
5865 4 2 10 2 2635 2774 2212 3225
5866 4 2 10 2 1822 2532 2339 3003
5867 4 2 10 2 2167 2809 2727 2860
5868 4 2 10 2 1877 2983 2315 3602
5869 4 2 10 2 1530 2537 2333 3237
5870 4 2 10 2 884 1150 583 2426
5871 4 2 10 2 1682 2308 1704 2939
5872 4 2 10 2 683 2933 2645 3226
5873 4 2 10 2 851 3090 2708 3396
5874 4 2 10 2 2129 2680 2308 2848
5875 4 2 10 2 2499 2526 2102 3304
5876 4 2 10 2 1002 1021 1020 3298
5877 4 2 10 2 2244 3257 2346 3288
5878 4 2 10 2 2252 2905 2403 3188
5879 4 2 10 2 2151 2676 2324 3085
5880 4 2 10 2 2231 2790 3587 3619
5881 4 2 10 2 879 1412 1234 2674
5882 4 2 10 2 2231 2587 2768 3309
5883 4 2 10 2 2097 2275 3087 3091
5884 4 2 10 2 2840 3085 2302 3734
5885 4 2 10 2 2189 2655 2460 2798
5886 4 2 10 2 2373 2727 2167 3252
5887 4 2 10 2 2076 2811 2391 3187
5888 4 2 10 2 2331 3105 41 3167
5889 4 2 10 2 1105 1215 1213 2818
5890 4 2 10 2 1042 1093 1092 2368
5891 4 2 10 2 2443 2926 2115 2931
5892 4 2 10 2 443 446 2489 3594
5893 4 2 10 2 365 2395 362 3092
5894 4 2 10 2 2701 3323 2716 3736
5895 4 2 10 2 2078 2990 2579 3514
5896 4 2 10 2 2288 2865 2417 2937
5897 4 2 10 2 1815 1927 3085 3576
5898 4 2 10 2 2417 2865 2124 2937
5899 4 2 10 2 2447 3273 3009 3416
5900 4 2 10 2 810 700 2708 3097
5901 4 2 10 2 711 795 2993 3301
5902 4 2 10 2 1042 2368 1092 3219
5903 4 2 10 2 2476 3006 2779 3529
5904 4 2 10 2 2193 2712 2468 2747
5905 4 2 10 2 2167 2312 2860 3297
5906 4 2 10 2 2469 2897 2346 3523
5907 4 2 10 2 1242 2468 2712 2747
5908 4 2 10 2 2118 2548 2327 2934
5909 4 2 10 2 2585 2781 1677 3375
5910 4 2 10 2 2100 2510 2547 3595
5911 4 2 10 2 842 3132 2276 3300
5912 4 2 10 2 2863 3696 2264 3717
5913 4 2 10 2 2276 3405 2712 3738
5914 4 2 10 2 1117 2715 2401 2785
5915 4 2 10 2 1020 1002 2346 3257
5916 4 2 10 2 1037 1036 2278 3483
5917 4 2 10 2 2420 2827 2156 2887
5918 4 2 10 2 2273 2523 2338 3255
5919 4 2 10 2 2248 2883 1584 3484
5920 4 2 10 2 2299 2903 2178 3164
5921 4 2 10 2 2156 2707 2545 3169
5922 4 2 10 2 2072 2411 2289 2757
5923 4 2 10 2 1308 2449 2549 3170
5924 4 2 10 2 2078 2874 2719 3514
5925 4 2 10 2 238 2620 21 3700
5926 4 2 10 2 1645 1491 1 2629
5927 4 2 10 2 2435 3228 2872 3366
5928 4 2 10 2 1968 300 1971 2626
5929 4 2 10 2 2463 2719 2117 2772
5930 4 2 10 2 1885 1685 1676 2514
5931 4 2 10 2 458 879 2526 2674
5932 4 2 10 2 1588 1847 2504 2862
5933 4 2 10 2 1621 2982 2605 3216
5934 4 2 10 2 2103 2543 2255 3039
5935 4 2 10 2 2211 2450 2396 3004
5936 4 2 10 2 1151 2787 2426 3551
5937 4 2 10 2 2308 2633 2848 3451
5938 4 2 10 2 2792 3011 2494 3102
5939 4 2 10 2 1301 2432 3072 3556
5940 4 2 10 2 2063 2769 2961 3096
5941 4 2 10 2 2069 2897 2469 3523
5942 4 2 10 2 2138 2456 2364 3074
5943 4 2 10 2 2616 2230 3087 3376
5944 4 2 10 2 1683 1885 1676 2884
5945 4 2 10 2 2323 2963 2438 3318
5946 4 2 10 2 2473 2926 2155 3175
5947 4 2 10 2 2390 2592 346 3245
5948 4 2 10 2 1187 2683 3149 3150
5949 4 2 10 2 1656 1657 1654 2456
5950 4 2 10 2 709 2506 2455 2742
5951 4 2 10 2 2288 2928 374 3305
5952 4 2 10 2 488 2752 2439 3312
5953 4 2 10 2 1545 1546 2471 2983
5954 4 2 10 2 1770 2722 2336 3054
5955 4 2 10 2 681 2415 2933 3168
5956 4 2 10 2 2128 2311 2516 2591
5957 4 2 10 2 2076 3009 2914 3176
5958 4 2 10 2 2076 2447 2914 3009
5959 4 2 10 2 2371 2562 1144 3136
5960 4 2 10 2 2299 3222 3164 3610
5961 4 2 10 2 1890 1568 1582 2878
5962 4 2 10 2 2108 2913 2253 3460
5963 4 2 10 2 2304 1070 2830 3205
5964 4 2 10 2 2978 2993 2818 3459
5965 4 2 10 2 1635 1743 1906 2723
5966 4 2 10 2 2745 3236 2380 3572
5967 4 2 10 2 2536 379 3224 3758
5968 4 2 10 2 2512 2749 2174 3341
5969 4 2 10 2 2835 2927 1380 2984
5970 4 2 10 2 1222 3214 2726 3345
5971 4 2 10 2 1339 3399 3022 3461
5972 4 2 10 2 2537 3237 1915 3256
5973 4 2 10 2 452 2365 297 2802
5974 4 2 10 2 2296 2488 2167 3433
5975 4 2 10 2 2105 2519 2774 3446
5976 4 2 10 2 431 2943 2365 3224
5977 4 2 10 2 1193 2841 1424 3190
5978 4 2 10 2 2493 2946 2605 2982
5979 4 2 10 2 2081 2296 2996 3459
5980 4 2 10 2 2405 3163 2439 3245
5981 4 2 10 2 1697 1699 1683 2884
5982 4 2 10 2 1084 1325 2277 3751
5983 4 2 10 2 2347 2837 2451 3374
5984 4 2 10 2 2206 2821 2524 2997
5985 4 2 10 2 2306 2826 2765 3553
5986 4 2 10 2 2093 2592 2405 3095
5987 4 2 10 2 2353 2766 2176 2957
5988 4 2 10 2 1876 1555 1567 3502
5989 4 2 10 2 2623 2888 2287 2990
5990 4 2 10 2 2101 2566 2477 3523
5991 4 2 10 2 1899 2345 3129 3712
5992 4 2 10 2 485 483 2626 3092
5993 4 2 10 2 2007 2309 2899 3474
5994 4 2 10 2 1148 1231 2389 3136
5995 4 2 10 2 2312 2167 2981 3297
5996 4 2 10 2 2290 2115 2743 2926
5997 4 2 10 2 2413 3497 3126 3740
5998 4 2 10 2 2511 2764 2240 3096
5999 4 2 10 2 2562 2233 3308 3548
6000 4 2 10 2 2107 2723 2472 3626
6001 4 2 10 2 2211 2450 3004 3032
6002 4 2 10 2 2472 2723 2292 3626
6003 4 2 10 2 2157 2368 2885 3087
6004 4 2 10 2 972 966 971 2727
6005 4 2 10 2 3059 3595 2335 3698
6006 4 2 10 2 2094 2362 2698 2874
6007 4 2 10 2 618 2925 786 3178
6008 4 2 10 2 1613 2840 3084 3734
6009 4 2 10 2 2126 2986 2351 3102
6010 4 2 10 2 2775 2903 2452 3222
6011 4 2 10 2 2341 2787 2105 3667
6012 4 2 10 2 1635 2283 1637 3638
6013 4 2 10 2 2113 2462 2829 3682
6014 4 2 10 2 2114 2545 2615 2707
6015 4 2 10 2 2311 2107 3502 3606
6016 4 2 10 2 2107 2472 2723 3606
6017 4 2 10 2 1126 2675 2299 3251
6018 4 2 10 2 2910 3267 2238 3445
6019 4 2 10 2 2236 2915 2711 3051
6020 4 2 10 2 2151 2442 2324 2676
6021 4 2 10 2 2412 2933 684 3226
6022 4 2 10 2 2454 2981 2588 3755
6023 4 2 10 2 3038 3308 2233 3548
6024 4 2 10 2 2129 2308 2680 3342
6025 4 2 10 2 842 724 3132 3300
6026 4 2 10 2 1389 2357 762 2767
6027 4 2 10 2 2156 2545 2361 3200
6028 4 2 10 2 773 682 3233 3560
6029 4 2 10 2 1782 2039 1780 3184
6030 4 2 10 2 2419 2528 2257 3011
6031 4 2 10 2 2532 2638 3410 3597
6032 4 2 10 2 2368 2157 2958 3087
6033 4 2 10 2 1684 2734 2414 2873
6034 4 2 10 2 842 2712 2276 3405
6035 4 2 10 2 2378 2585 2791 3500
6036 4 2 10 2 2083 2478 3153 3209
6037 4 2 10 2 2128 2311 2591 3062
6038 4 2 10 2 2391 2929 2203 3030
6039 4 2 10 2 1815 2711 2563 3085
6040 4 2 10 2 651 809 3325 3441
6041 4 2 10 2 1697 1699 2884 3089
6042 4 2 10 2 1094 3308 2657 3513
6043 4 2 10 2 2193 2468 2330 2747
6044 4 2 10 2 951 2751 2316 3044
6045 4 2 10 2 2215 2618 2568 2759
6046 4 2 10 2 2438 2963 2116 3318
6047 4 2 10 2 1156 1239 1240 2330
6048 4 2 10 2 2799 2950 2186 3270
6049 4 2 10 2 1545 2983 2471 3243
6050 4 2 10 2 2264 3696 2699 3717
6051 4 2 10 2 2265 2721 2399 3223
6052 4 2 10 2 2655 2798 2189 3247
6053 4 2 10 2 2418 2780 815 3266
6054 4 2 10 2 2170 3212 2990 3514
6055 4 2 10 2 930 2366 1284 2912
6056 4 2 10 2 2387 2943 2538 3541
6057 4 2 10 2 2161 2910 2257 3238
6058 4 2 10 2 1533 1565 2427 3409
6059 4 2 10 2 1117 2401 1115 2785
6060 4 2 10 2 2427 2518 2109 2537
6061 4 2 10 2 2303 3005 464 3439
6062 4 2 10 2 2164 3006 2779 3706
6063 4 2 10 2 2091 2356 3404 3650
6064 4 2 10 2 2426 2425 3217 3355
6065 4 2 10 2 1595 2339 1822 2810
6066 4 2 10 2 2304 2830 1070 3705
6067 4 2 10 2 2694 2741 2009 3162
6068 4 2 10 2 523 2988 33 3389
6069 4 2 10 2 2448 2724 1428 2893
6070 4 2 10 2 2191 2329 2889 3246
6071 4 2 10 2 2287 2623 2111 2704
6072 4 2 10 2 2283 2723 2472 3606
6073 4 2 10 2 699 697 836 2717
6074 4 2 10 2 1704 2308 1908 2848
6075 4 2 10 2 1357 1399 2663 3338
6076 4 2 10 2 1902 2328 1907 3120
6077 4 2 10 2 646 647 3114 3408
6078 4 2 10 2 1413 3086 2644 3674
6079 4 2 10 2 2245 2521 3323 3574
6080 4 2 10 2 1602 2422 2672 3346
6081 4 2 10 2 646 3114 2370 3408
6082 4 2 10 2 709 2742 2455 3554
6083 4 2 10 2 2249 2165 3080 3239
6084 4 2 10 2 2066 2776 2333 2992
6085 4 2 10 2 1755 1859 2670 3549
6086 4 2 10 2 2205 2650 2362 3584
6087 4 2 10 2 2090 2369 2780 3035
6088 4 2 10 2 1114 1166 1277 3644
6089 4 2 10 2 2210 3168 2993 3301
6090 4 2 10 2 2192 2971 2247 3144
6091 4 2 10 2 2480 2927 2340 2964
6092 4 2 10 2 2143 2927 2480 2964
6093 4 2 10 2 1069 2482 1015 3205
6094 4 2 10 2 1685 1676 2514 3693
6095 4 2 10 2 2269 3153 2478 3209
6096 4 2 10 2 2236 2711 2563 3051
6097 4 2 10 2 2333 2776 2294 2992
6098 4 2 10 2 1623 1755 2670 3549
6099 4 2 10 2 836 3098 2274 3368
6100 4 2 10 2 2438 2580 2198 2869
6101 4 2 10 2 2306 2919 2131 3158
6102 4 2 10 2 2076 3030 2391 3699
6103 4 2 10 2 988 2821 3059 3508
6104 4 2 10 2 2280 3089 2643 3417
6105 4 2 10 2 1186 2598 2496 2830
6106 4 2 10 2 2369 2780 2418 2901
6107 4 2 10 2 2090 2295 2627 2815
6108 4 2 10 2 2708 2730 837 3097
6109 4 2 10 2 774 591 860 1962
6110 4 2 10 2 2377 2122 2684 3313
6111 4 2 10 2 1770 2336 2022 3054
6112 4 2 10 2 2337 3021 2089 3726
6113 4 2 10 2 2579 2990 2170 3212
6114 4 2 10 2 803 2426 3217 3355
6115 4 2 10 2 2167 2488 2296 3746
6116 4 2 10 2 2115 2290 2743 2931
6117 4 2 10 2 1125 2299 3022 3251
6118 4 2 10 2 2207 2310 2994 3201
6119 4 2 10 2 2262 3185 3000 3546
6120 4 2 10 2 2380 3156 2274 3572
6121 4 2 10 2 2092 2303 2556 3259
6122 4 2 10 2 2306 2119 2900 3645
6123 4 2 10 2 2167 2860 2727 3297
6124 4 2 10 2 2306 3553 2765 3645
6125 4 2 10 2 2102 2857 2720 3395
6126 4 2 10 2 2182 2764 2511 3096
6127 4 2 10 2 2201 2588 2454 2981
6128 4 2 10 2 2416 2634 1061 3298
6129 4 2 10 2 2179 3268 2385 3320
6130 4 2 10 2 314 2355 2979 3201
6131 4 2 10 2 699 697 2717 3554
6132 4 2 10 2 884 2426 583 2944
6133 4 2 10 2 1217 3308 3038 3548
6134 4 2 10 2 363 3439 2557 3504
6135 4 2 10 2 1354 2323 2749 3601
6136 4 2 10 2 2081 2488 2296 3459
6137 4 2 10 2 1617 3199 2773 3216
6138 4 2 10 2 687 683 2645 3226
6139 4 2 10 2 2274 2745 2380 3572
6140 4 2 10 2 2483 3036 2561 3613
6141 4 2 10 2 2069 2566 2577 3523
6142 4 2 10 2 2311 2128 2672 3062
6143 4 2 10 2 2551 3457 2257 3603
6144 4 2 10 2 3000 3185 2512 3546
6145 4 2 10 2 990 992 993 2821
6146 4 2 10 2 2338 2172 2795 3255
6147 4 2 10 2 2376 2685 360 3204
6148 4 2 10 2 141 1523 873 2731
6149 4 2 10 2 1067 3311 2665 3566
6150 4 2 10 2 1125 2799 1055 2813
6151 4 2 10 2 2104 2861 2722 3722
6152 4 2 10 2 2560 2906 1664 3567
6153 4 2 10 2 2588 2672 2201 2875
6154 4 2 10 2 2250 2583 2345 3129
6155 4 2 10 2 2662 2949 2234 3209
6156 4 2 10 2 2076 3176 2914 3187
6157 4 2 10 2 2269 2959 2632 3153
6158 4 2 10 2 2166 2314 2562 3285
6159 4 2 10 2 1171 1329 1234 2736
6160 4 2 10 2 2460 2549 2189 3481
6161 4 2 10 2 1848 1952 2862 2998
6162 4 2 10 2 1028 3000 2512 3293
6163 4 2 10 2 2144 2629 2394 2779
6164 4 2 10 2 2081 3134 2302 3290
6165 4 2 10 2 2378 2546 2146 2567
6166 4 2 10 2 2166 3285 3521 3571
6167 4 2 10 2 2293 870 2660 3680
6168 4 2 10 2 1775 2021 492 2439
6169 4 2 10 2 2672 2875 2568 3346
6170 4 2 10 2 2164 2394 2779 3006
6171 4 2 10 2 2487 2769 2063 3096
6172 4 2 10 2 2449 2189 2549 3481
6173 4 2 10 2 2080 2858 2410 3078
6174 4 2 10 2 1144 2562 2371 3308
6175 4 2 10 2 2308 1704 2939 3451
6176 4 2 10 2 2090 3035 2780 3643
6177 4 2 10 2 2346 2469 2147 2897
6178 4 2 10 2 2405 3163 2093 3490
6179 4 2 10 2 1287 3336 2275 3633
6180 4 2 10 2 2852 3513 1418 3738
6181 4 2 10 2 2322 2117 2597 2772
6182 4 2 10 2 2470 2941 3306 3325
6183 4 2 10 2 1070 3205 2304 3705
6184 4 2 10 2 1028 2512 1029 3293
6185 4 2 10 2 957 3066 2258 3456
6186 4 2 10 2 2101 2595 3112 3630
6187 4 2 10 2 1190 2663 508 3263
6188 4 2 10 2 2231 2768 2345 3587
6189 4 2 10 2 2074 2647 2441 3363
6190 4 2 10 2 1354 2749 1012 3601
6191 4 2 10 2 1621 2319 2982 3216
6192 4 2 10 2 1358 2930 2854 3607
6193 4 2 10 2 2266 2996 2738 3301
6194 4 2 10 2 2141 2689 2657 3308
6195 4 2 10 2 2116 2580 2438 2869
6196 4 2 10 2 1621 1620 1622 3339
6197 4 2 10 2 1159 3056 2448 3398
6198 4 2 10 2 2269 2624 2180 2959
6199 4 2 10 2 1152 2426 884 2944
6200 4 2 10 2 2193 2330 2468 3094
6201 4 2 10 2 2089 2520 2775 3164
6202 4 2 10 2 2136 2360 2525 3410
6203 4 2 10 2 2624 2900 2119 3645
6204 4 2 10 2 1684 1703 2734 2873
6205 4 2 10 2 1291 1358 1051 3347
6206 4 2 10 2 3129 3356 2250 3662
6207 4 2 10 2 1668 2345 1899 2768
6208 4 2 10 2 2390 2214 3245 3464
6209 4 2 10 2 1188 2683 1187 3150
6210 4 2 10 2 2510 2793 2540 3428
6211 4 2 10 2 2119 2306 2765 3645
6212 4 2 10 2 592 1949 1517 2467
6213 4 2 10 2 2152 3031 2607 3121
6214 4 2 10 2 1621 3216 1620 3339
6215 4 2 10 2 1038 3018 2631 3483
6216 4 2 10 2 2614 2659 2213 3453
6217 4 2 10 2 2025 2904 2606 3353
6218 4 2 10 2 1036 2871 2278 3483
6219 4 2 10 2 443 1518 446 3594
6220 4 2 10 2 1672 2364 1660 2873
6221 4 2 10 2 837 2730 2708 3382
6222 4 2 10 2 2275 2157 2690 3592
6223 4 2 10 2 1733 1848 1952 2862
6224 4 2 10 2 924 2762 1323 3047
6225 4 2 10 2 2228 3103 3113 3270
6226 4 2 10 2 2191 3137 2606 3690
6227 4 2 10 2 2174 2749 2512 3056
6228 4 2 10 2 475 561 2648 2998
6229 4 2 10 2 2250 3129 1840 3215
6230 4 2 10 2 1275 1135 2451 3103
6231 4 2 10 2 1750 2498 1821 2898
6232 4 2 10 2 2745 2169 3236 3572
6233 4 2 10 2 2368 2958 2616 3087
6234 4 2 10 2 2131 2441 2919 3688
6235 4 2 10 2 3046 3201 2310 3314
6236 4 2 10 2 1456 825 2738 2993
6237 4 2 10 2 385 2856 383 3144
6238 4 2 10 2 2414 2884 2270 3268
6239 4 2 10 2 2086 3260 2367 3608
6240 4 2 10 2 1017 3399 1339 3461
6241 4 2 10 2 2405 3162 2263 3490
6242 4 2 10 2 2070 3271 2292 3487
6243 4 2 10 2 302 2000 1504 2575
6244 4 2 10 2 1547 2709 2381 2948
6245 4 2 10 2 3021 3107 2388 3143
6246 4 2 10 2 2150 2347 2837 3025
6247 4 2 10 2 1534 2600 1532 3409
6248 4 2 10 2 1446 1153 1238 2689
6249 4 2 10 2 2727 2981 2167 3297
6250 4 2 10 2 1588 2861 2504 3641
6251 4 2 10 2 2545 3063 2325 3482
6252 4 2 10 2 347 2592 2390 3528
6253 4 2 10 2 1747 1593 1746 3580
6254 4 2 10 2 1271 2565 3067 3425
6255 4 2 10 2 2298 2718 2861 3591
6256 4 2 10 2 1454 2995 2418 3415
6257 4 2 10 2 2458 2309 2969 3664
6258 4 2 10 2 1019 2549 2449 3365
6259 4 2 10 2 2066 3202 2896 3670
6260 4 2 10 2 2242 2707 2615 3169
6261 4 2 10 2 3026 3284 2307 3710
6262 4 2 10 2 2238 2528 2494 3267
6263 4 2 10 2 1972 2606 2435 3303
6264 4 2 10 2 2288 2176 2766 2928
6265 4 2 10 2 2239 3634 2936 3742
6266 4 2 10 2 2324 1800 2920 3085
6267 4 2 10 2 974 2334 1295 3348
6268 4 2 10 2 1797 1804 2753 3727
6269 4 2 10 2 955 2258 2765 3456
6270 4 2 10 2 1197 2836 2281 3348
6271 4 2 10 2 2147 2542 2469 2953
6272 4 2 10 2 2351 2792 2494 3102
6273 4 2 10 2 2463 2596 2117 2719
6274 4 2 10 2 1 2629 1491 2877
6275 4 2 10 2 3283 3332 2399 3349
6276 4 2 10 2 2256 3414 3133 3745
6277 4 2 10 2 2184 2757 2411 3272
6278 4 2 10 2 2605 2982 2319 3216
6279 4 2 10 2 870 3524 2660 3680
6280 4 2 10 2 2107 3606 2311 3617
6281 4 2 10 2 509 499 41 3167
6282 4 2 10 2 2311 3502 2516 3606
6283 4 2 10 2 1132 1353 1358 2930
6284 4 2 10 2 1038 1039 2631 3018
6285 4 2 10 2 2338 2523 2098 2669
6286 4 2 10 2 2551 3220 2896 3365
6287 4 2 10 2 2332 2885 2368 3087
6288 4 2 10 2 2521 2719 2111 2990
6289 4 2 10 2 2096 3457 2551 3603
6290 4 2 10 2 347 346 2390 2592
6291 4 2 10 2 1815 1927 1855 3085
6292 4 2 10 2 2616 3091 2789 3376
6293 4 2 10 2 2179 2280 2643 3279
6294 4 2 10 2 2360 2796 2532 3410
6295 4 2 10 2 336 2943 431 3224
6296 4 2 10 2 2356 3404 2853 3431
6297 4 2 10 2 2091 2293 2714 3694
6298 4 2 10 2 2650 3426 2094 3702
6299 4 2 10 2 2206 2728 2997 3685
6300 4 2 10 2 2356 2141 2416 2657
6301 4 2 10 2 2128 2568 2618 2759
6302 4 2 10 2 1818 2016 1686 3364
6303 4 2 10 2 2078 2579 2521 3710
6304 4 2 10 2 2734 2916 2204 3082
6305 4 2 10 2 1120 3121 2607 3282
6306 4 2 10 2 2060 2443 2290 2926
6307 4 2 10 2 998 3257 2580 3288
6308 4 2 10 2 2574 2580 1004 2963
6309 4 2 10 2 273 2417 1471 3070
6310 4 2 10 2 440 2975 2399 3223
6311 4 2 10 2 299 2430 1393 2870
6312 4 2 10 2 963 974 969 2770
6313 4 2 10 2 2252 2122 2905 3188
6314 4 2 10 2 2109 2537 2333 3409
6315 4 2 10 2 3186 3257 1247 3733
6316 4 2 10 2 2166 2314 3285 3571
6317 4 2 10 2 2140 2319 2982 3143
6318 4 2 10 2 2263 2439 2405 3163
6319 4 2 10 2 2135 2631 3155 3172
6320 4 2 10 2 1161 2565 3059 3067
6321 4 2 10 2 2118 2474 2934 3593
6322 4 2 10 2 2577 3523 2101 3630
6323 4 2 10 2 2340 2480 2159 3109
6324 4 2 10 2 2260 2941 2756 3452
6325 4 2 10 2 2240 3350 2366 3511
6326 4 2 10 2 2527 2748 2095 3628
6327 4 2 10 2 425 2975 2314 2988
6328 4 2 10 2 2407 2826 1276 3066
6329 4 2 10 2 358 2376 360 3204
6330 4 2 10 2 2164 2443 2290 3006
6331 4 2 10 2 2089 3164 2775 3222
6332 4 2 10 2 2253 2108 2685 2913
6333 4 2 10 2 1159 1349 3056 3398
6334 4 2 10 2 2584 2642 2145 3041
6335 4 2 10 2 2291 2677 2225 2688
6336 4 2 10 2 1874 2916 2535 3656
6337 4 2 10 2 2503 2650 2094 3702
6338 4 2 10 2 1697 2414 1683 2873
6339 4 2 10 2 2251 2403 2613 3153
6340 4 2 10 2 1711 1959 2494 3244
6341 4 2 10 2 2615 2810 2550 2923
6342 4 2 10 2 2734 2873 1703 3386
6343 4 2 10 2 1491 2284 2664 2877
6344 4 2 10 2 2574 2580 2244 3492
6345 4 2 10 2 1907 2328 1582 2878
6346 4 2 10 2 2161 2839 2257 3194
6347 4 2 10 2 1686 2790 2396 3083
6348 4 2 10 2 138 139 870 2293
6349 4 2 10 2 2119 2613 2269 2624
6350 4 2 10 2 2093 2405 2592 3163
6351 4 2 10 2 335 2387 2943 3304
6352 4 2 10 2 1874 1729 1985 3082
6353 4 2 10 2 2666 3411 2487 3669
6354 4 2 10 2 648 647 2519 3114
6355 4 2 10 2 1821 1750 1740 2498
6356 4 2 10 2 2256 2506 2733 3294
6357 4 2 10 2 2308 2680 1908 2848
6358 4 2 10 2 1898 1664 2560 2906
6359 4 2 10 2 2124 2598 2417 2830
6360 4 2 10 2 2101 2577 2566 3523
6361 4 2 10 2 2311 3606 2591 3617
6362 4 2 10 2 2314 2975 2399 2988
6363 4 2 10 2 1028 1011 2512 3185
6364 4 2 10 2 2086 3065 3350 3747
6365 4 2 10 2 2389 2562 1231 3687
6366 4 2 10 2 1048 2828 2340 3147
6367 4 2 10 2 393 2621 2382 2969
6368 4 2 10 2 1398 1216 1147 3214
6369 4 2 10 2 2244 2580 3257 3288
6370 4 2 10 2 1257 2828 1048 3147
6371 4 2 10 2 2140 2982 2502 3143
6372 4 2 10 2 2063 3218 2487 3569
6373 4 2 10 2 403 319 2310 3046
6374 4 2 10 2 2614 2213 3398 3453
6375 4 2 10 2 1222 3214 2499 3683
6376 4 2 10 2 1826 2781 2585 3023
6377 4 2 10 2 2193 2468 2350 3094
6378 4 2 10 2 2392 2794 2333 2917
6379 4 2 10 2 1907 2328 2878 2972
6380 4 2 10 2 1331 2262 3000 3040
6381 4 2 10 2 2540 2793 2144 3428
6382 4 2 10 2 2368 2661 2227 3018
6383 4 2 10 2 2345 2587 2231 3331
6384 4 2 10 2 42 2359 567 3090
6385 4 2 10 2 2266 3301 2738 3485
6386 4 2 10 2 403 319 321 2310
6387 4 2 10 2 2329 2823 732 3478
6388 4 2 10 2 2238 2620 2494 3015
6389 4 2 10 2 2653 3521 3285 3571
6390 4 2 10 2 314 2979 2489 3201
6391 4 2 10 2 2093 2529 2386 3503
6392 4 2 10 2 1188 2683 2581 3399
6393 4 2 10 2 2317 2867 947 3048
6394 4 2 10 2 1612 2882 3442 3671
6395 4 2 10 2 930 932 1284 2366
6396 4 2 10 2 2129 2680 2383 2706
6397 4 2 10 2 2244 2595 2477 3630
6398 4 2 10 2 1371 2558 2275 3336
6399 4 2 10 2 1620 3216 2822 3339
6400 4 2 10 2 1125 1073 1055 2799
6401 4 2 10 2 2552 3631 3194 3753
6402 4 2 10 2 1146 3147 1475 3249
6403 4 2 10 2 2553 2830 1070 3205
6404 4 2 10 2 954 955 949 2765
6405 4 2 10 2 2374 3052 2713 3250
6406 4 2 10 2 2302 2763 2488 3400
6407 4 2 10 2 1333 1413 2644 3674
6408 4 2 10 2 2407 2826 2131 3048
6409 4 2 10 2 2108 2705 2376 3384
6410 4 2 10 2 660 2780 2369 2907
6411 4 2 10 2 2134 2837 2570 3055
6412 4 2 10 2 399 2397 2520 3140
6413 4 2 10 2 2345 2250 3129 3356
6414 4 2 10 2 2514 2889 2628 2954
6415 4 2 10 2 2347 2837 3374 3537
6416 4 2 10 2 1864 2481 1888 2898
6417 4 2 10 2 1268 2358 1355 2936
6418 4 2 10 2 1037 2278 3018 3483
6419 4 2 10 2 2673 3265 2619 3640
6420 4 2 10 2 1849 1571 2420 2942
6421 4 2 10 2 2522 3030 2929 3187
6422 4 2 10 2 2157 2767 2690 3061
6423 4 2 10 2 2282 2481 2110 2702
6424 4 2 10 2 2252 2377 3188 3195
6425 4 2 10 2 2384 2822 1617 3216
6426 4 2 10 2 1681 2939 2795 3561
6427 4 2 10 2 2540 2793 2510 2962
6428 4 2 10 2 616 615 2350 3178
6429 4 2 10 2 362 365 364 3381
6430 4 2 10 2 2128 2672 2588 2875
6431 4 2 10 2 2413 2423 2137 3191
6432 4 2 10 2 2597 2845 2205 3471
6433 4 2 10 2 2541 2565 984 2968
6434 4 2 10 2 137 2660 869 3405
6435 4 2 10 2 2041 1824 1708 2297
6436 4 2 10 2 1309 1339 1307 2393
6437 4 2 10 2 1839 3005 2556 3590
6438 4 2 10 2 2187 2628 2514 2889
6439 4 2 10 2 1858 3084 2639 3313
6440 4 2 10 2 1289 2860 2312 3297
6441 4 2 10 2 2187 2585 2781 3165
6442 4 2 10 2 2588 2672 2128 3062
6443 4 2 10 2 2933 3540 3233 3560
6444 4 2 10 2 1028 1011 1029 2512
6445 4 2 10 2 1810 1822 2339 3003
6446 4 2 10 2 1683 1676 1672 2873
6447 4 2 10 2 2172 2338 3135 3255
6448 4 2 10 2 1298 2335 1256 2821
6449 4 2 10 2 1037 3018 1038 3483
6450 4 2 10 2 2198 2634 2356 2897
6451 4 2 10 2 2099 2329 2507 3289
6452 4 2 10 2 1822 2339 2532 2810
6453 4 2 10 2 2617 2971 2718 3057
6454 4 2 10 2 2961 3096 2769 3725
6455 4 2 10 2 1684 1697 1683 2873
6456 4 2 10 2 1123 1122 1121 2349
6457 4 2 10 2 2200 3121 2671 3148
6458 4 2 10 2 2122 2905 2403 3433
6459 4 2 10 2 2121 2283 2472 3714
6460 4 2 10 2 2266 2436 2996 3301
6461 4 2 10 2 2689 3389 2141 3524
6462 4 2 10 2 2109 2843 2487 3569
6463 4 2 10 2 2074 2981 2656 3470
6464 4 2 10 2 2254 3119 2964 3446
6465 4 2 10 2 2227 3018 2661 3480
6466 4 2 10 2 2128 2591 2588 3062
6467 4 2 10 2 2090 3449 2588 3755
6468 4 2 10 2 2167 2373 3252 3433
6469 4 2 10 2 1679 1680 1691 2383
6470 4 2 10 2 2334 2758 1295 3348
6471 4 2 10 2 2457 2618 2143 2815
6472 4 2 10 2 2137 3016 2646 3586
6473 4 2 10 2 1791 1800 2324 2840
6474 4 2 10 2 2022 1770 1859 2336
6475 4 2 10 2 2198 2356 2634 3432
6476 4 2 10 2 1898 2906 2560 3391
6477 4 2 10 2 2442 3168 2415 3459
6478 4 2 10 2 1089 1333 2612 3674
6479 4 2 10 2 1192 1428 2448 2724
6480 4 2 10 2 2641 3307 2862 3636
6481 4 2 10 2 2163 2720 2462 2987
6482 4 2 10 2 2066 2603 3202 3670
6483 4 2 10 2 1107 2637 1084 2855
6484 4 2 10 2 2224 2997 2728 3685
6485 4 2 10 2 2385 3061 2902 3320
6486 4 2 10 2 2773 2874 2321 3138
6487 4 2 10 2 2358 2936 1268 3258
6488 4 2 10 2 2583 3129 2250 3215
6489 4 2 10 2 2510 2144 2793 3428
6490 4 2 10 2 2370 2792 2177 3102
6491 4 2 10 2 344 488 428 3312
6492 4 2 10 2 2151 2676 2302 2886
6493 4 2 10 2 2279 2642 2473 2926
6494 4 2 10 2 2078 3284 3026 3710
6495 4 2 10 2 2345 3587 2768 3619
6496 4 2 10 2 2619 3265 2125 3657
6497 4 2 10 2 1287 1102 2616 2789
6498 4 2 10 2 1294 2696 930 2912
6499 4 2 10 2 1084 2277 1325 3220
6500 4 2 10 2 2125 2252 2632 3679
6501 4 2 10 2 2110 2374 2570 2602
6502 4 2 10 2 2375 3126 2849 3515
6503 4 2 10 2 2318 2847 430 3723
6504 4 2 10 2 2345 3129 2583 3619
6505 4 2 10 2 2277 2896 3202 3670
6506 4 2 10 2 2442 2933 2415 3168
6507 4 2 10 2 2720 3078 2225 3203
6508 4 2 10 2 1547 1548 2709 3748
6509 4 2 10 2 1684 2414 1697 2873
6510 4 2 10 2 2170 2861 2718 3212
6511 4 2 10 2 2310 2448 2221 3314
6512 4 2 10 2 2880 3095 2405 3312
6513 4 2 10 2 2315 2844 2650 3161
6514 4 2 10 2 2060 2290 2443 3006
6515 4 2 10 2 991 2871 2342 3019
6516 4 2 10 2 2432 2473 2115 3536
6517 4 2 10 2 2112 2284 2547 3390
6518 4 2 10 2 1623 2605 2670 3199
6519 4 2 10 2 1186 1474 1185 2496
6520 4 2 10 2 1621 1630 2605 2982
6521 4 2 10 2 2188 2500 2584 2668
6522 4 2 10 2 2550 2615 2156 2810
6523 4 2 10 2 2413 2755 2165 2850
6524 4 2 10 2 2163 2497 2492 2857
6525 4 2 10 2 2347 2900 2306 3583
6526 4 2 10 2 2062 2388 3107 3143
6527 4 2 10 2 2278 3020 2800 3593
6528 4 2 10 2 2181 3159 2721 3276
6529 4 2 10 2 2506 3133 746 3745
6530 4 2 10 2 2121 2739 2534 3714
6531 4 2 10 2 2405 2439 2263 3162
6532 4 2 10 2 1159 2448 3056 3358
6533 4 2 10 2 1081 1026 1113 2809
6534 4 2 10 2 2108 2401 2913 3460
6535 4 2 10 2 838 2293 569 3058
6536 4 2 10 2 2132 2392 2333 2917
6537 4 2 10 2 1908 2848 2680 3651
6538 4 2 10 2 2318 2847 1467 3393
6539 4 2 10 2 597 752 1984 2823
6540 4 2 10 2 2098 2523 2273 3596
6541 4 2 10 2 1045 2407 1276 3066
6542 4 2 10 2 2119 2765 2624 3645
6543 4 2 10 2 393 2382 2621 2994
6544 4 2 10 2 403 2310 2724 3046
6545 4 2 10 2 1899 2768 2345 3712
6546 4 2 10 2 2308 2848 1704 3451
6547 4 2 10 2 2150 2570 2374 2602
6548 4 2 10 2 515 2430 419 2517
6549 4 2 10 2 1691 2750 2383 3354
6550 4 2 10 2 1104 3136 2700 3601
6551 4 2 10 2 1179 2627 2295 2984
6552 4 2 10 2 2221 2448 2310 2724
6553 4 2 10 2 1203 1201 2944 3525
6554 4 2 10 2 2110 2481 2282 3161
6555 4 2 10 2 2124 2304 2830 3477
6556 4 2 10 2 2413 2850 2165 3191
6557 4 2 10 2 2708 2976 2359 3382
6558 4 2 10 2 2422 2875 2672 3346
6559 4 2 10 2 2804 2996 2464 3290
6560 4 2 10 2 2213 3142 2621 3333
6561 4 2 10 2 2197 2455 2305 3466
6562 4 2 10 2 2678 2927 2254 3147
6563 4 2 10 2 2109 2666 2487 2843
6564 4 2 10 2 2161 2257 2910 3194
6565 4 2 10 2 2302 3084 2840 3734
6566 4 2 10 2 2373 2613 975 3252
6567 4 2 10 2 2111 2623 2321 2697
6568 4 2 10 2 1834 2272 2956 3621
6569 4 2 10 2 16 2638 2732 2923
6570 4 2 10 2 1621 2319 3216 3339
6571 4 2 10 2 2083 2478 2632 3153
6572 4 2 10 2 2110 3104 2602 3161
6573 4 2 10 2 1120 1266 2671 3148
6574 4 2 10 2 1276 2407 1264 3048
6575 4 2 10 2 611 3032 2450 3291
6576 4 2 10 2 2341 2105 2787 3739
6577 4 2 10 2 2187 2781 2628 3165
6578 4 2 10 2 2355 3046 316 3437
6579 4 2 10 2 1981 1945 2365 2802
6580 4 2 10 2 947 940 942 2682
6581 4 2 10 2 889 1390 772 3555
6582 4 2 10 2 2269 2180 3166 3373
6583 4 2 10 2 2296 2167 2809 3433
6584 4 2 10 2 842 724 734 3132
6585 4 2 10 2 2106 2412 2695 2949
6586 4 2 10 2 2233 2965 2689 3389
6587 4 2 10 2 2169 2745 2717 3572
6588 4 2 10 2 2346 2244 3288 3523
6589 4 2 10 2 2443 3631 2476 3706
6590 4 2 10 2 2332 2099 2628 3412
6591 4 2 10 2 2276 2712 842 3300
6592 4 2 10 2 2652 3081 1781 3561
6593 4 2 10 2 2178 2775 2903 3624
6594 4 2 10 2 1515 1950 2532 3597
6595 4 2 10 2 2405 2093 2688 3490
6596 4 2 10 2 2266 2436 3301 3485
6597 4 2 10 2 2202 2874 2452 3514
6598 4 2 10 2 2127 2355 2735 2979
6599 4 2 10 2 373 374 375 3305
6600 4 2 10 2 2933 2442 3540 3560
6601 4 2 10 2 2109 2794 2392 3569
6602 4 2 10 2 139 2731 140 3680
6603 4 2 10 2 1067 2665 2543 3566
6604 4 2 10 2 2332 2885 2099 3412
6605 4 2 10 2 2619 2673 2125 3265
6606 4 2 10 2 2903 3026 2579 3212
6607 4 2 10 2 1287 1371 1102 2789
6608 4 2 10 2 998 1000 2580 3257
6609 4 2 10 2 2399 3283 2314 3332
6610 4 2 10 2 2528 2798 2655 3247
6611 4 2 10 2 2793 3334 2571 3589
6612 4 2 10 2 1087 2553 3064 3388
6613 4 2 10 2 2577 2967 2566 3076
6614 4 2 10 2 2293 2660 2559 3680
6615 4 2 10 2 2127 2653 2314 3571
6616 4 2 10 2 2453 2079 2900 3537
6617 4 2 10 2 2380 2274 3156 3582
6618 4 2 10 2 423 2376 2626 3092
6619 4 2 10 2 2325 2545 2200 3063
6620 4 2 10 2 2273 3322 2098 3596
6621 4 2 10 2 2189 2798 2460 3481
6622 4 2 10 2 485 300 1968 2626
6623 4 2 10 2 1868 1621 1630 2605
6624 4 2 10 2 2125 2850 2619 3568
6625 4 2 10 2 2413 2423 2165 3239
6626 4 2 10 2 2391 3117 2148 3187
6627 4 2 10 2 2362 2772 2158 3659
6628 4 2 10 2 2344 2731 2293 3694
6629 4 2 10 2 1688 1491 1646 2664
6630 4 2 10 2 1848 2862 2641 2998
6631 4 2 10 2 2093 2592 3095 3666
6632 4 2 10 2 1045 1046 1047 3066
6633 4 2 10 2 2639 3084 2684 3313
6634 4 2 10 2 1171 1328 2285 3614
6635 4 2 10 2 1299 2770 2785 3421
6636 4 2 10 2 838 738 140 2731
6637 4 2 10 2 2430 2715 1451 2879
6638 4 2 10 2 1664 2906 1665 3567
6639 4 2 10 2 2145 2677 2688 3203
6640 4 2 10 2 2205 2772 2650 3088
6641 4 2 10 2 1066 3103 2543 3374
6642 4 2 10 2 335 2943 2622 3304
6643 4 2 10 2 2132 2333 2392 2843
6644 4 2 10 2 707 2842 2275 3592
6645 4 2 10 2 2063 2743 2843 3096
6646 4 2 10 2 2189 2896 2798 3481
6647 4 2 10 2 2250 2812 2456 3215
6648 4 2 10 2 2066 2294 2603 3367
6649 4 2 10 2 1358 2854 1291 3607
6650 4 2 10 2 2394 2144 2779 3529
6651 4 2 10 2 2141 2416 2276 3431
6652 4 2 10 2 2438 2323 3318 3448
6653 4 2 10 2 2161 2257 2839 3248
6654 4 2 10 2 1665 2906 2289 3567
6655 4 2 10 2 2364 1660 2873 3675
6656 4 2 10 2 2713 3052 2374 3146
6657 4 2 10 2 1144 1217 1403 3308
6658 4 2 10 2 2559 2141 3389 3524
6659 4 2 10 2 1357 1268 2936 3258
6660 4 2 10 2 2078 2362 3284 3710
6661 4 2 10 2 1823 1826 1677 2585
6662 4 2 10 2 1600 2723 1635 3638
6663 4 2 10 2 2510 2335 3595 3698
6664 4 2 10 2 2178 2675 2299 3164
6665 4 2 10 2 860 774 1962 2920
6666 4 2 10 2 2353 2766 2957 3531
6667 4 2 10 2 2718 2298 3307 3591
6668 4 2 10 2 1546 2956 2471 2983
6669 4 2 10 2 2063 2392 3218 3569
6670 4 2 10 2 2477 2595 2101 3630
6671 4 2 10 2 745 1941 2506 2742
6672 4 2 10 2 2516 2591 2311 3606
6673 4 2 10 2 2790 3331 2231 3650
6674 4 2 10 2 2095 2571 2728 3112
6675 4 2 10 2 2228 2849 2375 3039
6676 4 2 10 2 2367 3442 2882 3671
6677 4 2 10 2 1053 1023 1024 2950
6678 4 2 10 2 1997 2782 2484 3439
6679 4 2 10 2 1587 1588 1847 2504
6680 4 2 10 2 2095 2748 3599 3628
6681 4 2 10 2 2127 2680 2706 3068
6682 4 2 10 2 2157 3087 2275 3633
6683 4 2 10 2 2252 3188 2647 3195
6684 4 2 10 2 2139 2782 2484 2918
6685 4 2 10 2 1336 2984 2480 3532
6686 4 2 10 2 1679 2383 1691 2750
6687 4 2 10 2 1602 2672 2422 3192
6688 4 2 10 2 2220 2490 2408 3443
6689 4 2 10 2 2486 2250 3356 3662
6690 4 2 10 2 873 872 868 2731
6691 4 2 10 2 2122 2403 2656 3433
6692 4 2 10 2 2424 2556 2303 3590
6693 4 2 10 2 2103 2543 2451 3374
6694 4 2 10 2 2163 2857 2651 3488
6695 4 2 10 2 2119 2269 2613 3153
6696 4 2 10 2 2489 2735 2355 2979
6697 4 2 10 2 2143 2457 2295 2835
6698 4 2 10 2 2208 2331 3126 3167
6699 4 2 10 2 2596 2719 2463 3157
6700 4 2 10 2 1517 1949 2052 2467
6701 4 2 10 2 1357 1268 1355 2936
6702 4 2 10 2 2060 2443 2926 3253
6703 4 2 10 2 2270 2628 2781 3165
6704 4 2 10 2 2330 3094 2193 3469
6705 4 2 10 2 2250 2967 2577 3076
6706 4 2 10 2 2631 3018 1039 3219
6707 4 2 10 2 416 2575 2892 2928
6708 4 2 10 2 1663 1660 1672 2364
6709 4 2 10 2 2085 2890 2360 2911
6710 4 2 10 2 2195 2393 3399 3461
6711 4 2 10 2 2315 2134 2924 3426
6712 4 2 10 2 2455 2506 709 3745
6713 4 2 10 2 3005 3464 2851 3504
6714 4 2 10 2 1025 2860 1289 3297
6715 4 2 10 2 2772 3299 2158 3659
6716 4 2 10 2 2252 2125 3265 3679
6717 4 2 10 2 1045 1047 2407 3066
6718 4 2 10 2 2035 2641 530 2998
6719 4 2 10 2 2059 2563 1814 3051
6720 4 2 10 2 2399 3223 2721 3276
6721 4 2 10 2 2101 2800 2342 2871
6722 4 2 10 2 2360 2890 2214 2911
6723 4 2 10 2 2116 2633 2486 3627
6724 4 2 10 2 2316 2751 2160 3211
6725 4 2 10 2 1064 1303 1065 3113
6726 4 2 10 2 1086 2416 1061 3298
6727 4 2 10 2 1241 1240 1242 2330
6728 4 2 10 2 2225 2688 2677 3203
6729 4 2 10 2 2115 2460 2725 2931
6730 4 2 10 2 2062 2413 3126 3740
6731 4 2 10 2 1805 3032 3004 3364
6732 4 2 10 2 2442 2803 678 3168
6733 4 2 10 2 2201 2454 2656 2981
6734 4 2 10 2 2263 2741 1712 2796
6735 4 2 10 2 2449 3202 2896 3481
6736 4 2 10 2 2191 2823 2606 3137
6737 4 2 10 2 2274 2717 836 3368
6738 4 2 10 2 2294 2066 2603 2992
6739 4 2 10 2 2083 3153 2251 3491
6740 4 2 10 2 2276 2416 2141 3513
6741 4 2 10 2 2268 2359 2976 3382
6742 4 2 10 2 2526 1234 2736 3403
6743 4 2 10 2 2099 3101 2507 3407
6744 4 2 10 2 2129 2308 2633 2848
6745 4 2 10 2 1309 1339 2393 3461
6746 4 2 10 2 1005 1248 2438 3186
6747 4 2 10 2 2431 3135 2633 3318
6748 4 2 10 2 2212 2774 2635 3114
6749 4 2 10 2 1837 1849 1571 2420
6750 4 2 10 2 2082 2971 2718 3307
6751 4 2 10 2 625 2385 626 2842
6752 4 2 10 2 2227 2693 2934 3593
6753 4 2 10 2 2578 3070 2352 3305
6754 4 2 10 2 2186 2698 2952 3584
6755 4 2 10 2 2127 3068 2706 3283
6756 4 2 10 2 2242 2810 2615 2923
6757 4 2 10 2 2288 2417 2352 2937
6758 4 2 10 2 2209 2536 3224 3758
6759 4 2 10 2 2363 2492 2072 3596
6760 4 2 10 2 2124 2830 2937 3477
6761 4 2 10 2 973 2473 2991 3072
6762 4 2 10 2 2122 2488 2695 3433
6763 4 2 10 2 745 2506 1941 3133
6764 4 2 10 2 2211 3032 3178 3291
6765 4 2 10 2 2247 2617 2971 3591
6766 4 2 10 2 2254 3147 3119 3446
6767 4 2 10 2 1436 1312 1222 2499
6768 4 2 10 2 2216 3149 2683 3150
6769 4 2 10 2 2374 3146 2570 3158
6770 4 2 10 2 1635 2723 2283 3638
6771 4 2 10 2 344 2405 2592 3095
6772 4 2 10 2 1810 1822 1604 2339
6773 4 2 10 2 2472 2739 2168 3240
6774 4 2 10 2 644 2838 2986 3102
6775 4 2 10 2 2252 3195 2647 3679
6776 4 2 10 2 678 2803 2442 3560
6777 4 2 10 2 1241 2330 1242 2747
6778 4 2 10 2 2072 2492 2363 3310
6779 4 2 10 2 1479 2598 276 3361
6780 4 2 10 2 1731 3077 2446 3479
6781 4 2 10 2 2070 2472 2746 3240
6782 4 2 10 2 2067 2548 2754 2791
6783 4 2 10 2 2433 2622 2209 2857
6784 4 2 10 2 728 2838 2351 2986
6785 4 2 10 2 2454 2588 2201 3449
6786 4 2 10 2 1570 2684 1858 3313
6787 4 2 10 2 1397 1461 891 2852
6788 4 2 10 2 2507 2966 637 3557
6789 4 2 10 2 2298 2247 3307 3591
6790 4 2 10 2 383 384 2354 2856
6791 4 2 10 2 1275 2451 2845 3471
6792 4 2 10 2 1696 3530 3045 3660
6793 4 2 10 2 2439 3163 2214 3245
6794 4 2 10 2 615 2797 2350 3178
6795 4 2 10 2 2063 2743 2544 3073
6796 4 2 10 2 2201 2656 2588 2981
6797 4 2 10 2 2342 2932 2567 3232
6798 4 2 10 2 2104 2903 2718 3212
6799 4 2 10 2 2417 2598 2124 2865
6800 4 2 10 2 2529 2762 2386 3503
6801 4 2 10 2 1314 1197 1117 2785
6802 4 2 10 2 2275 3336 707 3592
6803 4 2 10 2 2507 2823 2191 3137
6804 4 2 10 2 490 3201 2489 3594
6805 4 2 10 2 446 435 3201 3594
6806 4 2 10 2 2296 2978 2818 3459
6807 4 2 10 2 2595 2206 3112 3630
6808 4 2 10 2 2074 2588 2656 2981
6809 4 2 10 2 1298 1256 988 2821
6810 4 2 10 2 2165 2819 2453 3123
6811 4 2 10 2 2208 3126 2359 3167
6812 4 2 10 2 2502 2982 2319 3143
6813 4 2 10 2 332 334 333 2943
6814 4 2 10 2 1169 1281 1109 2500
6815 4 2 10 2 1414 1213 1215 2266
6816 4 2 10 2 2106 2644 2645 3491
6817 4 2 10 2 379 2802 2536 3224
6818 4 2 10 2 398 399 400 3189
6819 4 2 10 2 2393 3022 3399 3461
6820 4 2 10 2 1005 1247 1248 3186
6821 4 2 10 2 2159 2654 2480 3213
6822 4 2 10 2 2757 2829 2411 3272
6823 4 2 10 2 610 611 596 3032
6824 4 2 10 2 965 975 971 2373
6825 4 2 10 2 2596 2719 2111 3380
6826 4 2 10 2 2258 957 2826 3066
6827 4 2 10 2 403 2310 321 3142
6828 4 2 10 2 2285 2500 2429 3274
6829 4 2 10 2 2134 2898 3055 3721
6830 4 2 10 2 2539 2789 1193 3190
6831 4 2 10 2 3097 3191 2305 3497
6832 4 2 10 2 1555 2832 2573 3502
6833 4 2 10 2 2590 3005 2232 3141
6834 4 2 10 2 1237 2852 2689 3513
6835 4 2 10 2 315 2355 316 3437
6836 4 2 10 2 1689 1899 1668 3129
6837 4 2 10 2 1584 2533 2883 3424
6838 4 2 10 2 2660 3524 2559 3680
6839 4 2 10 2 2137 2423 2413 2976
6840 4 2 10 2 2592 3163 2405 3245
6841 4 2 10 2 2128 2311 2672 3600
6842 4 2 10 2 2474 2582 2075 3593
6843 4 2 10 2 2114 3350 2325 3472
6844 4 2 10 2 2201 2672 2588 3062
6845 4 2 10 2 1847 2353 1603 3029
6846 4 2 10 2 1161 2565 1288 3059
6847 4 2 10 2 1781 2652 1780 3081
6848 4 2 10 2 1457 1235 2526 3345
6849 4 2 10 2 2210 2803 2436 2886
6850 4 2 10 2 2272 3424 2533 3621
6851 4 2 10 2 2123 2405 2752 3312
6852 4 2 10 2 971 2373 975 3252
6853 4 2 10 2 2826 2867 2131 3048
6854 4 2 10 2 250 3629 2300 3756
6855 4 2 10 2 1328 3040 2285 3614
6856 4 2 10 2 2100 2476 3631 3706
6857 4 2 10 2 446 490 2489 3594
6858 4 2 10 2 2383 2706 2680 3068
6859 4 2 10 2 1882 2292 1743 3419
6860 4 2 10 2 2179 2270 2884 3268
6861 4 2 10 2 2359 3107 2976 3126
6862 4 2 10 2 953 1311 951 2751
6863 4 2 10 2 2531 2105 2787 3667
6864 4 2 10 2 2565 3059 2335 3698
6865 4 2 10 2 2086 2367 3344 3538
6866 4 2 10 2 772 828 2415 3555
6867 4 2 10 2 1599 2723 2573 3748
6868 4 2 10 2 2467 2916 2204 2925
6869 4 2 10 2 2149 2608 2363 2921
6870 4 2 10 2 661 660 659 2369
6871 4 2 10 2 2074 2441 2647 3195
6872 4 2 10 2 1799 3442 2923 3496
6873 4 2 10 2 446 2834 435 3594
6874 4 2 10 2 2228 2388 2849 3655
6875 4 2 10 2 446 3201 490 3594
6876 4 2 10 2 454 464 3005 3439
6877 4 2 10 2 2172 2633 2431 3135
6878 4 2 10 2 2276 2852 1418 3738
6879 4 2 10 2 2749 2963 1012 3601
6880 4 2 10 2 2567 2582 2146 2800
6881 4 2 10 2 686 2572 791 2643
6882 4 2 10 2 2063 2487 2392 3569
6883 4 2 10 2 575 2558 1401 3336
6884 4 2 10 2 2157 2275 2690 3633
6885 4 2 10 2 1902 2777 2328 3120
6886 4 2 10 2 271 34 2399 2988
6887 4 2 10 2 1054 2658 2950 3270
6888 4 2 10 2 2328 2777 1582 2878
6889 4 2 10 2 1617 1577 2384 2773
6890 4 2 10 2 2862 3307 2298 3636
6891 4 2 10 2 2547 2112 3002 3444
6892 4 2 10 2 2621 2098 3333 3692
6893 4 2 10 2 2098 2338 2669 3692
6894 4 2 10 2 2664 2801 1992 2877
6895 4 2 10 2 2633 3318 3135 3711
6896 4 2 10 2 2127 2735 2489 2979
6897 4 2 10 2 950 952 951 2316
6898 4 2 10 2 344 2592 2405 3245
6899 4 2 10 2 1517 749 592 2467
6900 4 2 10 2 2335 3059 3508 3595
6901 4 2 10 2 2146 2582 2364 3165
6902 4 2 10 2 1194 2539 1193 3190
6903 4 2 10 2 1271 2565 1161 3067
6904 4 2 10 2 2663 415 3263 3443
6905 4 2 10 2 591 774 858 3034
6906 4 2 10 2 1357 1399 1376 2663
6907 4 2 10 2 2199 3277 2905 3280
6908 4 2 10 2 2277 2896 2449 3202
6909 4 2 10 2 2686 2688 2123 3312
6910 4 2 10 2 574 826 909 2993
6911 4 2 10 2 1134 1066 2543 3374
6912 4 2 10 2 999 2871 991 3019
6913 4 2 10 2 2409 2145 2688 2858
6914 4 2 10 2 2111 2321 2623 2990
6915 4 2 10 2 2580 3186 2198 3257
6916 4 2 10 2 2703 2985 2607 3063
6917 4 2 10 2 2150 2837 2570 2844
6918 4 2 10 2 2157 2767 2357 2958
6919 4 2 10 2 639 2507 637 3557
6920 4 2 10 2 2618 2815 2457 3643
6921 4 2 10 2 2370 2787 2105 3739
6922 4 2 10 2 2149 2363 2614 2921
6923 4 2 10 2 2134 2503 2650 2844
6924 4 2 10 2 2686 2880 2688 3312
6925 4 2 10 2 1242 2712 2468 3759
6926 4 2 10 2 1133 1084 1107 2637
6927 4 2 10 2 734 2276 3132 3405
6928 4 2 10 2 2403 2905 2695 3433
6929 4 2 10 2 2359 3126 2331 3167
6930 4 2 10 2 2224 2431 2749 3341
6931 4 2 10 2 2093 3490 3163 3665
6932 4 2 10 2 239 3696 2863 3717
6933 4 2 10 2 659 2369 660 2780
6934 4 2 10 2 3210 3343 2243 3620
6935 4 2 10 2 2464 2996 2436 3290
6936 4 2 10 2 575 1401 893 3336
6937 4 2 10 2 2093 3180 2529 3503
6938 4 2 10 2 21 2620 3244 3700
6939 4 2 10 2 2288 2578 2352 3305
6940 4 2 10 2 1637 2283 2771 3079
6941 4 2 10 2 1221 2691 3001 3100
6942 4 2 10 2 2107 2593 2472 2786
6943 4 2 10 2 2185 2841 2789 3190
6944 4 2 10 2 364 420 2685 3381
6945 4 2 10 2 2280 2097 3027 3050
6946 4 2 10 2 635 637 2507 3467
6947 4 2 10 2 1681 2795 1673 3561
6948 4 2 10 2 2290 2743 2544 2926
6949 4 2 10 2 2068 2571 2793 3334
6950 4 2 10 2 1462 2295 1179 3415
6951 4 2 10 2 2377 3188 2122 3313
6952 4 2 10 2 1657 1654 2456 3023
6953 4 2 10 2 2146 2474 2582 3165
6954 4 2 10 2 2271 2118 2601 3019
6955 4 2 10 2 1264 1276 1045 2407
6956 4 2 10 2 2580 2869 2244 3523
6957 4 2 10 2 1823 2585 1677 3375
6958 4 2 10 2 2420 2272 3424 3612
6959 4 2 10 2 2689 3038 1238 3308
6960 4 2 10 2 644 3102 2425 3217
6961 4 2 10 2 1203 1211 2760 2944
6962 4 2 10 2 2370 2105 2787 3408
6963 4 2 10 2 2470 3306 2143 3325
6964 4 2 10 2 1256 1298 1279 2335
6965 4 2 10 2 1215 2266 2818 3581
6966 4 2 10 2 352 2557 2408 3504
6967 4 2 10 2 491 2805 2575 2928
6968 4 2 10 2 2345 2583 2250 3076
6969 4 2 10 2 2271 3508 3059 3595
6970 4 2 10 2 1814 2563 1815 2711
6971 4 2 10 2 374 2288 372 2928
6972 4 2 10 2 2129 2680 2848 3651
6973 4 2 10 2 2834 3201 435 3594
6974 4 2 10 2 2385 3268 3087 3320
6975 4 2 10 2 2090 2627 2295 2901
6976 4 2 10 2 2799 2813 2186 2950
6977 4 2 10 2 2405 2688 2093 3328
6978 4 2 10 2 2534 3119 2168 3340
6979 4 2 10 2 2195 2718 2617 2903
6980 4 2 10 2 2514 2889 2329 3246
6981 4 2 10 2 2075 2582 2364 2909
6982 4 2 10 2 2136 2544 2525 2788
6983 4 2 10 2 2269 2180 2624 3166
6984 4 2 10 2 1600 2516 2723 3638
6985 4 2 10 2 2108 3384 2376 3516
6986 4 2 10 2 952 2316 2607 3044
6987 4 2 10 2 2063 2743 2392 2843
6988 4 2 10 2 1406 1463 906 2517
6989 4 2 10 2 2321 2874 2773 3514
6990 4 2 10 2 2190 3126 3497 3740
6991 4 2 10 2 2543 2228 3039 3402
6992 4 2 10 2 2180 2269 2959 3373
6993 4 2 10 2 2193 3094 2350 3116
6994 4 2 10 2 1663 1672 1676 2781
6995 4 2 10 2 2480 2984 2627 3532
6996 4 2 10 2 2285 2674 1171 3317
6997 4 2 10 2 1122 1121 2349 3121
6998 4 2 10 2 1354 1035 2323 3601
6999 4 2 10 2 2103 2503 2819 2837
7000 4 2 10 2 2236 3151 2563 3290
7001 4 2 10 2 2131 2919 2713 3158
7002 4 2 10 2 1166 3060 2322 3544
7003 4 2 10 2 996 2524 1007 2997
7004 4 2 10 2 2441 2713 2131 2919
7005 4 2 10 2 2080 2410 2987 3078
7006 4 2 10 2 2335 3508 2821 3595
7007 4 2 10 2 2436 2886 2803 3290
7008 4 2 10 2 11 2753 2394 2980
7009 4 2 10 2 825 795 2738 2993
7010 4 2 10 2 2151 3151 2803 3290
7011 4 2 10 2 2150 2837 2844 3695
7012 4 2 10 2 2205 3088 2650 3695
7013 4 2 10 2 2436 2803 3151 3290
7014 4 2 10 2 2168 2472 2746 3462
7015 4 2 10 2 2421 2771 2121 2846
7016 4 2 10 2 2456 2812 2250 3542
7017 4 2 10 2 1462 3266 2295 3415
7018 4 2 10 2 2102 2622 2433 2857
7019 4 2 10 2 2228 2543 2375 3113
7020 4 2 10 2 2453 2837 2079 3537
7021 4 2 10 2 918 2386 3041 3713
7022 4 2 10 2 1957 455 1487 3439
7023 4 2 10 2 2845 3471 2597 3544
7024 4 2 10 2 738 3028 2731 3058
7025 4 2 10 2 594 1236 2761 3229
7026 4 2 10 2 2346 3288 1002 3377
7027 4 2 10 2 1957 1487 1997 3439
7028 4 2 10 2 2618 2941 2260 3452
7029 4 2 10 2 851 810 701 2708
7030 4 2 10 2 1868 2605 1630 3549
7031 4 2 10 2 976 3072 2432 3536
7032 4 2 10 2 1357 2663 1376 3258
7033 4 2 10 2 2036 3005 2303 3439
7034 4 2 10 2 2581 3022 2903 3251
7035 4 2 10 2 2160 2751 2316 2922
7036 4 2 10 2 632 2398 634 2902
7037 4 2 10 2 2564 2183 3049 3507
7038 4 2 10 2 2315 2924 1551 3602
7039 4 2 10 2 869 2689 2852 3524
7040 4 2 10 2 2403 2122 2656 3188
7041 4 2 10 2 1088 3064 2553 3421
7042 4 2 10 2 2384 2773 2202 3216
7043 4 2 10 2 2252 3265 3122 3526
7044 4 2 10 2 1834 2272 2942 2956
7045 4 2 10 2 648 646 647 3114
7046 4 2 10 2 2102 2433 2720 2857
7047 4 2 10 2 992 2595 994 2997
7048 4 2 10 2 1301 2764 2432 3556
7049 4 2 10 2 2635 2774 2177 3114
7050 4 2 10 2 2342 2118 2800 2932
7051 4 2 10 2 1213 1106 2495 2995
7052 4 2 10 2 3007 3236 2169 3572
7053 4 2 10 2 2270 3268 2332 3512
7054 4 2 10 2 772 2645 828 3555
7055 4 2 10 2 2530 3097 2305 3497
7056 4 2 10 2 516 2685 2517 3204
7057 4 2 10 2 2308 2129 2633 3711
7058 4 2 10 2 2706 3068 2383 3283
7059 4 2 10 2 2230 2539 3155 3647
7060 4 2 10 2 2162 2528 2655 3267
7061 4 2 10 2 2176 2288 2766 3145
7062 4 2 10 2 2069 2486 2869 3523
7063 4 2 10 2 1613 1614 2840 3734
7064 4 2 10 2 2341 2896 2551 3220
7065 4 2 10 2 2480 3213 2654 3532
7066 4 2 10 2 1317 2922 933 3472
7067 4 2 10 2 2433 2209 2720 2857
7068 4 2 10 2 1837 2420 1571 3424
7069 4 2 10 2 1597 2915 2711 3734
7070 4 2 10 2 2590 3245 2214 3464
7071 4 2 10 2 2303 2557 2408 3193
7072 4 2 10 2 1521 599 1994 2428
7073 4 2 10 2 2041 2801 2297 3465
7074 4 2 10 2 430 537 2318 3723
7075 4 2 10 2 1251 2477 1356 3288
7076 4 2 10 2 2546 2585 2146 3023
7077 4 2 10 2 344 3095 2880 3312
7078 4 2 10 2 344 2405 3095 3312
7079 4 2 10 2 2379 2168 3119 3340
7080 4 2 10 2 2183 3035 2428 3507
7081 4 2 10 2 1193 2539 1103 2789
7082 4 2 10 2 2195 2903 2581 3022
7083 4 2 10 2 2294 2537 2333 2992
7084 4 2 10 2 652 3010 2470 3609
7085 4 2 10 2 1898 2560 1693 3391
7086 4 2 10 2 2365 2497 3043 3488
7087 4 2 10 2 2579 2903 2195 3026
7088 4 2 10 2 2356 2587 2198 2897
7089 4 2 10 2 1871 1529 2572 2643
7090 4 2 10 2 656 2457 2780 2907
7091 4 2 10 2 1530 1482 2333 3409
7092 4 2 10 2 1075 1081 2495 2860
7093 4 2 10 2 2900 3158 2306 3583
7094 4 2 10 2 2311 3502 2107 3617
7095 4 2 10 2 2328 2914 2777 3187
7096 4 2 10 2 2548 2601 2161 3444
7097 4 2 10 2 1116 2401 1117 2715
7098 4 2 10 2 1614 3085 2840 3734
7099 4 2 10 2 1701 1781 3081 3561
7100 4 2 10 2 1693 1898 1664 2560
7101 4 2 10 2 2166 2562 2389 3285
7102 4 2 10 2 2376 2705 2108 3204
7103 4 2 10 2 2134 3055 2570 3721
7104 4 2 10 2 2571 2206 2728 3112
7105 4 2 10 2 514 2430 2870 3715
7106 4 2 10 2 2225 2688 2686 2880
7107 4 2 10 2 2474 2800 2582 3593
7108 4 2 10 2 2247 3591 3242 3624
7109 4 2 10 2 2406 3052 2594 3271
7110 4 2 10 2 1134 2543 1067 2665
7111 4 2 10 2 1994 2428 599 3049
7112 4 2 10 2 2237 2812 2456 3542
7113 4 2 10 2 1294 2696 2912 3704
7114 4 2 10 2 1298 1279 2335 3173
7115 4 2 10 2 2087 3156 2380 3572
7116 4 2 10 2 2409 2145 2858 3316
7117 4 2 10 2 2495 3008 2996 3539
7118 4 2 10 2 637 2966 2507 3467
7119 4 2 10 2 681 2415 828 2933
7120 4 2 10 2 2092 3009 2447 3273
7121 4 2 10 2 719 2563 602 3051
7122 4 2 10 2 728 644 2838 2986
7123 4 2 10 2 2444 2760 2173 3036
7124 4 2 10 2 2299 2813 3026 3222
7125 4 2 10 2 628 2385 3061 3279
7126 4 2 10 2 1770 1924 2722 3054
7127 4 2 10 2 2482 2683 2304 3705
7128 4 2 10 2 2415 2645 828 2933
7129 4 2 10 2 2463 2158 2772 3299
7130 4 2 10 2 1194 1103 1193 2539
7131 4 2 10 2 2344 2731 1767 3028
7132 4 2 10 2 2283 3079 1637 3638
7133 4 2 10 2 3153 3209 2612 3491
7134 4 2 10 2 2523 3135 2338 3255
7135 4 2 10 2 2558 2789 2185 2841
7136 4 2 10 2 2521 2111 2719 3380
7137 4 2 10 2 1467 1385 2847 3723
7138 4 2 10 2 2075 2364 2582 3165
7139 4 2 10 2 2382 2652 2098 3692
7140 4 2 10 2 2501 3240 2935 3411
7141 4 2 10 2 1087 3064 1145 3388
7142 4 2 10 2 2603 2774 2445 3367
7143 4 2 10 2 2147 2416 3404 3469
7144 4 2 10 2 2853 3404 2416 3469
7145 4 2 10 2 2792 2798 2528 3603
7146 4 2 10 2 1650 3329 2812 3689
7147 4 2 10 2 2138 2566 2967 3076
7148 4 2 10 2 1467 2847 2318 3723
7149 4 2 10 2 336 2622 2943 3224
7150 4 2 10 2 2433 2622 337 3758
7151 4 2 10 2 2755 2850 2413 3191
7152 4 2 10 2 2174 3056 2448 3131
7153 4 2 10 2 2077 2513 2340 2964
7154 4 2 10 2 2077 2283 2759 2846
7155 4 2 10 2 2234 2645 2412 3226
7156 4 2 10 2 2374 2602 2142 3646
7157 4 2 10 2 1089 1178 1333 3674
7158 4 2 10 2 1335 2847 2955 3393
7159 4 2 10 2 2077 2737 2513 2759
7160 4 2 10 2 2399 2975 2314 3283
7161 4 2 10 2 2533 3424 2272 3612
7162 4 2 10 2 840 2690 3061 3592
7163 4 2 10 2 2623 2697 2111 2704
7164 4 2 10 2 2738 2996 2210 3301
7165 4 2 10 2 635 2966 637 3467
7166 4 2 10 2 2263 2439 3163 3315
7167 4 2 10 2 2212 2519 2774 3114
7168 4 2 10 2 2195 2393 3022 3399
7169 4 2 10 2 2501 2518 3240 3411
7170 4 2 10 2 2278 2693 1037 3018
7171 4 2 10 2 1848 2641 1989 2998
7172 4 2 10 2 2099 2329 3289 3632
7173 4 2 10 2 2722 3054 1924 3636
7174 4 2 10 2 2220 2408 3273 3604
7175 4 2 10 2 2499 3304 2387 3345
7176 4 2 10 2 951 2316 2751 2922
7177 4 2 10 2 535 430 2847 3723
7178 4 2 10 2 1668 2345 2768 3619
7179 4 2 10 2 2571 2728 2206 3685
7180 4 2 10 2 2573 2723 1599 3502
7181 4 2 10 2 1104 2438 3136 3601
7182 4 2 10 2 2238 3267 2437 3445
7183 4 2 10 2 2383 2680 2129 3651
7184 4 2 10 2 1196 1451 2715 2879
7185 4 2 10 2 2547 2112 2552 3002
7186 4 2 10 2 2291 3095 2880 3505
7187 4 2 10 2 2095 2728 2571 3685
7188 4 2 10 2 2364 2781 2270 2873
7189 4 2 10 2 2174 2323 3056 3131
7190 4 2 10 2 2816 2949 2662 3209
7191 4 2 10 2 2438 2825 2466 3627
7192 4 2 10 2 2173 2419 3036 3238
7193 4 2 10 2 1805 1803 3032 3364
7194 4 2 10 2 2451 2103 2837 3695
7195 4 2 10 2 1824 2041 1762 2801
7196 4 2 10 2 2163 2857 2720 2987
7197 4 2 10 2 1570 2377 2684 3313
7198 4 2 10 2 2183 2369 3035 3507
7199 4 2 10 2 1076 2340 1048 3109
7200 4 2 10 2 2211 2396 2450 3510
7201 4 2 10 2 2437 3267 3152 3445
7202 4 2 10 2 2288 2088 2766 3145
7203 4 2 10 2 1166 1316 1277 3060
7204 4 2 10 2 1457 2526 1234 2736
7205 4 2 10 2 950 2316 951 2922
7206 4 2 10 2 2757 3391 2906 3406
7207 4 2 10 2 2324 2442 2151 3560
7208 4 2 10 2 1717 1944 3154 3346
7209 4 2 10 2 2362 3648 2307 3710
7210 4 2 10 2 3242 3591 2336 3624
7211 4 2 10 2 2216 2710 2617 3475
7212 4 2 10 2 1145 3064 2352 3388
7213 4 2 10 2 579 2678 1223 2835
7214 4 2 10 2 917 2677 3505 3713
7215 4 2 10 2 2663 3338 507 3528
7216 4 2 10 2 2061 3267 2910 3445
7217 4 2 10 2 2127 2975 2640 3283
7218 4 2 10 2 2151 2563 3151 3290
7219 4 2 10 2 2416 2853 2356 3404
7220 4 2 10 2 2166 3285 2389 3521
7221 4 2 10 2 2256 2506 2455 3745
7222 4 2 10 2 567 2359 42 3382
7223 4 2 10 2 1065 2375 1303 3566
7224 4 2 10 2 2447 2811 2281 3699
7225 4 2 10 2 2486 2116 2728 3378
7226 4 2 10 2 1797 2753 3660 3727
7227 4 2 10 2 1104 1148 2700 3136
7228 4 2 10 2 624 2842 626 3050
7229 4 2 10 2 2341 2105 2778 3667
7230 4 2 10 2 1806 1686 2396 3083
7231 4 2 10 2 2227 2693 2327 2934
7232 4 2 10 2 2074 2441 3115 3363
7233 4 2 10 2 812 686 791 2643
7234 4 2 10 2 1098 2740 3311 3566
7235 4 2 10 2 2599 3039 2228 3402
7236 4 2 10 2 2116 2466 2438 3318
7237 4 2 10 2 2352 2417 2288 3305
7238 4 2 10 2 1035 1354 2323 3056
7239 4 2 10 2 953 960 2701 3044
7240 4 2 10 2 3502 3600 1876 3757
7241 4 2 10 2 420 3118 2253 3381
7242 4 2 10 2 2181 2293 2731 3694
7243 4 2 10 2 2179 2884 2414 3268
7244 4 2 10 2 2290 3006 2060 3321
7245 4 2 10 2 1337 3018 2368 3219
7246 4 2 10 2 2269 3166 2380 3373
7247 4 2 10 2 314 312 2489 2979
7248 4 2 10 2 1834 2942 2272 3621
7249 4 2 10 2 2157 2357 2885 2958
7250 4 2 10 2 415 508 2663 3263
7251 4 2 10 2 2279 2926 2473 3253
7252 4 2 10 2 2160 2316 3211 3550
7253 4 2 10 2 2117 3380 2596 3574
7254 4 2 10 2 2545 2887 2200 3063
7255 4 2 10 2 1652 1651 1650 3689
7256 4 2 10 2 680 2933 682 3560
7257 4 2 10 2 340 470 2686 3758
7258 4 2 10 2 2572 3289 756 3478
7259 4 2 10 2 2152 2607 2703 2985
7260 4 2 10 2 1621 2982 2319 3339
7261 4 2 10 2 2171 2441 2647 2919
7262 4 2 10 2 1907 2878 1582 2972
7263 4 2 10 2 2216 2683 2581 3150
7264 4 2 10 2 347 346 348 2390
7265 4 2 10 2 2184 2289 2560 3567
7266 4 2 10 2 2130 2538 2387 2943
7267 4 2 10 2 2467 3032 612 3178
7268 4 2 10 2 1059 3103 2658 3270
7269 4 2 10 2 1841 3265 2673 3640
7270 4 2 10 2 2168 2379 2637 3340
7271 4 2 10 2 1691 1812 2750 3354
7272 4 2 10 2 2118 2271 2601 3444
7273 4 2 10 2 403 2724 2310 3142
7274 4 2 10 2 2118 2271 2932 3019
7275 4 2 10 2 711 2993 2415 3168
7276 4 2 10 2 2036 1867 3005 3439
7277 4 2 10 2 2625 3148 1322 3282
7278 4 2 10 2 2151 2302 2676 3085
7279 4 2 10 2 2227 2554 2327 2831
7280 4 2 10 2 2109 2537 2518 2992
7281 4 2 10 2 2099 2885 2332 3320
7282 4 2 10 2 2227 2327 2554 2934
7283 4 2 10 2 1675 3561 2795 3703
7284 4 2 10 2 652 2470 2941 3609
7285 4 2 10 2 2273 2795 2338 3561
7286 4 2 10 2 2162 2655 2528 2798
7287 4 2 10 2 993 996 1007 2997
7288 4 2 10 2 2099 2332 2628 2954
7289 4 2 10 2 2447 2281 3352 3699
7290 4 2 10 2 2109 2333 2794 3409
7291 4 2 10 2 745 1941 593 3133
7292 4 2 10 2 2327 2067 2554 2934
7293 4 2 10 2 2178 2465 2520 3624
7294 4 2 10 2 465 2590 3005 3464
7295 4 2 10 2 2543 2665 1134 3374
7296 4 2 10 2 2270 2179 2954 3268
7297 4 2 10 2 972 1025 2727 2860
7298 4 2 10 2 1602 2422 1601 3192
7299 4 2 10 2 993 992 994 2997
7300 4 2 10 2 2079 2570 3146 3158
7301 4 2 10 2 1298 2335 2821 3173
7302 4 2 10 2 2694 2980 2741 3458
7303 4 2 10 2 2328 2918 1907 3120
7304 4 2 10 2 2099 2332 2954 3320
7305 4 2 10 2 2288 2937 2088 3145
7306 4 2 10 2 2105 2370 3114 3408
7307 4 2 10 2 917 1368 2677 3713
7308 4 2 10 2 1907 2918 2328 2972
7309 4 2 10 2 2314 2988 2399 3332
7310 4 2 10 2 2564 2915 1893 3154
7311 4 2 10 2 1677 3375 2781 3693
7312 4 2 10 2 2451 3103 2205 3471
7313 4 2 10 2 2116 2486 2869 3627
7314 4 2 10 2 3133 3414 747 3745
7315 4 2 10 2 2600 2794 1532 3409
7316 4 2 10 2 456 2557 2484 3625
7317 4 2 10 2 918 2386 920 3041
7318 4 2 10 2 1393 299 906 2430
7319 4 2 10 2 2295 2418 2780 2901
7320 4 2 10 2 1925 530 2035 2641
7321 4 2 10 2 2147 2542 2953 3469
7322 4 2 10 2 1731 1745 3077 3479
7323 4 2 10 2 2792 3244 3183 3642
7324 4 2 10 2 2199 2695 2412 2949
7325 4 2 10 2 2063 2320 2525 3175
7326 4 2 10 2 1104 1148 1100 2700
7327 4 2 10 2 1022 1247 3257 3733
7328 4 2 10 2 2178 2520 2775 3624
7329 4 2 10 2 2631 3018 2278 3483
7330 4 2 10 2 842 734 2276 3132
7331 4 2 10 2 2358 2219 2936 3258
7332 4 2 10 2 2349 2490 2220 3263
7333 4 2 10 2 2062 2976 3107 3126
7334 4 2 10 2 2560 2906 2757 3391
7335 4 2 10 2 2081 2996 2886 3459
7336 4 2 10 2 1042 1039 3018 3219
7337 4 2 10 2 1584 2533 1578 2883
7338 4 2 10 2 2110 2282 3104 3161
7339 4 2 10 2 2162 2528 2792 2798
7340 4 2 10 2 2438 2963 2323 3601
7341 4 2 10 2 383 385 384 2856
7342 4 2 10 2 2541 2839 2261 2968
7343 4 2 10 2 2266 3434 2868 3539
7344 4 2 10 2 2986 3355 2425 3690
7345 4 2 10 2 926 1301 3072 3556
7346 4 2 10 2 2711 2302 3134 3290
7347 4 2 10 2 2622 2943 2387 3304
7348 4 2 10 2 1824 1708 2297 3375
7349 4 2 10 2 2289 2906 2560 3567
7350 4 2 10 2 1847 1733 2353 2862
7351 4 2 10 2 642 3355 2986 3690
7352 4 2 10 2 2167 2296 3008 3746
7353 4 2 10 2 1921 2007 2899 3474
7354 4 2 10 2 2061 2528 2910 3267
7355 4 2 10 2 1159 1349 1158 3056
7356 4 2 10 2 1473 3197 2864 3251
7357 4 2 10 2 2330 2953 3155 3647
7358 4 2 10 2 348 2390 346 3464
7359 4 2 10 2 520 2805 3210 3343
7360 4 2 10 2 2194 2557 3319 3715
7361 4 2 10 2 2096 2445 2792 2798
7362 4 2 10 2 1908 1682 1702 3127
7363 4 2 10 2 2318 3393 1467 3723
7364 4 2 10 2 2437 2300 3152 3267
7365 4 2 10 2 2311 3600 3502 3757
7366 4 2 10 2 1615 3084 2840 3277
7367 4 2 10 2 1186 2496 1185 2830
7368 4 2 10 2 2136 2788 2360 3665
7369 4 2 10 2 1584 1572 2533 3424
7370 4 2 10 2 2119 2403 2373 3363
7371 4 2 10 2 2451 3025 2347 3374
7372 4 2 10 2 1673 2795 1681 2939
7373 4 2 10 2 2096 3603 2551 3739
7374 4 2 10 2 2327 2693 2227 3480
7375 4 2 10 2 1603 1847 1733 2353
7376 4 2 10 2 2098 2669 2523 2921
7377 4 2 10 2 2458 2621 325 2969
7378 4 2 10 2 1855 2711 1815 3085
7379 4 2 10 2 2200 2545 2475 2887
7380 4 2 10 2 2078 2719 2321 3514
7381 4 2 10 2 2129 2680 2706 3342
7382 4 2 10 2 2199 2412 2695 3540
7383 4 2 10 2 2193 2853 2712 3738
7384 4 2 10 2 3094 3116 2193 3469
7385 4 2 10 2 995 1251 1356 3288
7386 4 2 10 2 2295 2627 1179 3415
7387 4 2 10 2 2667 2806 2132 3385
7388 4 2 10 2 1735 2294 2692 3012
7389 4 2 10 2 2192 2862 2641 3307
7390 4 2 10 2 2090 2454 3449 3755
7391 4 2 10 2 2392 2732 2267 3218
7392 4 2 10 2 2111 2719 2596 3157
7393 4 2 10 2 1731 1987 2610 3225
7394 4 2 10 2 2220 3273 2349 3604
7395 4 2 10 2 2171 2709 2573 3438
7396 4 2 10 2 2062 3039 2413 3740
7397 4 2 10 2 2233 3038 2988 3389
7398 4 2 10 2 2114 2625 2545 3468
7399 4 2 10 2 2327 2693 2118 2934
7400 4 2 10 2 2681 3404 2356 3650
7401 4 2 10 2 661 659 815 2973
7402 4 2 10 2 2229 2777 2424 2914
7403 4 2 10 2 2223 2554 2831 3036
7404 4 2 10 2 2546 2567 2378 3334
7405 4 2 10 2 2601 3002 2161 3444
7406 4 2 10 2 2298 2504 2170 3436
7407 4 2 10 2 2167 3433 2488 3746
7408 4 2 10 2 1215 2818 2738 3581
7409 4 2 10 2 2681 2231 3331 3650
7410 4 2 10 2 1525 788 1999 3051
7411 4 2 10 2 2464 3434 2266 3539
7412 4 2 10 2 2225 2720 2433 3078
7413 4 2 10 2 2063 2843 2487 3096
7414 4 2 10 2 238 2620 2667 3629
7415 4 2 10 2 2265 2640 2975 3283
7416 4 2 10 2 2353 2957 2402 3531
7417 4 2 10 2 395 3230 2520 3295
7418 4 2 10 2 2422 2428 2260 3346
7419 4 2 10 2 487 3343 3210 3620
7420 4 2 10 2 2771 2846 2421 3079
7421 4 2 10 2 2078 2719 2521 2990
7422 4 2 10 2 2204 2611 2461 3027
7423 4 2 10 2 2153 2995 2868 3539
7424 4 2 10 2 2130 3322 2538 3527
7425 4 2 10 2 2362 2650 2205 2772
7426 4 2 10 2 1184 2787 1151 3551
7427 4 2 10 2 1951 3045 1696 3530
7428 4 2 10 2 2296 2818 2495 2996
7429 4 2 10 2 2174 2431 2323 3455
7430 4 2 10 2 2738 3301 722 3485
7431 4 2 10 2 1944 3125 2428 3346
7432 4 2 10 2 1658 2583 2586 3074
7433 4 2 10 2 1334 947 2867 3048
7434 4 2 10 2 2370 2792 3102 3739
7435 4 2 10 2 2063 2525 2320 2961
7436 4 2 10 2 2389 2700 2166 3521
7437 4 2 10 2 2686 3078 2433 3758
7438 4 2 10 2 2214 2390 2890 3464
7439 4 2 10 2 2280 2179 2643 3089
7440 4 2 10 2 1866 2773 2321 3138
7441 4 2 10 2 252 2806 236 2917
7442 4 2 10 2 2259 2935 2930 3411
7443 4 2 10 2 1116 1115 1117 2401
7444 4 2 10 2 2438 3318 2466 3448
7445 4 2 10 2 2352 3064 2553 3388
7446 4 2 10 2 2572 2643 2179 3089
7447 4 2 10 2 2616 2958 2157 3087
7448 4 2 10 2 2597 2772 2117 3648
7449 4 2 10 2 2888 3030 2522 3187
7450 4 2 10 2 2214 3163 2439 3315
7451 4 2 10 2 2843 3096 2743 3501
7452 4 2 10 2 586 2690 1435 2767
7453 4 2 10 2 1785 2756 3125 3346
7454 4 2 10 2 1488 2756 582 3125
7455 4 2 10 2 1076 1048 1063 3109
7456 4 2 10 2 2128 2591 2516 3606
7457 4 2 10 2 2369 2901 2418 2973
7458 4 2 10 2 3122 3265 2673 3526
7459 4 2 10 2 1159 3056 1158 3358
7460 4 2 10 2 2164 2394 2629 2779
7461 4 2 10 2 2418 2780 2369 2973
7462 4 2 10 2 593 1941 1484 3133
7463 4 2 10 2 2795 3561 2273 3703
7464 4 2 10 2 2433 3078 2686 3447
7465 4 2 10 2 2321 2773 1866 3231
7466 4 2 10 2 989 991 2342 3019
7467 4 2 10 2 844 2742 709 3554
7468 4 2 10 2 2063 2392 2487 2843
7469 4 2 10 2 1675 2795 2906 3703
7470 4 2 10 2 2097 3091 3087 3376
7471 4 2 10 2 2395 2505 2218 3092
7472 4 2 10 2 2166 2562 2314 3332
7473 4 2 10 2 2065 2744 2469 2953
7474 4 2 10 2 635 2507 3289 3467
7475 4 2 10 2 1615 1844 3084 3277
7476 4 2 10 2 757 632 634 2902
7477 4 2 10 2 2374 3158 2570 3583
7478 4 2 10 2 1380 1223 2678 2835
7479 4 2 10 2 2277 1084 2855 3220
7480 4 2 10 2 2096 2798 2792 3603
7481 4 2 10 2 2146 2582 2567 2967
7482 4 2 10 2 2499 2736 1457 3000
7483 4 2 10 2 2523 2921 2669 3333
7484 4 2 10 2 2087 2380 3236 3572
7485 4 2 10 2 2796 3410 3163 3665
7486 4 2 10 2 2520 3230 2465 3295
7487 4 2 10 2 639 3137 2507 3557
7488 4 2 10 2 2143 2295 2815 2984
7489 4 2 10 2 1570 2684 2377 3128
7490 4 2 10 2 2070 2518 3271 3487
7491 4 2 10 2 13 2741 2694 2980
7492 4 2 10 2 1913 2298 1912 3636
7493 4 2 10 2 2705 3204 2376 3625
7494 4 2 10 2 2532 2796 2214 3003
7495 4 2 10 2 1289 1165 1068 3297
7496 4 2 10 2 454 3005 1867 3439
7497 4 2 10 2 2237 2567 2546 3334
7498 4 2 10 2 2173 3036 2483 3238
7499 4 2 10 2 426 3464 3005 3504
7500 4 2 10 2 2488 2676 2302 3400
7501 4 2 10 2 2971 3307 2247 3591
7502 4 2 10 2 1584 1572 1578 2533
7503 4 2 10 2 609 3132 2660 3405
7504 4 2 10 2 1513 310 306 2640
7505 4 2 10 2 2195 3399 2482 3461
7506 4 2 10 2 2247 3242 2465 3624
7507 4 2 10 2 1534 2600 3241 3671
7508 4 2 10 2 868 141 873 2731
7509 4 2 10 2 2130 2309 3322 3527
7510 4 2 10 2 2081 2886 2488 3459
7511 4 2 10 2 2194 2490 3273 3575
7512 4 2 10 2 1086 2747 2416 3298
7513 4 2 10 2 2446 2610 1731 3479
7514 4 2 10 2 316 315 314 2355
7515 4 2 10 2 1834 2471 1546 2956
7516 4 2 10 2 2303 3193 2408 3259
7517 4 2 10 2 395 2465 3230 3295
7518 4 2 10 2 1123 1122 2349 3575
7519 4 2 10 2 1617 2384 1830 2822
7520 4 2 10 2 2060 2926 3071 3547
7521 4 2 10 2 2200 2887 2703 3063
7522 4 2 10 2 1276 2867 2826 3048
7523 4 2 10 2 2185 2925 2461 3106
7524 4 2 10 2 2490 3263 2349 3575
7525 4 2 10 2 2304 2830 2553 3205
7526 4 2 10 2 2729 2973 664 3434
7527 4 2 10 2 2440 2924 2134 3426
7528 4 2 10 2 2172 2308 2939 3451
7529 4 2 10 2 2128 2516 2311 3600
7530 4 2 10 2 1597 1715 2711 2915
7531 4 2 10 2 2503 2837 2103 3695
7532 4 2 10 2 2077 3606 2283 3714
7533 4 2 10 2 1717 2422 1716 3346
7534 4 2 10 2 2749 3185 1245 3616
7535 4 2 10 2 1891 1688 2546 2664
7536 4 2 10 2 370 371 2578 2805
7537 4 2 10 2 659 2780 660 2907
7538 4 2 10 2 2126 2904 2435 3015
7539 4 2 10 2 2742 3554 844 3720
7540 4 2 10 2 2194 2705 2557 3715
7541 4 2 10 2 250 236 252 2806
7542 4 2 10 2 316 2355 314 3201
7543 4 2 10 2 2314 2166 3332 3571
7544 4 2 10 2 662 2369 661 2973
7545 4 2 10 2 2375 2543 2228 3039
7546 4 2 10 2 2137 2730 2646 3016
7547 4 2 10 2 344 2592 345 3095
7548 4 2 10 2 2154 2930 2935 3411
7549 4 2 10 2 2131 2317 2746 3048
7550 4 2 10 2 975 965 1305 2765
7551 4 2 10 2 2335 3059 2821 3508
7552 4 2 10 2 2420 2887 2156 3200
7553 4 2 10 2 2782 2918 2139 3120
7554 4 2 10 2 1988 2790 1686 3083
7555 4 2 10 2 2257 2807 2173 3457
7556 4 2 10 2 2141 2714 2356 3431
7557 4 2 10 2 1501 2721 266 3732
7558 4 2 10 2 2077 2759 2283 3606
7559 4 2 10 2 2177 2294 3367 3716
7560 4 2 10 2 2172 2748 2289 3628
7561 4 2 10 2 1738 3068 1691 3651
7562 4 2 10 2 1177 2352 3070 3388
7563 4 2 10 2 2699 2264 3321 3696
7564 4 2 10 2 1691 3068 2383 3651
7565 4 2 10 2 1411 1225 2561 2761
7566 4 2 10 2 487 3210 2505 3620
7567 4 2 10 2 2399 3276 3159 3349
7568 4 2 10 2 2501 2518 2070 3240
7569 4 2 10 2 732 2507 638 3137
7570 4 2 10 2 1834 2942 2471 2956
7571 4 2 10 2 2389 3437 3042 3543
7572 4 2 10 2 2076 2811 2447 3699
7573 4 2 10 2 2077 2283 2846 3714
7574 4 2 10 2 2716 2758 2334 3623
7575 4 2 10 2 677 711 3168 3301
7576 4 2 10 2 299 515 906 2430
7577 4 2 10 2 2083 3209 3153 3491
7578 4 2 10 2 2360 3163 2796 3410
7579 4 2 10 2 485 483 300 2626
7580 4 2 10 2 2103 2543 3039 3402
7581 4 2 10 2 2373 2613 2119 2765
7582 4 2 10 2 2126 2872 2606 3690
7583 4 2 10 2 2438 3136 2825 3186
7584 4 2 10 2 2381 2709 1547 3489
7585 4 2 10 2 2131 2374 2713 3250
7586 4 2 10 2 2399 2988 34 3389
7587 4 2 10 2 1942 443 2489 3594
7588 4 2 10 2 2874 3284 2452 3514
7589 4 2 10 2 2148 2972 2878 3187
7590 4 2 10 2 2774 3367 2603 3716
7591 4 2 10 2 2372 2773 1892 3199
7592 4 2 10 2 1551 2315 1545 3243
7593 4 2 10 2 2078 2579 3212 3514
7594 4 2 10 2 2551 3603 2341 3739
7595 4 2 10 2 1271 2565 3425 3728
7596 4 2 10 2 1411 1203 1211 2760
7597 4 2 10 2 1005 2580 2438 2963
7598 4 2 10 2 2177 3012 2294 3716
7599 4 2 10 2 2398 2885 2157 3171
7600 4 2 10 2 2283 2121 2771 2846
7601 4 2 10 2 2093 2788 2386 3328
7602 4 2 10 2 2178 3197 2581 3251
7603 4 2 10 2 2175 3331 2790 3650
7604 4 2 10 2 1766 2731 1767 3296
7605 4 2 10 2 2444 2425 3355 3690
7606 4 2 10 2 1509 597 1984 2823
7607 4 2 10 2 1652 2456 1654 3379
7608 4 2 10 2 2091 2714 2356 3494
7609 4 2 10 2 2853 3404 2091 3431
7610 4 2 10 2 2164 2931 2443 3152
7611 4 2 10 2 1617 1618 2773 3199
7612 4 2 10 2 2200 3387 2545 3468
7613 4 2 10 2 139 569 838 2293
7614 4 2 10 2 2105 3114 2519 3408
7615 4 2 10 2 2145 2584 2500 2668
7616 4 2 10 2 315 2653 2355 3437
7617 4 2 10 2 2319 2140 2946 3573
7618 4 2 10 2 407 458 2526 2674
7619 4 2 10 2 2330 3155 2539 3647
7620 4 2 10 2 2214 2890 2590 3464
7621 4 2 10 2 2489 2979 2355 3201
7622 4 2 10 2 2305 2343 3191 3586
7623 4 2 10 2 2041 2297 1708 3465
7624 4 2 10 2 2205 2650 2503 3695
7625 4 2 10 2 2170 2504 2298 2861
7626 4 2 10 2 2053 1520 1957 2484
7627 4 2 10 2 2217 2367 2600 3014
7628 4 2 10 2 2200 2475 2703 2887
7629 4 2 10 2 616 2350 615 3262
7630 4 2 10 2 2191 2606 2435 2872
7631 4 2 10 2 2140 2319 2946 2982
7632 4 2 10 2 2493 2140 2946 2982
7633 4 2 10 2 849 2506 709 2742
7634 4 2 10 2 2522 2929 2148 3187
7635 4 2 10 2 2228 2658 3103 3270
7636 4 2 10 2 2201 2684 2656 2763
7637 4 2 10 2 1580 3029 1581 3174
7638 4 2 10 2 2064 3332 3283 3349
7639 4 2 10 2 2382 2621 2098 2969
7640 4 2 10 2 994 2997 2595 3492
7641 4 2 10 2 2148 2391 2929 3117
7642 4 2 10 2 1383 1393 2430 2870
7643 4 2 10 2 2096 2445 2798 3603
7644 4 2 10 2 2076 2447 3009 3352
7645 4 2 10 2 2686 2433 3447 3758
7646 4 2 10 2 2077 2846 2759 3622
7647 4 2 10 2 2197 2742 2506 2970
7648 4 2 10 2 2376 2139 3384 3625
7649 4 2 10 2 2118 2693 2601 3019
7650 4 2 10 2 1661 3329 3281 3567
7651 4 2 10 2 961 953 960 2701
7652 4 2 10 2 2585 2378 2791 3658
7653 4 2 10 2 625 627 626 2385
7654 4 2 10 2 2587 2681 2356 3494
7655 4 2 10 2 2174 2323 3131 3455
7656 4 2 10 2 2044 1775 2439 2752
7657 4 2 10 2 2455 2742 2305 3554
7658 4 2 10 2 2081 2996 3008 3539
7659 4 2 10 2 586 770 2690 2767
7660 4 2 10 2 2445 2603 2066 3670
7661 4 2 10 2 2271 3002 2547 3595
7662 4 2 10 2 827 2415 681 3168
7663 4 2 10 2 734 3132 609 3405
7664 4 2 10 2 2493 2140 2982 3677
7665 4 2 10 2 2225 2677 2291 2947
7666 4 2 10 2 1389 594 762 2357
7667 4 2 10 2 2462 3310 2829 3682
7668 4 2 10 2 1088 2553 1087 3421
7669 4 2 10 2 2091 3494 3181 3694
7670 4 2 10 2 1580 2504 3029 3174
7671 4 2 10 2 1229 2693 1442 3019
7672 4 2 10 2 316 3046 2355 3201
7673 4 2 10 2 2076 2447 3352 3699
7674 4 2 10 2 2197 2305 2970 3466
7675 4 2 10 2 2273 2652 2098 3322
7676 4 2 10 2 2245 2758 2716 3623
7677 4 2 10 2 2167 2373 3433 3470
7678 4 2 10 2 2676 2840 2324 3085
7679 4 2 10 2 1197 2836 1344 2879
7680 4 2 10 2 2189 3365 2630 3520
7681 4 2 10 2 2132 2655 2667 2776
7682 4 2 10 2 2131 2867 2374 3250
7683 4 2 10 2 2229 2704 3176 3359
7684 4 2 10 2 635 2398 3171 3467
7685 4 2 10 2 1674 1666 1673 2795
7686 4 2 10 2 762 2767 2357 3171
7687 4 2 10 2 1245 2749 2512 3185
7688 4 2 10 2 1152 1199 2426 2807
7689 4 2 10 2 2276 2712 2853 3738
7690 4 2 10 2 1502 2590 1788 3005
7691 4 2 10 2 2178 2465 2617 2710
7692 4 2 10 2 1219 2644 1413 3086
7693 4 2 10 2 2235 2694 2858 3490
7694 4 2 10 2 1107 2637 2855 3743
7695 4 2 10 2 34 2988 523 3389
7696 4 2 10 2 2308 2633 2172 3711
7697 4 2 10 2 2103 2819 2453 3055
7698 4 2 10 2 2459 3335 2366 3347
7699 4 2 10 2 822 2660 609 3132
7700 4 2 10 2 2637 2855 2154 3202
7701 4 2 10 2 2060 2279 2642 3611
7702 4 2 10 2 2313 2848 2633 3451
7703 4 2 10 2 642 2425 2986 3355
7704 4 2 10 2 2650 3088 2844 3695
7705 4 2 10 2 680 2442 678 3168
7706 4 2 10 2 2103 2453 2837 3055
7707 4 2 10 2 344 343 2880 3095
7708 4 2 10 2 2175 2542 2469 2681
7709 4 2 10 2 1588 1851 2861 3641
7710 4 2 10 2 2101 2278 2800 2871
7711 4 2 10 2 1040 2631 1039 3219
7712 4 2 10 2 1735 1993 2294 3256
7713 4 2 10 2 2122 2656 2684 2763
7714 4 2 10 2 41 3105 2331 3654
7715 4 2 10 2 2118 2932 2271 3444
7716 4 2 10 2 2806 2917 2132 3385
7717 4 2 10 2 2301 3660 2753 3727
7718 4 2 10 2 1135 1275 2451 2845
7719 4 2 10 2 2022 2336 1859 3637
7720 4 2 10 2 2751 3044 2701 3574
7721 4 2 10 2 2127 2653 2355 2979
7722 4 2 10 2 2410 2858 2123 3078
7723 4 2 10 2 2531 2787 2105 3408
7724 4 2 10 2 2592 2911 2093 3163
7725 4 2 10 2 2408 2557 2194 3273
7726 4 2 10 2 2598 2865 2417 3673
7727 4 2 10 2 2202 3514 2452 3545
7728 4 2 10 2 2293 3132 2479 3431
7729 4 2 10 2 372 2805 491 2928
7730 4 2 10 2 2288 2176 2928 3145
7731 4 2 10 2 2112 2877 2284 3390
7732 4 2 10 2 1624 2982 1621 3339
7733 4 2 10 2 2103 2837 2819 3055
7734 4 2 10 2 246 240 17 2917
7735 4 2 10 2 616 3106 2350 3262
7736 4 2 10 2 1427 2531 804 2787
7737 4 2 10 2 306 1513 2640 3330
7738 4 2 10 2 1229 1442 2693 3480
7739 4 2 10 2 455 2484 456 3439
7740 4 2 10 2 2458 2621 2213 3535
7741 4 2 10 2 509 3105 41 3654
7742 4 2 10 2 2078 2521 2579 2990
7743 4 2 10 2 2185 2468 3094 3106
7744 4 2 10 2 952 951 2316 3044
7745 4 2 10 2 2183 3154 3049 3507
7746 4 2 10 2 2103 2665 2543 3374
7747 4 2 10 2 1087 2553 1088 3064
7748 4 2 10 2 2356 2897 2147 3404
7749 4 2 10 2 1414 3581 1476 3735
7750 4 2 10 2 2643 3279 2280 3417
7751 4 2 10 2 2313 2633 2172 3451
7752 4 2 10 2 2268 2976 2359 3107
7753 4 2 10 2 2474 2146 2582 2800
7754 4 2 10 2 1899 3129 1909 3712
7755 4 2 10 2 2273 2906 2795 3703
7756 4 2 10 2 440 271 540 3223
7757 4 2 10 2 2538 3322 2309 3527
7758 4 2 10 2 2085 2545 2475 3387
7759 4 2 10 2 2243 2505 2395 3210
7760 4 2 10 2 263 265 2689 3038
7761 4 2 10 2 2205 2503 2650 2952
7762 4 2 10 2 2285 3203 2225 3317
7763 4 2 10 2 2108 2811 3384 3516
7764 4 2 10 2 2248 3269 2887 3612
7765 4 2 10 2 2098 2621 2382 3692
7766 4 2 10 2 1912 2298 2861 3636
7767 4 2 10 2 340 379 470 3758
7768 4 2 10 2 2077 2964 3119 3446
7769 4 2 10 2 452 297 2365 3564
7770 4 2 10 2 2162 2494 2528 3267
7771 4 2 10 2 2692 3183 2792 3244
7772 4 2 10 2 2106 2695 2412 3540
7773 4 2 10 2 358 2376 3204 3625
7774 4 2 10 2 1437 2824 3261 3654
7775 4 2 10 2 1943 2646 744 2730
7776 4 2 10 2 1668 1659 3129 3619
7777 4 2 10 2 2605 2946 2319 2982
7778 4 2 10 2 2581 3022 1345 3399
7779 4 2 10 2 1546 1549 2956 2983
7780 4 2 10 2 2325 2160 2922 3335
7781 4 2 10 2 2215 2618 2759 3306
7782 4 2 10 2 2036 3439 2303 3590
7783 4 2 10 2 719 792 2563 3151
7784 4 2 10 2 1834 1571 2942 3621
7785 4 2 10 2 2990 3231 2170 3514
7786 4 2 10 2 1770 2022 1924 3054
7787 4 2 10 2 2125 2673 3122 3265
7788 4 2 10 2 2278 2871 2101 3020
7789 4 2 10 2 2472 2168 2746 3240
7790 4 2 10 2 678 2442 680 3560
7791 4 2 10 2 2234 2645 2644 3491
7792 4 2 10 2 2052 2467 2916 3082
7793 4 2 10 2 1038 1039 1040 2631
7794 4 2 10 2 2099 2507 2889 3407
7795 4 2 10 2 1101 1192 3358 3543
7796 4 2 10 2 1278 2839 2630 3520
7797 4 2 10 2 2238 2494 2620 3267
7798 4 2 10 2 452 2365 2802 3224
7799 4 2 10 2 2509 2125 3265 3657
7800 4 2 10 2 945 2682 2555 2867
7801 4 2 10 2 2168 2739 2534 3340
7802 4 2 10 2 2156 2887 2545 3200
7803 4 2 10 2 2323 3448 2438 3601
7804 4 2 10 2 2150 2451 2837 3695
7805 4 2 10 2 2291 2688 2225 2880
7806 4 2 10 2 2609 2865 378 2928
7807 4 2 10 2 284 1957 1520 2484
7808 4 2 10 2 2331 2208 2955 3105
7809 4 2 10 2 2157 2885 2368 2958
7810 4 2 10 2 1568 2878 2287 3174
7811 4 2 10 2 2231 2681 2587 3494
7812 4 2 10 2 2178 2710 2581 3197
7813 4 2 10 2 2213 2659 2458 3535
7814 4 2 10 2 1763 2034 3089 3656
7815 4 2 10 2 2088 2288 2766 3533
7816 4 2 10 2 1057 2658 1054 3270
7817 4 2 10 2 2481 2924 1543 3243
7818 4 2 10 2 1471 2417 273 3673
7819 4 2 10 2 2418 2153 2995 3370
7820 4 2 10 2 616 763 3106 3262
7821 4 2 10 2 2093 3328 2688 3490
7822 4 2 10 2 2094 2362 2874 3659
7823 4 2 10 2 2150 2602 2374 3646
7824 4 2 10 2 2548 2910 2161 3238
7825 4 2 10 2 2138 2364 2582 2909
7826 4 2 10 2 2379 3119 2534 3340
7827 4 2 10 2 2209 2433 3078 3758
7828 4 2 10 2 2660 3132 2276 3405
7829 4 2 10 2 2172 2289 3255 3628
7830 4 2 10 2 2164 2300 3152 3177
7831 4 2 10 2 1679 2383 2750 3587
7832 4 2 10 2 2435 2606 2126 2872
7833 4 2 10 2 1222 2499 1312 3683
7834 4 2 10 2 393 2621 322 2994
7835 4 2 10 2 1948 2892 2575 2957
7836 4 2 10 2 2270 2179 2884 2954
7837 4 2 10 2 1325 3220 2277 3751
7838 4 2 10 2 2557 3384 2139 3625
7839 4 2 10 2 2545 3387 2085 3468
7840 4 2 10 2 2832 3195 3124 3679
7841 4 2 10 2 2102 2433 3304 3403
7842 4 2 10 2 1197 1196 2715 2879
7843 4 2 10 2 2106 2949 2695 3491
7844 4 2 10 2 2200 2607 3031 3121
7845 4 2 10 2 1437 3261 1332 3654
7846 4 2 10 2 1962 2324 1800 2920
7847 4 2 10 2 1156 1241 1265 3298
7848 4 2 10 2 1577 2384 2773 3138
7849 4 2 10 2 2359 567 3090 3382
7850 4 2 10 2 2760 3036 2444 3557
7851 4 2 10 2 662 2973 2729 3507
7852 4 2 10 2 2825 3136 2371 3186
7853 4 2 10 2 2501 2070 2935 3240
7854 4 2 10 2 2205 2658 3103 3402
7855 4 2 10 2 2492 3362 2497 3707
7856 4 2 10 2 2137 3191 3097 3497
7857 4 2 10 2 2336 2670 2226 3624
7858 4 2 10 2 1537 2702 2406 2948
7859 4 2 10 2 516 2517 419 3204
7860 4 2 10 2 1257 2828 3147 3522
7861 4 2 10 2 2759 2846 2446 3622
7862 4 2 10 2 2151 2711 2563 3290
7863 4 2 10 2 1256 2335 1279 3067
7864 4 2 10 2 2578 3069 2352 3070
7865 4 2 10 2 1912 2861 2722 3636
7866 4 2 10 2 2089 2397 3164 3726
7867 4 2 10 2 1473 1189 3197 3251
7868 4 2 10 2 2208 3021 2891 3107
7869 4 2 10 2 257 2437 23 3629
7870 4 2 10 2 1806 2396 3004 3083
7871 4 2 10 2 2557 3193 2194 3273
7872 4 2 10 2 2303 3005 2556 3259
7873 4 2 10 2 2609 2928 378 3287
7874 4 2 10 2 644 2986 2425 3102
7875 4 2 10 2 2224 2749 2512 3341
7876 4 2 10 2 520 3210 487 3343
7877 4 2 10 2 2277 2855 2637 3202
7878 4 2 10 2 1170 2947 2677 3317
7879 4 2 10 2 1418 2852 2276 3405
7880 4 2 10 2 3356 3662 3129 3712
7881 4 2 10 2 2251 3153 2612 3491
7882 4 2 10 2 635 3289 2398 3467
7883 4 2 10 2 2158 2463 2719 3157
7884 4 2 10 2 2435 2191 2872 3228
7885 4 2 10 2 2198 3432 2634 3733
7886 4 2 10 2 2335 3059 2565 3067
7887 4 2 10 2 1139 1081 1113 2978
7888 4 2 10 2 662 664 2729 2973
7889 4 2 10 2 2075 2332 2833 3512
7890 4 2 10 2 358 3204 2705 3625
7891 4 2 10 2 2296 2809 3351 3433
7892 4 2 10 2 2851 3005 2232 3464
7893 4 2 10 2 2265 2975 2399 3283
7894 4 2 10 2 2341 3603 2896 3739
7895 4 2 10 2 2783 2982 2140 3677
7896 4 2 10 2 2650 3299 2772 3659
7897 4 2 10 2 2632 2959 2119 3153
7898 4 2 10 2 2217 2367 3014 3538
7899 4 2 10 2 2075 2582 2474 3165
7900 4 2 10 2 2387 3304 2726 3345
7901 4 2 10 2 2104 2617 2718 2903
7902 4 2 10 2 2333 2132 2917 3385
7903 4 2 10 2 22 2620 1959 3244
7904 4 2 10 2 2188 2584 2500 3425
7905 4 2 10 2 2429 2500 2285 3614
7906 4 2 10 2 2424 2229 2883 3580
7907 4 2 10 2 2259 2930 2511 3411
7908 4 2 10 2 2350 2797 615 3262
7909 4 2 10 2 2132 2392 2743 2843
7910 4 2 10 2 2198 3257 3186 3733
7911 4 2 10 2 1542 2406 1886 2938
7912 4 2 10 2 2202 2452 2874 3284
7913 4 2 10 2 2556 3005 2232 3259
7914 4 2 10 2 2484 2918 2626 3516
7915 4 2 10 2 2063 2961 2320 3096
7916 4 2 10 2 1909 3451 2313 3519
7917 4 2 10 2 2461 2611 2097 3027
7918 4 2 10 2 2280 3050 790 3279
7919 4 2 10 2 2254 2531 2519 3441
7920 4 2 10 2 2111 2589 2287 3176
7921 4 2 10 2 1551 2924 2315 3243
7922 4 2 10 2 2464 2996 2804 3539
7923 4 2 10 2 2158 3138 2874 3659
7924 4 2 10 2 423 497 2484 3625
7925 4 2 10 2 1530 1915 2537 3237
7926 4 2 10 2 1333 2644 1302 3709
7927 4 2 10 2 2497 3362 2130 3707
7928 4 2 10 2 2245 3380 2521 3574
7929 4 2 10 2 2433 2674 2526 3403
7930 4 2 10 2 1024 2307 1023 3736
7931 4 2 10 2 2656 3433 2403 3470
7932 4 2 10 2 2445 2066 2896 3670
7933 4 2 10 2 757 756 2572 3289
7934 4 2 10 2 2559 2660 2293 3431
7935 4 2 10 2 2518 2537 2427 3487
7936 4 2 10 2 1219 2644 3086 3555
7937 4 2 10 2 628 2385 629 3061
7938 4 2 10 2 1832 2636 2576 3422
7939 4 2 10 2 2469 2542 2147 2681
7940 4 2 10 2 2548 2754 2910 3238
7941 4 2 10 2 2451 2543 2103 3402
7942 4 2 10 2 2642 2991 2473 3547
7943 4 2 10 2 2225 2291 2880 2947
7944 4 2 10 2 2223 2831 3101 3229
7945 4 2 10 2 1179 2984 2295 3708
7946 4 2 10 2 2103 3039 2599 3402
7947 4 2 10 2 2700 3136 2438 3601
7948 4 2 10 2 456 2557 363 3439
7949 4 2 10 2 415 508 3263 3443
7950 4 2 10 2 299 514 2430 2870
7951 4 2 10 2 2200 2703 2607 3063
7952 4 2 10 2 735 1495 761 2535
7953 4 2 10 2 2564 2729 2183 3507
7954 4 2 10 2 2309 2130 2687 3527
7955 4 2 10 2 2066 2896 3202 3481
7956 4 2 10 2 2792 2494 3244 3642
7957 4 2 10 2 2063 2961 2769 3218
7958 4 2 10 2 2397 2891 401 3053
7959 4 2 10 2 2332 3268 2833 3512
7960 4 2 10 2 2006 2977 2505 3495
7961 4 2 10 2 2080 2720 2285 3203
7962 4 2 10 2 1770 1642 2670 2722
7963 4 2 10 2 3064 3069 2253 3118
7964 4 2 10 2 1907 1582 1845 2972
7965 4 2 10 2 2320 3096 2961 3725
7966 4 2 10 2 2158 2719 2321 3157
7967 4 2 10 2 2325 3350 2366 3472
7968 4 2 10 2 1286 2451 1135 3025
7969 4 2 10 2 2073 3063 2887 3482
7970 4 2 10 2 1256 3059 2335 3067
7971 4 2 10 2 1949 2467 592 2916
7972 4 2 10 2 2101 2800 2278 3020
7973 4 2 10 2 2484 2557 2139 3625
7974 4 2 10 2 2059 1815 1814 2563
7975 4 2 10 2 2529 3180 2762 3503
7976 4 2 10 2 2780 3035 2907 3643
7977 4 2 10 2 2297 3375 1708 3465
7978 4 2 10 2 656 2457 657 2780
7979 4 2 10 2 2564 1893 3049 3154
7980 4 2 10 2 2139 2328 2811 2914
7981 4 2 10 2 2255 2740 2380 3156
7982 4 2 10 2 2247 3144 2856 3475
7983 4 2 10 2 33 2988 523 3038
7984 4 2 10 2 1230 1144 2562 3136
7985 4 2 10 2 1872 2982 2783 3677
7986 4 2 10 2 1599 2573 1554 3748
7987 4 2 10 2 1278 3248 2839 3520
7988 4 2 10 2 430 2847 2318 3053
7989 4 2 10 2 2344 2293 2731 3058
7990 4 2 10 2 2223 3036 2760 3557
7991 4 2 10 2 1642 1755 1859 2670
7992 4 2 10 2 2484 2626 2376 3516
7993 4 2 10 2 920 2386 922 3041
7994 4 2 10 2 2136 2525 2544 3073
7995 4 2 10 2 2089 2698 2388 3227
7996 4 2 10 2 626 790 3050 3279
7997 4 2 10 2 2236 2804 2464 3290
7998 4 2 10 2 1922 2641 1848 2862
7999 4 2 10 2 2499 2387 2726 3345
8000 4 2 10 2 2093 2911 2592 3180
8001 4 2 10 2 2139 2811 2328 3516
8002 4 2 10 2 1919 2568 3077 3479
8003 4 2 10 2 2589 3030 2888 3187
8004 4 2 10 2 3163 3490 2263 3665
8005 4 2 10 2 2435 2649 1707 3303
8006 4 2 10 2 2158 2874 2719 3659
8007 4 2 10 2 1504 478 2575 2892
8008 4 2 10 2 537 3053 2318 3189
8009 4 2 10 2 1521 785 2428 3125
8010 4 2 10 2 2414 2884 2179 3089
8011 4 2 10 2 2263 3163 2405 3490
8012 4 2 10 2 2135 2566 2477 3020
8013 4 2 10 2 2457 2941 2618 3452
8014 4 2 10 2 2287 2704 2111 3176
8015 4 2 10 2 1383 2870 2430 2879
8016 4 2 10 2 2107 2591 3606 3617
8017 4 2 10 2 2573 2709 2246 3438
8018 4 2 10 2 2348 3280 2733 3294
8019 4 2 10 2 2936 3634 1323 3742
8020 4 2 10 2 2998 3144 561 3302
8021 4 2 10 2 2093 2409 3328 3490
8022 4 2 10 2 1701 1781 1780 3081
8023 4 2 10 2 2480 2654 2159 3109
8024 4 2 10 2 2185 2468 3106 3190
8025 4 2 10 2 2246 3052 2938 3626
8026 4 2 10 2 2495 2860 2312 2995
8027 4 2 10 2 1665 2795 2289 2906
8028 4 2 10 2 2290 2926 2544 3321
8029 4 2 10 2 1302 2809 3252 3709
8030 4 2 10 2 2205 3103 2451 3402
8031 4 2 10 2 2406 2938 3052 3626
8032 4 2 10 2 2297 2791 2754 3658
8033 4 2 10 2 2178 2617 2581 2710
8034 4 2 10 2 2093 3180 2592 3666
8035 4 2 10 2 1084 1133 1325 3751
8036 4 2 10 2 2386 2788 2155 3547
8037 4 2 10 2 1680 1691 2383 3651
8038 4 2 10 2 2224 2749 2431 3378
8039 4 2 10 2 1907 2918 2972 3495
8040 4 2 10 2 2349 2220 2671 3263
8041 4 2 10 2 2124 2496 2354 3179
8042 4 2 10 2 1341 2512 1245 3056
8043 4 2 10 2 2214 3163 2592 3245
8044 4 2 10 2 2082 2522 2400 3108
8045 4 2 10 2 2148 2929 2391 3187
8046 4 2 10 2 2400 2866 2124 3234
8047 4 2 10 2 1050 3365 2551 3520
8048 4 2 10 2 1891 1833 3023 3379
8049 4 2 10 2 1592 1888 2381 2898
8050 4 2 10 2 2693 2800 2118 3593
8051 4 2 10 2 2576 2636 1832 3281
8052 4 2 10 2 2456 2138 2582 2967
8053 4 2 10 2 2260 2428 2422 3035
8054 4 2 10 2 574 1404 889 2415
8055 4 2 10 2 1584 1585 3424 3484
8056 4 2 10 2 2727 2860 1025 3297
8057 4 2 10 2 1368 3041 2677 3713
8058 4 2 10 2 1354 2749 2323 3056
8059 4 2 10 2 2210 2886 2436 2996
8060 4 2 10 2 2356 2681 2897 3404
8061 4 2 10 2 837 2708 798 3382
8062 4 2 10 2 1303 2375 3113 3515
8063 4 2 10 2 2126 2494 2351 2904
8064 4 2 10 2 2223 2831 2561 3036
8065 4 2 10 2 1536 2702 2940 3241
8066 4 2 10 2 1231 1230 2562 3136
8067 4 2 10 2 1486 606 610 2450
8068 4 2 10 2 2134 2498 2440 2819
8069 4 2 10 2 2357 1182 3229 3635
8070 4 2 10 2 2145 2677 2500 3041
8071 4 2 10 2 2286 2165 2619 3420
8072 4 2 10 2 2102 2526 2499 2736
8073 4 2 10 2 2365 1981 2802 3488
8074 4 2 10 2 2380 2745 2274 3582
8075 4 2 10 2 2383 2768 1680 3651
8076 4 2 10 2 386 3287 2648 3302
8077 4 2 10 2 1015 1069 1319 2482
8078 4 2 10 2 1152 2807 2426 2944
8079 4 2 10 2 1821 1740 1838 2440
8080 4 2 10 2 2201 2377 2684 3128
8081 4 2 10 2 2491 2915 2183 3154
8082 4 2 10 2 1015 2482 2770 3205
8083 4 2 10 2 1834 1546 2471 2942
8084 4 2 10 2 2216 2496 2354 3234
8085 4 2 10 2 2464 3290 2436 3534
8086 4 2 10 2 1599 2938 2723 3748
8087 4 2 10 2 1824 1762 2664 2801
8088 4 2 10 2 2822 3216 2319 3339
8089 4 2 10 2 2178 2864 3197 3251
8090 4 2 10 2 2352 3064 1145 3069
8091 4 2 10 2 2115 2443 2931 3753
8092 4 2 10 2 2163 3391 2757 3406
8093 4 2 10 2 2403 3433 2373 3470
8094 4 2 10 2 2105 2774 2519 3114
8095 4 2 10 2 2357 2966 796 3171
8096 4 2 10 2 1513 1932 310 2640
8097 4 2 10 2 635 796 2966 3171
8098 4 2 10 2 1788 2590 3003 3141
8099 4 2 10 2 2329 2099 2954 3632
8100 4 2 10 2 2355 2653 2127 2814
8101 4 2 10 2 537 430 2318 3053
8102 4 2 10 2 2072 2829 2757 3310
8103 4 2 10 2 2062 2599 2388 3143
8104 4 2 10 2 2363 2921 2608 3718
8105 4 2 10 2 1975 2915 2564 3051
8106 4 2 10 2 2460 2066 2843 3481
8107 4 2 10 2 2137 2305 3097 3191
8108 4 2 10 2 1545 2471 1546 3243
8109 4 2 10 2 2258 2765 2306 2826
8110 4 2 10 2 2313 1909 3129 3712
8111 4 2 10 2 2110 2374 2594 3052
8112 4 2 10 2 2431 2633 2172 2817
8113 4 2 10 2 2019 2752 2536 3013
8114 4 2 10 2 2512 2749 1245 3056
8115 4 2 10 2 1048 2340 1076 3147
8116 4 2 10 2 1366 3166 2665 3311
8117 4 2 10 2 2149 2499 2387 2726
8118 4 2 10 2 1135 3103 1066 3374
8119 4 2 10 2 673 722 3301 3485
8120 4 2 10 2 1684 1698 2414 2734
8121 4 2 10 2 1445 1471 914 2417
8122 4 2 10 2 2544 3071 2926 3547
8123 4 2 10 2 393 2969 2382 3672
8124 4 2 10 2 958 957 955 3456
8125 4 2 10 2 1184 2787 3551 3667
8126 4 2 10 2 2320 3047 926 3556
8127 4 2 10 2 2500 2668 2188 3274
8128 4 2 10 2 2115 3253 2443 3753
8129 4 2 10 2 2885 3171 2398 3467
8130 4 2 10 2 1536 3241 2940 3671
8131 4 2 10 2 2399 2988 2233 3332
8132 4 2 10 2 2441 2593 2131 2713
8133 4 2 10 2 1335 1467 2847 3393
8134 4 2 10 2 2065 2744 2326 3207
8135 4 2 10 2 2123 2858 2694 3490
8136 4 2 10 2 2126 3011 2986 3102
8137 4 2 10 2 2141 2965 2689 3308
8138 4 2 10 2 2235 2409 2858 3316
8139 4 2 10 2 2096 3551 2426 3739
8140 4 2 10 2 1668 2768 1670 3619
8141 4 2 10 2 1337 1042 3018 3219
8142 4 2 10 2 1043 2859 2429 3173
8143 4 2 10 2 2183 2454 2804 3134
8144 4 2 10 2 2223 2444 3036 3557
8145 4 2 10 2 945 942 2682 2867
8146 4 2 10 2 2747 2853 2416 3469
8147 4 2 10 2 2411 2184 3589 3628
8148 4 2 10 2 2591 2786 2441 3617
8149 4 2 10 2 325 2621 2458 3535
8150 4 2 10 2 2066 2294 2776 2992
8151 4 2 10 2 1541 2960 2940 3686
8152 4 2 10 2 2168 2637 2739 3340
8153 4 2 10 2 2458 2659 2149 3111
8154 4 2 10 2 423 2626 483 3092
8155 4 2 10 2 2171 2647 2441 3195
8156 4 2 10 2 2296 3351 2488 3433
8157 4 2 10 2 2411 2184 2571 3589
8158 4 2 10 2 2093 2409 3490 3665
8159 4 2 10 2 2536 2802 2209 3224
8160 4 2 10 2 2558 3091 2842 3427
8161 4 2 10 2 662 660 661 2369
8162 4 2 10 2 3163 3410 2360 3665
8163 4 2 10 2 2155 2525 2320 3175
8164 4 2 10 2 2072 2411 2757 2829
8165 4 2 10 2 2188 2335 3440 3698
8166 4 2 10 2 1342 1345 3022 3399
8167 4 2 10 2 1937 2733 2604 3133
8168 4 2 10 2 2315 3161 3160 3243
8169 4 2 10 2 2171 3195 2832 3679
8170 4 2 10 2 2241 2627 2480 2815
8171 4 2 10 2 2285 2225 2674 3317
8172 4 2 10 2 2266 3434 2464 3735
8173 4 2 10 2 2582 2800 2567 2967
8174 4 2 10 2 2486 2633 2313 3356
8175 4 2 10 2 2214 2890 2532 3003
8176 4 2 10 2 2868 3434 2266 3735
8177 4 2 10 2 2488 2763 2122 3400
8178 4 2 10 2 2079 3158 2900 3583
8179 4 2 10 2 1341 2512 3056 3293
8180 4 2 10 2 2525 2544 2155 2788
8181 4 2 10 2 2530 3097 698 3554
8182 4 2 10 2 1834 2956 1558 3621
8183 4 2 10 2 1104 2700 1100 3601
8184 4 2 10 2 625 2385 2842 3592
8185 4 2 10 2 2916 2925 768 3429
8186 4 2 10 2 930 932 2366 3472
8187 4 2 10 2 2260 3125 2756 3346
8188 4 2 10 2 2219 2358 2989 3258
8189 4 2 10 2 10 2394 2629 3668
8190 4 2 10 2 2135 3155 2953 3647
8191 4 2 10 2 2136 2360 3410 3665
8192 4 2 10 2 1943 1490 744 2646
8193 4 2 10 2 2210 2738 2818 2996
8194 4 2 10 2 2266 2818 2738 2996
8195 4 2 10 2 2475 2545 2085 3360
8196 4 2 10 2 1731 2446 1861 3225
8197 4 2 10 2 2243 2505 3210 3620
8198 4 2 10 2 2076 3009 3176 3352
8199 4 2 10 2 2071 2322 2772 3579
8200 4 2 10 2 2309 3184 502 3474
8201 4 2 10 2 1187 2683 2496 3149
8202 4 2 10 2 2841 3106 2468 3190
8203 4 2 10 2 2300 2699 2290 2806
8204 4 2 10 2 976 977 2473 3536
8205 4 2 10 2 2131 2867 2317 3048
8206 4 2 10 2 1886 1542 1537 2406
8207 4 2 10 2 2214 2592 2390 3245
8208 4 2 10 2 314 2489 312 3201
8209 4 2 10 2 1467 880 1385 3723
8210 4 2 10 2 258 253 239 3717
8211 4 2 10 2 1337 2368 1042 3219
8212 4 2 10 2 1286 1135 1167 3025
8213 4 2 10 2 2256 3133 2506 3745
8214 4 2 10 2 2803 2886 2151 3290
8215 4 2 10 2 10 2629 2394 3235
8216 4 2 10 2 2581 3197 1346 3251
8217 4 2 10 2 2188 2565 3611 3728
8218 4 2 10 2 3045 3530 2410 3660
8219 4 2 10 2 2200 2358 3387 3468
8220 4 2 10 2 2386 2991 2642 3547
8221 4 2 10 2 1991 2742 741 3720
8222 4 2 10 2 1482 2794 2333 3409
8223 4 2 10 2 918 920 922 3041
8224 4 2 10 2 1597 2711 1715 3734
8225 4 2 10 2 401 2891 2397 3130
8226 4 2 10 2 2751 3211 2316 3550
8227 4 2 10 2 2374 2867 2317 3250
8228 4 2 10 2 1071 1088 1087 3421
8229 4 2 10 2 1135 1066 1134 3374
8230 4 2 10 2 1942 1518 443 3594
8231 4 2 10 2 2643 2902 2179 3279
8232 4 2 10 2 246 259 2917 3649
8233 4 2 10 2 2254 3249 2531 3441
8234 4 2 10 2 1314 1197 2785 3348
8235 4 2 10 2 2303 464 3005 3504
8236 4 2 10 2 1337 1042 1039 3018
8237 4 2 10 2 2185 3106 2841 3190
8238 4 2 10 2 2122 2684 2639 3084
8239 4 2 10 2 269 43 42 2359
8240 4 2 10 2 2354 2124 2609 2866
8241 4 2 10 2 290 2536 1516 2752
8242 4 2 10 2 680 2933 2442 3168
8243 4 2 10 2 2318 3164 2397 3726
8244 4 2 10 2 2313 3356 2633 3712
8245 4 2 10 2 1032 2551 1050 3365
8246 4 2 10 2 2177 3367 2774 3716
8247 4 2 10 2 2079 2570 3158 3583
8248 4 2 10 2 2965 3349 2559 3389
8249 4 2 10 2 2184 2289 3567 3628
8250 4 2 10 2 2630 3520 3365 3741
8251 4 2 10 2 2381 2570 2110 3146
8252 4 2 10 2 2347 2900 3110 3450
8253 4 2 10 2 2123 2858 2688 3078
8254 4 2 10 2 2566 2582 2138 2967
8255 4 2 10 2 2161 3002 2541 3194
8256 4 2 10 2 1679 1691 1812 2750
8257 4 2 10 2 1618 1892 2773 3199
8258 4 2 10 2 1653 3329 1661 3567
8259 4 2 10 2 2141 2657 2356 2965
8260 4 2 10 2 2365 2943 2622 3224
8261 4 2 10 2 2438 2700 2166 3136
8262 4 2 10 2 2415 2106 2645 2933
8263 4 2 10 2 2350 2468 2193 3262
8264 4 2 10 2 2193 2747 2853 3738
8265 4 2 10 2 746 3133 747 3745
8266 4 2 10 2 2411 3589 2571 3628
8267 4 2 10 2 2052 2467 1949 2916
8268 4 2 10 2 2152 3352 3009 3416
8269 4 2 10 2 322 2621 321 2994
8270 4 2 10 2 2394 2753 11 3235
8271 4 2 10 2 1170 2674 2947 3317
8272 4 2 10 2 2551 2896 2341 3603
8273 4 2 10 2 1582 2878 1845 2972
8274 4 2 10 2 700 698 2530 3097
8275 4 2 10 2 2181 3159 3276 3349
8276 4 2 10 2 2300 2164 2699 3756
8277 4 2 10 2 2613 2624 2119 2765
8278 4 2 10 2 338 337 2622 3758
8279 4 2 10 2 1237 1397 891 2852
8280 4 2 10 2 2155 2473 2991 3547
8281 4 2 10 2 625 627 2385 3592
8282 4 2 10 2 2890 3003 2590 3141
8283 4 2 10 2 1602 1716 2422 3346
8284 4 2 10 2 475 2648 562 2998
8285 4 2 10 2 680 2442 2933 3560
8286 4 2 10 2 977 2808 2473 3536
8287 4 2 10 2 1213 2868 1214 2995
8288 4 2 10 2 2645 2933 2412 3226
8289 4 2 10 2 2514 2628 2270 2954
8290 4 2 10 2 2272 2596 2463 3157
8291 4 2 10 2 1135 2451 1286 2845
8292 4 2 10 2 2713 3052 2593 3250
8293 4 2 10 2 2060 3006 2476 3529
8294 4 2 10 2 2132 2333 2776 3385
8295 4 2 10 2 2099 3289 2507 3467
8296 4 2 10 2 2435 2649 2191 3228
8297 4 2 10 2 2927 2964 2254 3147
8298 4 2 10 2 2131 2374 2867 3158
8299 4 2 10 2 2146 2456 2582 2967
8300 4 2 10 2 662 2369 2973 3507
8301 4 2 10 2 2318 3053 2397 3189
8302 4 2 10 2 2351 2986 2838 3102
8303 4 2 10 2 2060 3337 3006 3529
8304 4 2 10 2 2086 3344 3065 3538
8305 4 2 10 2 2309 3322 2538 3664
8306 4 2 10 2 2366 2696 930 3472
8307 4 2 10 2 2189 2551 3365 3520
8308 4 2 10 2 2166 2466 2438 2825
8309 4 2 10 2 2121 2846 2283 3714
8310 4 2 10 2 2329 3246 3478 3615
8311 4 2 10 2 2061 2300 2655 3267
8312 4 2 10 2 2131 2593 2441 2786
8313 4 2 10 2 2096 2551 2426 3551
8314 4 2 10 2 2480 2927 1063 3109
8315 4 2 10 2 2147 2747 2416 3469
8316 4 2 10 2 2183 2428 3154 3507
8317 4 2 10 2 1945 1787 1981 2365
8318 4 2 10 2 1733 2353 2862 3198
8319 4 2 10 2 34 523 33 3389
8320 4 2 10 2 247 2629 2877 3177
8321 4 2 10 2 337 2622 2433 3304
8322 4 2 10 2 2155 2991 2386 3547
8323 4 2 10 2 2642 2991 2386 3278
8324 4 2 10 2 1470 3118 1304 3460
8325 4 2 10 2 2049 1941 2506 3133
8326 4 2 10 2 2276 3513 2852 3738
8327 4 2 10 2 452 431 2365 3224
8328 4 2 10 2 1600 2723 2516 3502
8329 4 2 10 2 26 871 869 2689
8330 4 2 10 2 2022 3054 2336 3637
8331 4 2 10 2 2336 2881 1859 3637
8332 4 2 10 2 2126 3011 2494 3366
8333 4 2 10 2 806 3408 2531 3441
8334 4 2 10 2 2347 2306 2900 3450
8335 4 2 10 2 1237 1096 1094 3308
8336 4 2 10 2 2233 2399 3332 3349
8337 4 2 10 2 1533 1565 1882 3419
8338 4 2 10 2 1299 969 974 2770
8339 4 2 10 2 2261 2808 2725 3253
8340 4 2 10 2 2177 2445 2774 3367
8341 4 2 10 2 141 1523 2731 3028
8342 4 2 10 2 504 1794 2536 2802
8343 4 2 10 2 2306 3110 2900 3450
8344 4 2 10 2 1125 2299 2813 3022
8345 4 2 10 2 1427 2787 1150 3667
8346 4 2 10 2 1098 3311 1083 3566
8347 4 2 10 2 2689 2852 2141 3513
8348 4 2 10 2 2175 3083 2744 3207
8349 4 2 10 2 2270 2954 2332 3268
8350 4 2 10 2 1238 2689 1153 3038
8351 4 2 10 2 2246 2406 2938 3052
8352 4 2 10 2 2387 2499 2149 3099
8353 4 2 10 2 490 314 312 3201
8354 4 2 10 2 2376 2484 2139 3625
8355 4 2 10 2 2443 2164 3152 3706
8356 4 2 10 2 646 2838 2370 3114
8357 4 2 10 2 2354 2496 2216 3361
8358 4 2 10 2 2754 2791 2548 3658
8359 4 2 10 2 1293 2839 1278 3248
8360 4 2 10 2 2402 2972 2148 3117
8361 4 2 10 2 2111 3176 2704 3359
8362 4 2 10 2 2326 2744 3083 3207
8363 4 2 10 2 2205 2952 2658 3402
8364 4 2 10 2 746 709 2506 3745
8365 4 2 10 2 2481 2702 2282 3686
8366 4 2 10 2 2410 2536 2123 3013
8367 4 2 10 2 2236 2563 2711 3290
8368 4 2 10 2 2362 2719 2772 3648
8369 4 2 10 2 324 325 2621 2969
8370 4 2 10 2 2115 2725 2808 3253
8371 4 2 10 2 2166 2825 2438 3136
8372 4 2 10 2 2017 1495 735 2535
8373 4 2 10 2 2683 3057 2304 3234
8374 4 2 10 2 2441 2786 2591 3115
8375 4 2 10 2 994 2595 992 3492
8376 4 2 10 2 2102 2433 2622 3304
8377 4 2 10 2 344 2880 343 3312
8378 4 2 10 2 2144 2636 2301 2753
8379 4 2 10 2 2382 2834 439 3672
8380 4 2 10 2 574 889 772 2415
8381 4 2 10 2 2132 2667 2300 2806
8382 4 2 10 2 3098 3368 1458 3582
8383 4 2 10 2 1929 3265 1841 3657
8384 4 2 10 2 1879 2709 2509 3489
8385 4 2 10 2 562 2648 1964 2998
8386 4 2 10 2 2122 3433 2656 3746
8387 4 2 10 2 2051 2564 1893 3049
8388 4 2 10 2 1769 2435 1707 3303
8389 4 2 10 2 1663 1657 1660 2364
8390 4 2 10 2 967 2654 1315 3109
8391 4 2 10 2 2395 3117 2913 3473
8392 4 2 10 2 1805 3004 2396 3364
8393 4 2 10 2 1761 3068 1998 3330
8394 4 2 10 2 734 822 609 3132
8395 4 2 10 2 1509 1984 2047 2823
8396 4 2 10 2 2091 2714 3494 3694
8397 4 2 10 2 2337 2849 2388 3021
8398 4 2 10 2 761 2535 1495 2916
8399 4 2 10 2 2384 2874 3138 3659
8400 4 2 10 2 2551 2189 3247 3520
8401 4 2 10 2 2313 2848 1909 3712
8402 4 2 10 2 2137 2730 3016 3075
8403 4 2 10 2 2182 2666 2487 3669
8404 4 2 10 2 2075 3165 2628 3512
8405 4 2 10 2 1828 3451 1909 3519
8406 4 2 10 2 2292 2723 1743 2938
8407 4 2 10 2 392 2856 3144 3475
8408 4 2 10 2 2184 2527 3281 3329
8409 4 2 10 2 2210 2818 2993 3459
8410 4 2 10 2 2588 2090 2815 2875
8411 4 2 10 2 2981 3093 2727 3470
8412 4 2 10 2 2354 2496 2124 3234
8413 4 2 10 2 2457 2295 2835 3585
8414 4 2 10 2 2364 3023 1657 3074
8415 4 2 10 2 2235 2858 2409 3490
8416 4 2 10 2 1406 906 515 2517
8417 4 2 10 2 1308 2449 3170 3369
8418 4 2 10 2 368 2505 487 3210
8419 4 2 10 2 2190 3126 2708 3497
8420 4 2 10 2 2204 2467 2925 3178
8421 4 2 10 2 1963 2882 2940 2960
8422 4 2 10 2 2472 2593 2107 3626
8423 4 2 10 2 673 3301 2436 3485
8424 4 2 10 2 2250 2967 2456 3542
8425 4 2 10 2 2073 2887 3200 3482
8426 4 2 10 2 568 1941 745 2742
8427 4 2 10 2 2096 2426 2551 3457
8428 4 2 10 2 1171 1234 1412 2674
8429 4 2 10 2 1537 1539 2702 2948
8430 4 2 10 2 1203 1201 1211 2944
8431 4 2 10 2 1179 2295 1462 3708
8432 4 2 10 2 1630 1873 2493 2982
8433 4 2 10 2 2331 1332 3261 3654
8434 4 2 10 2 2360 2525 2242 2707
8435 4 2 10 2 2110 2282 2702 3104
8436 4 2 10 2 2049 1484 1941 3133
8437 4 2 10 2 490 312 2489 3201
8438 4 2 10 2 2552 3706 3631 3753
8439 4 2 10 2 974 2785 2334 3348
8440 4 2 10 2 2440 2498 2134 2924
8441 4 2 10 2 2456 3023 2364 3074
8442 4 2 10 2 2142 3347 2459 3511
8443 4 2 10 2 2402 2957 2766 3531
8444 4 2 10 2 392 389 2856 3475
8445 4 2 10 2 2205 3103 2658 3471
8446 4 2 10 2 2818 2996 2296 3459
8447 4 2 10 2 2840 3277 3084 3400
8448 4 2 10 2 635 2398 633 3171
8449 4 2 10 2 1542 2406 2938 2948
8450 4 2 10 2 2208 2891 2359 3107
8451 4 2 10 2 2072 3310 2363 3546
8452 4 2 10 2 2486 2577 2250 3662
8453 4 2 10 2 2330 2679 2147 3298
8454 4 2 10 2 1738 2680 3068 3651
8455 4 2 10 2 2140 3021 2946 3573
8456 4 2 10 2 2386 920 2762 3742
8457 4 2 10 2 2378 2546 2284 2664
8458 4 2 10 2 1598 3085 1614 3734
8459 4 2 10 2 2276 2141 2852 3513
8460 4 2 10 2 2068 2378 2547 3444
8461 4 2 10 2 1308 1019 1006 2549
8462 4 2 10 2 2276 3132 2853 3300
8463 4 2 10 2 2380 2740 2255 3311
8464 4 2 10 2 2416 2853 2276 3431
8465 4 2 10 2 1176 874 1461 3405
8466 4 2 10 2 2147 2897 2681 3404
8467 4 2 10 2 2085 2890 3033 3423
8468 4 2 10 2 1090 3001 2612 3676
8469 4 2 10 2 1448 3248 1278 3520
8470 4 2 10 2 2141 2660 2559 3431
8471 4 2 10 2 638 2507 639 3137
8472 4 2 10 2 2196 2586 2326 2744
8473 4 2 10 2 2061 2655 2300 2931
8474 4 2 10 2 1529 1967 1871 2572
8475 4 2 10 2 1636 1635 1637 3638
8476 4 2 10 2 2424 2914 2777 3120
8477 4 2 10 2 2133 3200 2820 3612
8478 4 2 10 2 1164 2627 1179 2984
8479 4 2 10 2 1978 1788 2590 3003
8480 4 2 10 2 2530 3156 2274 3396
8481 4 2 10 2 2236 3290 2464 3534
8482 4 2 10 2 1766 872 2731 3732
8483 4 2 10 2 957 958 3066 3456
8484 4 2 10 2 3119 3147 2379 3446
8485 4 2 10 2 2112 2664 2284 2877
8486 4 2 10 2 2738 2818 2266 3581
8487 4 2 10 2 1304 1470 1402 3118
8488 4 2 10 2 2369 2907 2780 3035
8489 4 2 10 2 2868 2995 2153 3370
8490 4 2 10 2 1647 1832 2576 3422
8491 4 2 10 2 2135 2477 2346 3377
8492 4 2 10 2 2297 3366 2435 3465
8493 4 2 10 2 2289 2748 2172 2795
8494 4 2 10 2 2194 3273 2490 3319
8495 4 2 10 2 2322 3211 2772 3579
8496 4 2 10 2 1856 1601 3154 3192
8497 4 2 10 2 2180 2900 2453 2959
8498 4 2 10 2 1166 1316 3060 3544
8499 4 2 10 2 2266 3485 2738 3581
8500 4 2 10 2 1534 1610 1532 2600
8501 4 2 10 2 2300 2620 2667 3267
8502 4 2 10 2 2205 2772 2597 3584
8503 4 2 10 2 2315 3243 3160 3299
8504 4 2 10 2 2025 2606 1519 3353
8505 4 2 10 2 2452 3026 2903 3212
8506 4 2 10 2 2007 3184 2309 3474
8507 4 2 10 2 2166 2371 2562 3332
8508 4 2 10 2 2496 2683 1187 3705
8509 4 2 10 2 2402 2766 2243 3117
8510 4 2 10 2 2033 1948 2575 2957
8511 4 2 10 2 2437 3152 2300 3177
8512 4 2 10 2 2372 2170 3231 3514
8513 4 2 10 2 1179 1388 2984 3708
8514 4 2 10 2 1597 2491 1856 2915
8515 4 2 10 2 740 3058 569 3132
8516 4 2 10 2 1649 3281 1661 3329
8517 4 2 10 2 257 24 23 2437
8518 4 2 10 2 745 2506 849 2742
8519 4 2 10 2 1580 2504 1587 3029
8520 4 2 10 2 1660 2364 1657 3074
8521 4 2 10 2 869 2852 2660 3524
8522 4 2 10 2 2308 2680 2735 3518
8523 4 2 10 2 728 2986 2351 3353
8524 4 2 10 2 1588 1851 1912 2861
8525 4 2 10 2 2408 3193 2557 3273
8526 4 2 10 2 2109 2427 2537 3409
8527 4 2 10 2 2076 2914 2328 3187
8528 4 2 10 2 1868 1630 1895 3549
8529 4 2 10 2 2249 2440 2822 3430
8530 4 2 10 2 2548 2161 3002 3444
8531 4 2 10 2 2309 2969 502 3184
8532 4 2 10 2 2065 2744 2508 3327
8533 4 2 10 2 2574 2728 2224 2997
8534 4 2 10 2 2446 3079 1861 3225
8535 4 2 10 2 271 523 34 2988
8536 4 2 10 2 2464 2729 665 3434
8537 4 2 10 2 2142 3037 3347 3511
8538 4 2 10 2 1416 1456 825 2738
8539 4 2 10 2 2377 2201 3062 3128
8540 4 2 10 2 2393 3022 2813 3026
8541 4 2 10 2 1304 3118 3064 3460
8542 4 2 10 2 334 2622 335 2943
8543 4 2 10 2 2232 3005 2851 3504
8544 4 2 10 2 2163 2560 2757 3391
8545 4 2 10 2 561 474 475 3302
8546 4 2 10 2 1731 1639 2446 3077
8547 4 2 10 2 2249 2822 3339 3430
8548 4 2 10 2 2144 3422 3235 3719
8549 4 2 10 2 2125 2509 3568 3657
8550 4 2 10 2 1075 1081 1105 2495
8551 4 2 10 2 1035 3056 2323 3358
8552 4 2 10 2 2199 2695 2905 3400
8553 4 2 10 2 1090 3372 3001 3676
8554 4 2 10 2 2096 2551 3551 3739
8555 4 2 10 2 2070 2518 2501 3271
8556 4 2 10 2 630 3061 2902 3279
8557 4 2 10 2 2257 2528 2419 2910
8558 4 2 10 2 1448 1293 1278 3248
8559 4 2 10 2 1530 2537 1531 3409
8560 4 2 10 2 1793 1766 1767 3296
8561 4 2 10 2 2097 3087 2385 3268
8562 4 2 10 2 2330 3298 2147 3469
8563 4 2 10 2 2199 2949 2412 3280
8564 4 2 10 2 1848 1922 1989 2641
8565 4 2 10 2 2524 2821 2206 3684
8566 4 2 10 2 2408 2557 2303 3504
8567 4 2 10 2 1663 1657 2364 3023
8568 4 2 10 2 2254 2927 2678 2964
8569 4 2 10 2 2087 2305 3191 3572
8570 4 2 10 2 2669 2921 2098 3333
8571 4 2 10 2 1873 2493 2982 3677
8572 4 2 10 2 2071 2650 2772 3088
8573 4 2 10 2 2887 3200 2420 3612
8574 4 2 10 2 1612 1963 2882 3671
8575 4 2 10 2 2330 2147 2679 2953
8576 4 2 10 2 1402 3069 3064 3118
8577 4 2 10 2 636 2507 732 3289
8578 4 2 10 2 2171 2832 3124 3679
8579 4 2 10 2 889 2415 1404 3555
8580 4 2 10 2 2582 2909 3172 3254
8581 4 2 10 2 2653 3285 2314 3571
8582 4 2 10 2 1840 1655 1652 3215
8583 4 2 10 2 2140 2502 3107 3143
8584 4 2 10 2 1603 2353 1733 3198
8585 4 2 10 2 2074 2311 2591 3617
8586 4 2 10 2 2472 3462 2168 3714
8587 4 2 10 2 2378 2664 2112 3658
8588 4 2 10 2 2237 2571 3334 3589
8589 4 2 10 2 1601 1602 1716 2422
8590 4 2 10 2 2317 2374 2682 2867
8591 4 2 10 2 240 246 259 2917
8592 4 2 10 2 1104 2438 1248 3136
8593 4 2 10 2 1034 2438 1104 3601
8594 4 2 10 2 2145 2386 2642 3328
8595 4 2 10 2 967 3066 2654 3109
8596 4 2 10 2 942 1334 947 2867
8597 4 2 10 2 1882 1565 1906 2771
8598 4 2 10 2 2399 3159 2265 3283
8599 4 2 10 2 2169 2717 3007 3572
8600 4 2 10 2 253 2699 3696 3717
8601 4 2 10 2 2110 2594 2602 3104
8602 4 2 10 2 2222 2769 3218 3569
8603 4 2 10 2 2481 2898 1864 2924
8604 4 2 10 2 2461 2925 621 3427
8605 4 2 10 2 2336 2722 2670 3624
8606 4 2 10 2 1161 3059 1256 3067
8607 4 2 10 2 1591 1606 2402 3029
8608 4 2 10 2 1774 2047 1984 2606
8609 4 2 10 2 1821 2440 1838 2924
8610 4 2 10 2 2351 2177 2792 3102
8611 4 2 10 2 2232 3005 2556 3141
8612 4 2 10 2 2126 2606 2904 2986
8613 4 2 10 2 2139 2557 2484 2782
8614 4 2 10 2 2218 3117 2395 3473
8615 4 2 10 2 2687 3043 1958 3564
8616 4 2 10 2 2093 2360 2788 3163
8617 4 2 10 2 2171 2441 2713 3438
8618 4 2 10 2 2078 2321 2990 3514
8619 4 2 10 2 537 400 3053 3189
8620 4 2 10 2 2097 2842 2461 3050
8621 4 2 10 2 1756 1607 2402 2977
8622 4 2 10 2 2719 2874 2362 3659
8623 4 2 10 2 3006 3071 2060 3321
8624 4 2 10 2 2750 3587 3181 3678
8625 4 2 10 2 2200 3148 2325 3282
8626 4 2 10 2 1609 2810 2550 3435
8627 4 2 10 2 2240 2769 3096 3725
8628 4 2 10 2 1071 1087 2553 3421
8629 4 2 10 2 1610 1532 2600 2794
8630 4 2 10 2 2061 2931 2300 3152
8631 4 2 10 2 2270 2414 3268 3512
8632 4 2 10 2 2457 2143 2618 3325
8633 4 2 10 2 2348 2905 3277 3280
8634 4 2 10 2 393 3184 2969 3672
8635 4 2 10 2 2367 2940 2882 2960
8636 4 2 10 2 2275 2842 2558 3091
8637 4 2 10 2 1252 2637 2485 3357
8638 4 2 10 2 1301 2432 976 3072
8639 4 2 10 2 2499 2526 3304 3345
8640 4 2 10 2 2308 2172 3135 3711
8641 4 2 10 2 984 3059 2541 3661
8642 4 2 10 2 2480 2627 2241 3532
8643 4 2 10 2 2517 2715 2108 3460
8644 4 2 10 2 473 1479 276 3361
8645 4 2 10 2 2074 2591 2311 3062
8646 4 2 10 2 2122 2695 2488 3400
8647 4 2 10 2 636 635 2507 3289
8648 4 2 10 2 2086 2361 3065 3260
8649 4 2 10 2 2323 2963 2749 3601
8650 4 2 10 2 2396 2790 2175 3083
8651 4 2 10 2 1589 2684 2491 3734
8652 4 2 10 2 2254 2678 2470 2964
8653 4 2 10 2 2122 2302 2763 3084
8654 4 2 10 2 1383 2430 1451 2879
8655 4 2 10 2 1899 1689 1909 3129
8656 4 2 10 2 2152 3009 2703 3031
8657 4 2 10 2 1199 2426 2807 3551
8658 4 2 10 2 1554 2573 1599 3502
8659 4 2 10 2 468 469 2687 3527
8660 4 2 10 2 1638 1861 2446 3079
8661 4 2 10 2 2188 3611 2565 3698
8662 4 2 10 2 2270 2628 3165 3512
8663 4 2 10 2 2297 2754 3366 3465
8664 4 2 10 2 2422 3154 1601 3192
8665 4 2 10 2 680 681 2933 3168
8666 4 2 10 2 2457 2618 2941 3325
8667 4 2 10 2 1083 3311 1067 3566
8668 4 2 10 2 2184 2560 2757 3272
8669 4 2 10 2 1154 1002 3288 3377
8670 4 2 10 2 2729 2973 2369 3507
8671 4 2 10 2 2309 2098 2652 3322
8672 4 2 10 2 2435 2606 2191 3303
8673 4 2 10 2 2245 3323 2701 3574
8674 4 2 10 2 2192 3198 2862 3578
8675 4 2 10 2 2356 2681 2587 2897
8676 4 2 10 2 425 2988 2314 3285
8677 4 2 10 2 2136 3410 2796 3665
8678 4 2 10 2 803 2426 583 2787
8679 4 2 10 2 1116 2401 2715 3460
8680 4 2 10 2 2162 2620 2494 3267
8681 4 2 10 2 465 3005 426 3464
8682 4 2 10 2 1212 1185 1474 2496
8683 4 2 10 2 2422 2201 2672 2875
8684 4 2 10 2 2019 1516 2536 2752
8685 4 2 10 2 2633 2817 2431 3378
8686 4 2 10 2 2100 2552 2547 3706
8687 4 2 10 2 1921 2899 2687 3474
8688 4 2 10 2 1365 2347 1362 3374
8689 4 2 10 2 2173 2760 2444 3355
8690 4 2 10 2 2398 3061 633 3171
8691 4 2 10 2 1351 884 583 2944
8692 4 2 10 2 2025 1972 2606 2904
8693 4 2 10 2 2470 2678 2143 2964
8694 4 2 10 2 263 3038 2689 3389
8695 4 2 10 2 2082 2718 2971 3057
8696 4 2 10 2 3159 3283 2399 3349
8697 4 2 10 2 2339 2827 2248 3360
8698 4 2 10 2 2069 3076 2345 3356
8699 4 2 10 2 2085 3360 2890 3423
8700 4 2 10 2 2137 2305 2646 3097
8701 4 2 10 2 608 2730 3382 3392
8702 4 2 10 2 1125 2813 1307 3022
8703 4 2 10 2 2654 3109 2480 3532
8704 4 2 10 2 1864 1888 1926 2898
8705 4 2 10 2 656 2457 2907 3452
8706 4 2 10 2 2338 2795 2172 2939
8707 4 2 10 2 2087 3191 2305 3466
8708 4 2 10 2 2093 2788 2360 3503
8709 4 2 10 2 2428 3125 2260 3346
8710 4 2 10 2 1193 1371 1464 2558
8711 4 2 10 2 2698 2874 2362 3284
8712 4 2 10 2 2486 2633 3356 3627
8713 4 2 10 2 3068 3330 1761 3354
8714 4 2 10 2 619 621 2925 3427
8715 4 2 10 2 2385 3050 2280 3279
8716 4 2 10 2 2304 2124 2830 3234
8717 4 2 10 2 336 2622 334 2943
8718 4 2 10 2 2132 2655 2300 2667
8719 4 2 10 2 1845 2972 2878 3029
8720 4 2 10 2 2125 2959 2850 3568
8721 4 2 10 2 658 2780 659 2907
8722 4 2 10 2 3160 3243 2471 3299
8723 4 2 10 2 2086 2361 3260 3608
8724 4 2 10 2 1211 2760 1460 2761
8725 4 2 10 2 1345 1188 2581 3399
8726 4 2 10 2 1891 2585 1824 2664
8727 4 2 10 2 2240 2366 2912 3511
8728 4 2 10 2 2280 2179 3089 3268
8729 4 2 10 2 2670 2722 2104 3624
8730 4 2 10 2 1211 1411 2760 2761
8731 4 2 10 2 920 1326 922 2386
8732 4 2 10 2 2107 2786 2591 3617
8733 4 2 10 2 818 3051 3413 3534
8734 4 2 10 2 2154 2511 2930 3411
8735 4 2 10 2 2044 1775 492 2439
8736 4 2 10 2 1297 1478 2691 3731
8737 4 2 10 2 2475 2545 2200 3387
8738 4 2 10 2 749 612 2467 3032
8739 4 2 10 2 2157 2357 2767 3171
8740 4 2 10 2 2389 2562 2166 3136
8741 4 2 10 2 1617 1616 1577 2773
8742 4 2 10 2 2401 2108 2715 3460
8743 4 2 10 2 2134 2819 2440 3702
8744 4 2 10 2 2598 2124 2865 3179
8745 4 2 10 2 3235 3422 2629 3719
8746 4 2 10 2 639 638 637 2507
8747 4 2 10 2 2582 3172 3020 3254
8748 4 2 10 2 1860 2527 1662 2748
8749 4 2 10 2 1598 1614 1613 3734
8750 4 2 10 2 2114 2325 2625 3472
8751 4 2 10 2 1331 3000 2736 3040
8752 4 2 10 2 2293 3058 2479 3132
8753 4 2 10 2 2448 3131 2221 3314
8754 4 2 10 2 2438 2466 2166 3448
8755 4 2 10 2 2412 2604 2256 3414
8756 4 2 10 2 1504 2575 1948 2892
8757 4 2 10 2 2184 3281 2576 3329
8758 4 2 10 2 2199 2905 2695 3280
8759 4 2 10 2 2673 2970 2197 3294
8760 4 2 10 2 935 3335 2459 3347
8761 4 2 10 2 567 42 43 3382
8762 4 2 10 2 1788 1973 3005 3141
8763 4 2 10 2 450 392 2641 3054
8764 4 2 10 2 2157 3061 2690 3592
8765 4 2 10 2 602 1999 788 3051
8766 4 2 10 2 2109 2518 2666 2992
8767 4 2 10 2 2415 2993 2978 3459
8768 4 2 10 2 924 927 926 3047
8769 4 2 10 2 2194 2557 2408 3319
8770 4 2 10 2 2318 2397 3164 3189
8771 4 2 10 2 1345 3022 2581 3251
8772 4 2 10 2 2157 2385 3061 3592
8773 4 2 10 2 2528 3247 2655 3267
8774 4 2 10 2 1095 2657 2371 3733
8775 4 2 10 2 2310 2207 2669 3314
8776 4 2 10 2 1543 2481 1864 2924
8777 4 2 10 2 2904 2986 2606 3353
8778 4 2 10 2 597 751 752 2823
8779 4 2 10 2 1182 1389 1472 3635
8780 4 2 10 2 2275 3087 2616 3633
8781 4 2 10 2 2598 2865 411 3179
8782 4 2 10 2 253 3696 239 3717
8783 4 2 10 2 1286 2845 2451 3025
8784 4 2 10 2 2209 2536 2410 3530
8785 4 2 10 2 2098 3322 2608 3596
8786 4 2 10 2 2170 2298 2718 2861
8787 4 2 10 2 1899 1909 2848 3712
8788 4 2 10 2 2156 2420 3260 3435
8789 4 2 10 2 1000 1004 2580 2963
8790 4 2 10 2 1649 2576 1832 3281
8791 4 2 10 2 2172 3255 2817 3628
8792 4 2 10 2 2081 2454 2763 3134
8793 4 2 10 2 2087 3466 2305 3572
8794 4 2 10 2 2374 2131 2713 3158
8795 4 2 10 2 2105 2531 2519 3446
8796 4 2 10 2 2519 2531 2254 3446
8797 4 2 10 2 1641 2372 1892 3199
8798 4 2 10 2 2788 3163 2360 3665
8799 4 2 10 2 628 3061 630 3279
8800 4 2 10 2 1972 2435 1769 3303
8801 4 2 10 2 2446 2759 2283 2846
8802 4 2 10 2 1490 605 744 2646
8803 4 2 10 2 2393 3026 2307 3710
8804 4 2 10 2 2314 2975 2127 3283
8805 4 2 10 2 951 2751 938 2922
8806 4 2 10 2 2224 2574 2749 3378
8807 4 2 10 2 2204 2908 2467 3178
8808 4 2 10 2 1127 3022 1345 3251
8809 4 2 10 2 2097 2280 3027 3268
8810 4 2 10 2 2207 2355 2735 3314
8811 4 2 10 2 2445 2603 2105 2774
8812 4 2 10 2 2347 3025 1362 3374
8813 4 2 10 2 2377 3124 2252 3313
8814 4 2 10 2 2093 2386 2788 3503
8815 4 2 10 2 2195 3022 2393 3026
8816 4 2 10 2 2363 2608 2492 3596
8817 4 2 10 2 2849 3021 2337 3726
8818 4 2 10 2 758 3479 2610 3609
8819 4 2 10 2 2073 2985 2703 3063
8820 4 2 10 2 2292 2723 2283 2771
8821 4 2 10 2 2089 3227 2337 3610
8822 4 2 10 2 2568 2672 2128 2875
8823 4 2 10 2 2330 2747 3298 3469
8824 4 2 10 2 1581 3029 2878 3174
8825 4 2 10 2 1244 1418 3513 3738
8826 4 2 10 2 1828 1909 1916 3519
8827 4 2 10 2 1845 1591 2972 3029
8828 4 2 10 2 2144 2301 2636 3760
8829 4 2 10 2 2184 3567 2527 3628
8830 4 2 10 2 1095 2371 3186 3733
8831 4 2 10 2 363 2557 352 3504
8832 4 2 10 2 2357 3171 2885 3467
8833 4 2 10 2 2100 3631 2552 3706
8834 4 2 10 2 1271 1288 1161 2565
8835 4 2 10 2 1043 2429 1044 3425
8836 4 2 10 2 360 2685 2376 3092
8837 4 2 10 2 1523 1766 873 2731
8838 4 2 10 2 1190 508 2490 3263
8839 4 2 10 2 2116 2574 2728 3378
8840 4 2 10 2 2184 2527 3329 3589
8841 4 2 10 2 1857 2873 1660 3675
8842 4 2 10 2 2092 3193 2303 3259
8843 4 2 10 2 2198 2587 2356 3432
8844 4 2 10 2 2348 2252 2905 3122
8845 4 2 10 2 2102 2499 2387 3099
8846 4 2 10 2 2621 3142 2310 3333
8847 4 2 10 2 2433 2225 3078 3447
8848 4 2 10 2 2119 2900 2624 2959
8849 4 2 10 2 637 636 635 2507
8850 4 2 10 2 911 2868 1414 3735
8851 4 2 10 2 2044 2023 1775 3162
8852 4 2 10 2 2295 3266 1462 3708
8853 4 2 10 2 2412 2949 2256 3280
8854 4 2 10 2 1975 1893 2564 2915
8855 4 2 10 2 1731 1745 1639 3077
8856 4 2 10 2 3069 3118 518 3381
8857 4 2 10 2 2099 2628 2889 2954
8858 4 2 10 2 2170 2372 3212 3514
8859 4 2 10 2 1748 1593 2424 2883
8860 4 2 10 2 1649 2576 3281 3329
8861 4 2 10 2 790 2280 3279 3417
8862 4 2 10 2 2131 2746 2407 3048
8863 4 2 10 2 2454 2201 2656 2763
8864 4 2 10 2 2248 3424 3269 3612
8865 4 2 10 2 247 2629 1 2877
8866 4 2 10 2 947 2317 3048 3607
8867 4 2 10 2 2177 3012 2635 3183
8868 4 2 10 2 2115 2725 3253 3753
8869 4 2 10 2 1541 1583 2940 2960
8870 4 2 10 2 253 258 2699 3717
8871 4 2 10 2 1069 3205 1070 3705
8872 4 2 10 2 2341 3551 2551 3739
8873 4 2 10 2 2446 2610 2212 3225
8874 4 2 10 2 2108 3204 2705 3326
8875 4 2 10 2 2232 2890 2590 3141
8876 4 2 10 2 2358 2200 3148 3468
8877 4 2 10 2 2168 3462 3119 3714
8878 4 2 10 2 1634 1725 1632 2343
8879 4 2 10 2 324 2621 393 2969
8880 4 2 10 2 2093 2409 2788 3328
8881 4 2 10 2 1507 23 24 2801
8882 4 2 10 2 1604 2339 1595 3484
8883 4 2 10 2 790 3050 2280 3417
8884 4 2 10 2 2468 2185 3094 3190
8885 4 2 10 2 730 836 3098 3396
8886 4 2 10 2 2097 2833 2611 3376
8887 4 2 10 2 1936 2733 1937 3133
8888 4 2 10 2 2094 2650 2503 2952
8889 4 2 10 2 2697 2956 1557 3138
8890 4 2 10 2 2195 2299 3022 3026
8891 4 2 10 2 1753 2673 2348 3294
8892 4 2 10 2 2155 2788 2386 3503
8893 4 2 10 2 302 2000 2575 3343
8894 4 2 10 2 1991 1854 2742 3720
8895 4 2 10 2 1599 1831 2938 3748
8896 4 2 10 2 1681 2338 2939 3561
8897 4 2 10 2 2146 2800 2474 3500
8898 4 2 10 2 468 332 469 3527
8899 4 2 10 2 2650 2844 2503 3695
8900 4 2 10 2 2237 3112 2571 3542
8901 4 2 10 2 1536 2702 1842 2940
8902 4 2 10 2 2299 2195 2903 3026
8903 4 2 10 2 2477 2595 1251 2871
8904 4 2 10 2 1383 1393 1451 2430
8905 4 2 10 2 2201 3192 2491 3449
8906 4 2 10 2 582 2756 760 3125
8907 4 2 10 2 2154 2485 2637 3240
8908 4 2 10 2 2424 1748 2883 3590
8909 4 2 10 2 1857 3074 2586 3675
8910 4 2 10 2 2092 2475 3423 3509
8911 4 2 10 2 2647 2919 2441 3363
8912 4 2 10 2 1232 1095 2371 3186
8913 4 2 10 2 1516 504 1794 2536
8914 4 2 10 2 2215 2470 3010 3609
8915 4 2 10 2 806 2531 3249 3441
8916 4 2 10 2 281 1224 2490 2870
8917 4 2 10 2 2453 2959 2900 3568
8918 4 2 10 2 1043 1014 2429 2859
8919 4 2 10 2 1294 930 1284 2912
8920 4 2 10 2 760 3125 2756 3452
8921 4 2 10 2 2096 2426 3217 3739
8922 4 2 10 2 416 2575 478 2892
8923 4 2 10 2 1238 3038 1217 3308
8924 4 2 10 2 2169 2816 2662 3209
8925 4 2 10 2 2330 2953 2679 3155
8926 4 2 10 2 1393 906 1451 2430
8927 4 2 10 2 2625 2696 929 3047
8928 4 2 10 2 2077 2895 2964 3446
8929 4 2 10 2 2239 2707 2360 3371
8930 4 2 10 2 2944 3355 2173 3457
8931 4 2 10 2 2402 1756 2977 3697
8932 4 2 10 2 582 1488 759 2756
8933 4 2 10 2 1013 1292 2727 3532
8934 4 2 10 2 2360 2788 2525 3503
8935 4 2 10 2 2300 2667 2655 3267
8936 4 2 10 2 2921 3333 2523 3455
8937 4 2 10 2 2541 2601 2161 3275
8938 4 2 10 2 2162 2667 2620 3267
8939 4 2 10 2 3049 3154 2428 3507
8940 4 2 10 2 2350 2925 616 3178
8941 4 2 10 2 2733 3277 1936 3401
8942 4 2 10 2 2854 2935 2259 3037
8943 4 2 10 2 1171 2285 3317 3614
8944 4 2 10 2 496 3245 2590 3464
8945 4 2 10 2 2423 3080 2165 3239
8946 4 2 10 2 1542 1537 2406 2948
8947 4 2 10 2 887 579 1223 2835
8948 4 2 10 2 2068 2932 2378 3444
8949 4 2 10 2 2110 3052 2948 3146
8950 4 2 10 2 2289 2757 2560 2906
8951 4 2 10 2 2100 2565 2541 2968
8952 4 2 10 2 2277 3202 2603 3670
8953 4 2 10 2 2000 2033 1504 2575
8954 4 2 10 2 541 2726 3196 3541
8955 4 2 10 2 1986 2435 1972 3015
8956 4 2 10 2 2333 2537 2294 3237
8957 4 2 10 2 2524 3173 2821 3684
8958 4 2 10 2 2216 2354 3361 3559
8959 4 2 10 2 1607 1606 1756 2402
8960 4 2 10 2 1674 2795 1673 2939
8961 4 2 10 2 2110 2570 2374 3146
8962 4 2 10 2 395 2520 397 3295
8963 4 2 10 2 2790 3083 1988 3619
8964 4 2 10 2 2122 2763 2684 3084
8965 4 2 10 2 2044 1775 2752 3162
8966 4 2 10 2 2380 3236 2269 3373
8967 4 2 10 2 1591 2402 2972 3029
8968 4 2 10 2 2239 3047 2320 3562
8969 4 2 10 2 2862 3108 2504 3307
8970 4 2 10 2 2456 2967 2237 3542
8971 4 2 10 2 1840 3129 2812 3519
8972 4 2 10 2 1570 1576 2684 3128
8973 4 2 10 2 2448 3131 3056 3358
8974 4 2 10 2 2351 2838 2177 3102
8975 4 2 10 2 2261 3194 3631 3753
8976 4 2 10 2 2242 2525 2360 3410
8977 4 2 10 2 2611 2833 2508 3376
8978 4 2 10 2 1802 2450 1803 3364
8979 4 2 10 2 1899 2848 2768 3712
8980 4 2 10 2 3146 3208 2709 3721
8981 4 2 10 2 2527 2812 2095 3662
8982 4 2 10 2 2477 2566 2101 3020
8983 4 2 10 2 790 3279 733 3417
8984 4 2 10 2 1268 1280 1355 2358
8985 4 2 10 2 2504 2862 2353 3108
8986 4 2 10 2 2133 2420 3200 3612
8987 4 2 10 2 1166 2597 1130 3544
8988 4 2 10 2 665 2729 664 3434
8989 4 2 10 2 2190 2274 3156 3396
8990 4 2 10 2 2366 2160 3335 3747
8991 4 2 10 2 870 2293 139 3680
8992 4 2 10 2 2553 2937 2830 3477
8993 4 2 10 2 2298 2862 2504 3307
8994 4 2 10 2 2108 2517 2430 2715
8995 4 2 10 2 2174 3056 2512 3293
8996 4 2 10 2 989 999 991 3019
8997 4 2 10 2 2456 3023 1654 3379
8998 4 2 10 2 2109 2518 2427 3730
8999 4 2 10 2 2133 2361 3065 3200
9000 4 2 10 2 2821 3508 3232 3595
9001 4 2 10 2 1157 2749 2574 2963
9002 4 2 10 2 1333 1302 1089 3709
9003 4 2 10 2 2069 2681 2469 2897
9004 4 2 10 2 660 2369 662 3507
9005 4 2 10 2 1366 2665 1067 3311
9006 4 2 10 2 1701 1700 1681 2338
9007 4 2 10 2 2299 3164 2675 3610
9008 4 2 10 2 2350 3094 2468 3106
9009 4 2 10 2 1563 2832 2377 3313
9010 4 2 10 2 1098 3311 2740 3582
9011 4 2 10 2 1545 2315 2983 3243
9012 4 2 10 2 2199 2604 2733 3280
9013 4 2 10 2 1551 1543 2924 3243
9014 4 2 10 2 1252 1363 2637 3357
9015 4 2 10 2 3281 3329 2527 3567
9016 4 2 10 2 371 372 373 3305
9017 4 2 10 2 2162 2528 2494 2792
9018 4 2 10 2 2851 3443 2408 3504
9019 4 2 10 2 2355 3201 3046 3314
9020 4 2 10 2 2665 2755 2180 3537
9021 4 2 10 2 2099 3289 3467 3632
9022 4 2 10 2 2458 3111 327 3535
9023 4 2 10 2 334 336 335 2622
9024 4 2 10 2 2526 3304 2433 3403
9025 4 2 10 2 493 2865 2417 3305
9026 4 2 10 2 2708 3090 567 3382
9027 4 2 10 2 2099 2554 3101 3407
9028 4 2 10 2 2243 3117 2766 3533
9029 4 2 10 2 1887 2884 1871 3615
9030 4 2 10 2 2097 2461 3027 3050
9031 4 2 10 2 1048 1076 1257 3147
9032 4 2 10 2 2419 2257 2910 3238
9033 4 2 10 2 2374 2570 2150 3583
9034 4 2 10 2 2074 3195 2311 3617
9035 4 2 10 2 1960 3478 3246 3615
9036 4 2 10 2 2113 3274 2462 3682
9037 4 2 10 2 2101 2567 2800 2967
9038 4 2 10 2 2597 3584 2772 3648
9039 4 2 10 2 461 3046 3042 3437
9040 4 2 10 2 945 3025 2555 3418
9041 4 2 10 2 2609 2866 2124 3145
9042 4 2 10 2 1656 2456 1654 3215
9043 4 2 10 2 504 1516 290 2536
9044 4 2 10 2 2491 2684 1589 3192
9045 4 2 10 2 344 345 2592 3245
9046 4 2 10 2 1668 1899 1670 2768
9047 4 2 10 2 2104 2617 2903 3624
9048 4 2 10 2 1787 2365 1945 3564
9049 4 2 10 2 1164 3297 2627 3532
9050 4 2 10 2 2144 2793 3422 3719
9051 4 2 10 2 583 2426 803 2944
9052 4 2 10 2 2403 2119 2632 2647
9053 4 2 10 2 1595 2810 1608 2827
9054 4 2 10 2 2151 2563 3085 3576
9055 4 2 10 2 2527 3519 2812 3662
9056 4 2 10 2 2648 3302 2609 3578
9057 4 2 10 2 2152 2349 3031 3121
9058 4 2 10 2 397 3140 2520 3230
9059 4 2 10 2 2172 2633 2313 3599
9060 4 2 10 2 2154 2739 2637 3202
9061 4 2 10 2 2549 2808 2725 3741
9062 4 2 10 2 643 2425 642 3355
9063 4 2 10 2 2406 2702 1537 3241
9064 4 2 10 2 665 2729 2464 3413
9065 4 2 10 2 2292 2938 1743 3419
9066 4 2 10 2 2461 2611 2204 2925
9067 4 2 10 2 1753 1933 1754 2348
9068 4 2 10 2 1653 2527 3329 3567
9069 4 2 10 2 2471 2983 2315 3243
9070 4 2 10 2 2130 2608 2538 3322
9071 4 2 10 2 1951 2651 3045 3530
9072 4 2 10 2 2089 3222 2698 3227
9073 4 2 10 2 2148 2888 2522 3187
9074 4 2 10 2 10 2394 11 3235
9075 4 2 10 2 2189 2449 2896 3481
9076 4 2 10 2 642 2425 643 2986
9077 4 2 10 2 1356 1154 3288 3377
9078 4 2 10 2 646 2838 3114 3498
9079 4 2 10 2 2074 2588 2591 3062
9080 4 2 10 2 2341 2778 2105 3670
9081 4 2 10 2 439 2834 2382 2994
9082 4 2 10 2 2171 2647 2569 2919
9083 4 2 10 2 43 2359 269 3382
9084 4 2 10 2 2474 2118 2800 3593
9085 4 2 10 2 1611 1849 2420 2882
9086 4 2 10 2 1699 1871 2884 3089
9087 4 2 10 2 2641 2862 1922 3636
9088 4 2 10 2 2551 2896 2189 3365
9089 4 2 10 2 2090 2901 2454 3755
9090 4 2 10 2 1312 2499 1457 3000
9091 4 2 10 2 2047 2606 1774 3303
9092 4 2 10 2 2436 2996 2886 3290
9093 4 2 10 2 2306 2131 2826 3553
9094 4 2 10 2 2137 2730 2708 3097
9095 4 2 10 2 1658 2583 1671 2586
9096 4 2 10 2 338 2622 3224 3758
9097 4 2 10 2 411 2865 2598 3673
9098 4 2 10 2 1697 3089 2414 3656
9099 4 2 10 2 2308 3342 2129 3711
9100 4 2 10 2 1581 1580 1587 3029
9101 4 2 10 2 2148 2878 2504 3174
9102 4 2 10 2 2377 3062 2656 3188
9103 4 2 10 2 2404 2142 2602 2951
9104 4 2 10 2 508 1190 303 2663
9105 4 2 10 2 2808 3729 2725 3741
9106 4 2 10 2 1275 1274 3103 3471
9107 4 2 10 2 1359 3025 945 3418
9108 4 2 10 2 1023 2307 3644 3736
9109 4 2 10 2 26 891 871 2689
9110 4 2 10 2 722 2738 3485 3581
9111 4 2 10 2 2901 3639 2454 3755
9112 4 2 10 2 2190 3156 2530 3396
9113 4 2 10 2 2216 2856 2354 3559
9114 4 2 10 2 1653 2812 2527 3519
9115 4 2 10 2 1607 1591 2402 2972
9116 4 2 10 2 767 908 2558 2841
9117 4 2 10 2 393 439 2382 2994
9118 4 2 10 2 751 2606 3137 3690
9119 4 2 10 2 1829 2822 2440 3430
9120 4 2 10 2 2655 2725 2460 2931
9121 4 2 10 2 24 2801 2437 2877
9122 4 2 10 2 1479 1474 895 2598
9123 4 2 10 2 2036 2303 3005 3590
9124 4 2 10 2 2133 3065 2820 3200
9125 4 2 10 2 2177 2774 3012 3716
9126 4 2 10 2 2113 2540 2462 3274
9127 4 2 10 2 2229 3176 2515 3359
9128 4 2 10 2 2362 2719 2078 2874
9129 4 2 10 2 2688 2858 2225 3078
9130 4 2 10 2 1154 1021 1002 3377
9131 4 2 10 2 1711 2494 1959 3015
9132 4 2 10 2 1863 3075 2502 3663
9133 4 2 10 2 393 2382 439 3672
9134 4 2 10 2 2294 3012 2177 3367
9135 4 2 10 2 2403 3188 2656 3470
9136 4 2 10 2 2130 2309 2687 3322
9137 4 2 10 2 2102 3304 2526 3403
9138 4 2 10 2 2248 2827 2339 3484
9139 4 2 10 2 2203 2391 3139 3324
9140 4 2 10 2 634 2398 635 3289
9141 4 2 10 2 2599 2503 3402 3655
9142 4 2 10 2 1428 1159 1192 2448
9143 4 2 10 2 2496 2830 2124 3234
9144 4 2 10 2 724 842 2712 3300
9145 4 2 10 2 1791 1800 1962 2324
9146 4 2 10 2 628 627 629 2385
9147 4 2 10 2 1806 1988 1686 3083
9148 4 2 10 2 2243 2977 2402 3117
9149 4 2 10 2 1211 1460 1411 2761
9150 4 2 10 2 2677 2291 3505 3713
9151 4 2 10 2 2378 2791 2548 3500
9152 4 2 10 2 908 575 767 2558
9153 4 2 10 2 2147 2416 2747 3298
9154 4 2 10 2 470 2686 2536 3312
9155 4 2 10 2 2357 2958 2767 3635
9156 4 2 10 2 380 2865 2609 3179
9157 4 2 10 2 2130 2387 3099 3362
9158 4 2 10 2 2133 2361 3200 3260
9159 4 2 10 2 1757 3127 3081 3594
9160 4 2 10 2 392 3242 559 3475
9161 4 2 10 2 2167 3252 2809 3433
9162 4 2 10 2 633 635 634 2398
9163 4 2 10 2 1164 1163 3297 3532
9164 4 2 10 2 2316 3044 2751 3574
9165 4 2 10 2 612 613 3178 3291
9166 4 2 10 2 2134 2315 2924 3161
9167 4 2 10 2 945 2555 2682 3418
9168 4 2 10 2 1190 2490 1465 3263
9169 4 2 10 2 2131 2746 2317 3250
9170 4 2 10 2 2439 2752 2405 3312
9171 4 2 10 2 2088 2913 2395 3117
9172 4 2 10 2 1892 1866 2773 3231
9173 4 2 10 2 1622 1624 1621 3339
9174 4 2 10 2 2019 2536 2048 3013
9175 4 2 10 2 1597 2491 2915 3734
9176 4 2 10 2 1803 2450 1486 3032
9177 4 2 10 2 1515 2532 2796 3597
9178 4 2 10 2 1760 2505 1968 2626
9179 4 2 10 2 1552 1547 2709 3489
9180 4 2 10 2 2156 2810 2339 2827
9181 4 2 10 2 2173 3011 2419 3457
9182 4 2 10 2 1135 1286 1275 2845
9183 4 2 10 2 1844 2639 3084 3277
9184 4 2 10 2 2362 2650 2772 3659
9185 4 2 10 2 2166 2562 2371 3136
9186 4 2 10 2 2394 2629 2144 3235
9187 4 2 10 2 1080 1457 2736 3000
9188 4 2 10 2 1065 2543 1066 3103
9189 4 2 10 2 2846 3079 2446 3225
9190 4 2 10 2 965 2765 2373 3456
9191 4 2 10 2 1306 2337 1099 3270
9192 4 2 10 2 1894 2428 1994 3049
9193 4 2 10 2 2431 2172 3135 3255
9194 4 2 10 2 2863 3321 2264 3696
9195 4 2 10 2 2118 2548 2791 3500
9196 4 2 10 2 2541 3275 1003 3661
9197 4 2 10 2 586 770 840 2690
9198 4 2 10 2 2334 2770 2203 2785
9199 4 2 10 2 1294 3556 2696 3704
9200 4 2 10 2 2379 3147 2828 3522
9201 4 2 10 2 1493 783 1983 2564
9202 4 2 10 2 2226 2775 2670 3286
9203 4 2 10 2 2209 2686 2536 3758
9204 4 2 10 2 2740 3311 2380 3582
9205 4 2 10 2 510 2870 2490 3319
9206 4 2 10 2 2092 3259 3423 3604
9207 4 2 10 2 1756 2402 1606 3697
9208 4 2 10 2 2683 3057 2581 3399
9209 4 2 10 2 1043 3067 2429 3425
9210 4 2 10 2 1897 1688 1646 2546
9211 4 2 10 2 2164 2290 2699 3006
9212 4 2 10 2 2223 2507 3101 3407
9213 4 2 10 2 2000 2033 2575 3343
9214 4 2 10 2 2555 2867 2374 3158
9215 4 2 10 2 2644 3086 2234 3674
9216 4 2 10 2 1975 1893 2051 2564
9217 4 2 10 2 2407 2159 3109 3462
9218 4 2 10 2 1541 3243 2960 3686
9219 4 2 10 2 2071 2404 2602 2951
9220 4 2 10 2 2061 3152 2300 3267
9221 4 2 10 2 420 2517 516 2685
9222 4 2 10 2 2186 2952 2698 3227
9223 4 2 10 2 1344 2879 2836 3575
9224 4 2 10 2 2386 2762 920 2991
9225 4 2 10 2 1356 1154 1002 3288
9226 4 2 10 2 541 3196 3111 3541
9227 4 2 10 2 2264 3071 3006 3321
9228 4 2 10 2 2783 2982 1872 3486
9229 4 2 10 2 1863 1734 2502 3075
9230 4 2 10 2 644 2425 643 3217
9231 4 2 10 2 2303 3439 464 3504
9232 4 2 10 2 2878 2972 2328 3187
9233 4 2 10 2 1701 1700 2338 3081
9234 4 2 10 2 359 358 360 3204
9235 4 2 10 2 2365 2209 2651 2802
9236 4 2 10 2 2095 2486 2728 3599
9237 4 2 10 2 443 446 490 2489
9238 4 2 10 2 3160 3161 2282 3243
9239 4 2 10 2 1638 1861 1731 2446
9240 4 2 10 2 656 2780 657 2907
9241 4 2 10 2 2092 3423 2475 3604
9242 4 2 10 2 1237 891 2689 2852
9243 4 2 10 2 2207 3201 2355 3314
9244 4 2 10 2 1854 3586 2742 3720
9245 4 2 10 2 2658 2186 2950 3270
9246 4 2 10 2 1880 2883 1748 3590
9247 4 2 10 2 2654 2727 1292 3532
9248 4 2 10 2 842 2276 734 3405
9249 4 2 10 2 2827 2887 2248 3360
9250 4 2 10 2 2251 2613 2612 3153
9251 4 2 10 2 858 2324 773 3233
9252 4 2 10 2 2298 2170 2718 3436
9253 4 2 10 2 2209 3078 2686 3758
9254 4 2 10 2 1975 1814 2915 3051
9255 4 2 10 2 2174 2512 2363 3293
9256 4 2 10 2 2751 2922 2160 3060
9257 4 2 10 2 1308 1052 2449 3369
9258 4 2 10 2 1248 3136 2438 3186
9259 4 2 10 2 2315 2471 3243 3299
9260 4 2 10 2 1428 2448 2893 3398
9261 4 2 10 2 1150 1151 1184 2787
9262 4 2 10 2 2501 3271 2518 3730
9263 4 2 10 2 2567 2237 2967 3112
9264 4 2 10 2 2154 2637 2739 3240
9265 4 2 10 2 2151 2711 2302 3085
9266 4 2 10 2 2587 2681 2231 3331
9267 4 2 10 2 2457 2941 654 3325
9268 4 2 10 2 1262 1070 2553 2830
9269 4 2 10 2 2421 2212 2774 3225
9270 4 2 10 2 1552 1547 1548 2709
9271 4 2 10 2 1711 2494 3015 3642
9272 4 2 10 2 2306 3158 2131 3553
9273 4 2 10 2 629 3061 2385 3592
9274 4 2 10 2 2501 2935 2594 3037
9275 4 2 10 2 503 2880 3095 3505
9276 4 2 10 2 1309 2393 1307 3736
9277 4 2 10 2 2297 2664 2585 3658
9278 4 2 10 2 2378 2567 2146 3500
9279 4 2 10 2 1413 1219 1333 2644
9280 4 2 10 2 938 2922 2751 3060
9281 4 2 10 2 1787 1981 2365 3488
9282 4 2 10 2 2118 2601 2548 3444
9283 4 2 10 2 2050 1486 1801 3028
9284 4 2 10 2 1748 1880 1593 2883
9285 4 2 10 2 3193 3273 2447 3384
9286 4 2 10 2 1879 2509 1644 3489
9287 4 2 10 2 802 2760 1211 2944
9288 4 2 10 2 1891 2546 1897 3379
9289 4 2 10 2 2095 2728 3378 3599
9290 4 2 10 2 1751 1776 2782 3120
9291 4 2 10 2 2216 2581 2683 3057
9292 4 2 10 2 2380 3156 2740 3582
9293 4 2 10 2 573 1983 2564 3051
9294 4 2 10 2 2348 2673 1753 3526
9295 4 2 10 2 658 659 660 2907
9296 4 2 10 2 2967 3112 2237 3542
9297 4 2 10 2 1287 1453 1371 3336
9298 4 2 10 2 1486 2450 1801 3028
9299 4 2 10 2 644 643 2425 2986
9300 4 2 10 2 2070 2594 2935 3250
9301 4 2 10 2 1058 1306 1099 3270
9302 4 2 10 2 2407 2159 3066 3109
9303 4 2 10 2 1646 2576 1648 3689
9304 4 2 10 2 2486 3378 2728 3599
9305 4 2 10 2 2065 2953 2542 3469
9306 4 2 10 2 43 3382 269 3681
9307 4 2 10 2 2101 2800 2582 2967
9308 4 2 10 2 952 2607 970 3044
9309 4 2 10 2 633 2398 632 3061
9310 4 2 10 2 1052 1019 1308 2449
9311 4 2 10 2 2167 2296 2809 2860
9312 4 2 10 2 516 515 419 2517
9313 4 2 10 2 2142 3037 2854 3347
9314 4 2 10 2 2092 2703 3009 3031
9315 4 2 10 2 2139 2484 2376 3516
9316 4 2 10 2 2969 3184 2382 3672
9317 4 2 10 2 140 2731 738 3028
9318 4 2 10 2 2440 2819 2498 3702
9319 4 2 10 2 2716 3461 962 3736
9320 4 2 10 2 998 1001 1000 3257
9321 4 2 10 2 2188 3611 2584 3728
9322 4 2 10 2 2225 2858 2688 3203
9323 4 2 10 2 2436 2996 2464 3485
9324 4 2 10 2 2300 3177 2164 3756
9325 4 2 10 2 1938 2730 2055 3392
9326 4 2 10 2 2573 2832 2311 3502
9327 4 2 10 2 758 1808 2610 3479
9328 4 2 10 2 2090 2454 2901 3292
9329 4 2 10 2 657 2780 2457 3585
9330 4 2 10 2 423 497 484 2484
9331 4 2 10 2 2141 2657 2965 3308
9332 4 2 10 2 1104 1034 1248 2438
9333 4 2 10 2 407 2433 2526 3304
9334 4 2 10 2 2490 2870 1206 3575
9335 4 2 10 2 2096 2792 2528 3603
9336 4 2 10 2 1938 3075 2730 3392
9337 4 2 10 2 3064 3118 2253 3460
9338 4 2 10 2 2184 2793 2571 3589
9339 4 2 10 2 2182 3096 2843 3501
9340 4 2 10 2 2261 2541 2968 3631
9341 4 2 10 2 2296 2860 2167 3008
9342 4 2 10 2 1304 1402 3064 3118
9343 4 2 10 2 1122 2349 2836 3121
9344 4 2 10 2 2357 2157 2885 3171
9345 4 2 10 2 1584 2883 1880 3484
9346 4 2 10 2 292 2687 1958 3564
9347 4 2 10 2 2157 2885 2398 3320
9348 4 2 10 2 1547 2381 1888 2948
9349 4 2 10 2 2419 3011 2173 3517
9350 4 2 10 2 2309 3474 502 3527
9351 4 2 10 2 2144 2476 2510 2779
9352 4 2 10 2 2444 3137 2223 3407
9353 4 2 10 2 1355 2358 1280 3634
9354 4 2 10 2 2089 2388 2698 3573
9355 4 2 10 2 2300 2667 2620 3629
9356 4 2 10 2 2767 3061 2157 3171
9357 4 2 10 2 2365 2943 431 3564
9358 4 2 10 2 2105 2341 3670 3739
9359 4 2 10 2 1517 749 2467 3032
9360 4 2 10 2 990 989 991 2342
9361 4 2 10 2 2085 3033 3360 3423
9362 4 2 10 2 2813 3022 2299 3026
9363 4 2 10 2 1700 2338 3081 3127
9364 4 2 10 2 774 773 858 2324
9365 4 2 10 2 1668 3129 2345 3619
9366 4 2 10 2 2174 3131 2448 3455
9367 4 2 10 2 1494 485 1968 2505
9368 4 2 10 2 2700 3521 2389 3543
9369 4 2 10 2 2612 2234 3209 3674
9370 4 2 10 2 2143 2678 2470 3325
9371 4 2 10 2 2110 2406 2702 2948
9372 4 2 10 2 473 1212 1479 3361
9373 4 2 10 2 1936 1937 2038 3133
9374 4 2 10 2 2727 2981 2241 3093
9375 4 2 10 2 2988 3285 433 3548
9376 4 2 10 2 2431 3135 2523 3255
9377 4 2 10 2 1241 1156 1240 2330
9378 4 2 10 2 979 2968 3570 3729
9379 4 2 10 2 2157 2385 3087 3320
9380 4 2 10 2 2365 2651 2209 2857
9381 4 2 10 2 2111 2697 2321 3157
9382 4 2 10 2 318 316 314 3201
9383 4 2 10 2 2750 3159 2231 3309
9384 4 2 10 2 1656 3074 2456 3215
9385 4 2 10 2 2612 2613 2251 3709
9386 4 2 10 2 2192 2354 2971 3144
9387 4 2 10 2 2293 2181 2714 3694
9388 4 2 10 2 2599 2503 3655 3702
9389 4 2 10 2 984 1288 2565 3059
9390 4 2 10 2 2342 2595 2101 2871
9391 4 2 10 2 599 1521 785 2428
9392 4 2 10 2 2630 3247 2189 3520
9393 4 2 10 2 2452 2698 2202 3286
9394 4 2 10 2 2449 2855 2277 3202
9395 4 2 10 2 378 2609 380 2865
9396 4 2 10 2 612 3032 611 3291
9397 4 2 10 2 2258 2919 2441 3688
9398 4 2 10 2 1380 887 1223 2835
9399 4 2 10 2 1700 1681 2338 3127
9400 4 2 10 2 2705 2108 3326 3384
9401 4 2 10 2 3160 3161 2315 3299
9402 4 2 10 2 2174 2921 2523 3455
9403 4 2 10 2 2429 3173 2113 3440
9404 4 2 10 2 2079 2919 2900 3158
9405 4 2 10 2 2320 2063 3096 3175
9406 4 2 10 2 2271 3232 3508 3595
9407 4 2 10 2 2730 2976 2268 3075
9408 4 2 10 2 2161 2601 2541 3002
9409 4 2 10 2 2252 3122 2348 3526
9410 4 2 10 2 1222 3196 2726 3214
9411 4 2 10 2 2115 2926 2443 3253
9412 4 2 10 2 2338 2669 3081 3724
9413 4 2 10 2 2379 3147 1259 3454
9414 4 2 10 2 2167 2981 2727 3470
9415 4 2 10 2 1374 2352 1145 3069
9416 4 2 10 2 2361 2133 3065 3260
9417 4 2 10 2 809 2678 2835 3325
9418 4 2 10 2 1539 1538 2702 3686
9419 4 2 10 2 2528 2910 2257 3247
9420 4 2 10 2 2432 2320 3072 3556
9421 4 2 10 2 1835 1718 1602 3397
9422 4 2 10 2 2212 2846 2446 3225
9423 4 2 10 2 493 2417 2865 3673
9424 4 2 10 2 2065 2508 2611 3327
9425 4 2 10 2 2240 2769 2487 3096
9426 4 2 10 2 1367 3166 1366 3311
9427 4 2 10 2 1373 2978 2415 2993
9428 4 2 10 2 779 2842 623 3427
9429 4 2 10 2 2324 3233 2199 3540
9430 4 2 10 2 827 711 2415 3168
9431 4 2 10 2 2529 2762 3180 3742
9432 4 2 10 2 1232 1095 1144 2371
9433 4 2 10 2 2146 2546 3023 3379
9434 4 2 10 2 2948 3052 2246 3146
9435 4 2 10 2 1780 2382 2031 3081
9436 4 2 10 2 2078 2452 3284 3514
9437 4 2 10 2 1189 1346 3197 3251
9438 4 2 10 2 1307 2393 2813 3736
9439 4 2 10 2 2190 2740 2274 3396
9440 4 2 10 2 2393 2579 2195 3026
9441 4 2 10 2 2459 3347 2366 3511
9442 4 2 10 2 2246 2948 2709 3748
9443 4 2 10 2 2275 2616 3087 3091
9444 4 2 10 2 1206 2490 1224 2870
9445 4 2 10 2 1760 2006 1968 2505
9446 4 2 10 2 2156 2420 3200 3260
9447 4 2 10 2 2162 2655 2667 3267
9448 4 2 10 2 2204 2925 2908 3178
9449 4 2 10 2 2137 2976 2730 3075
9450 4 2 10 2 2186 2813 2307 2950
9451 4 2 10 2 491 2575 416 2928
9452 4 2 10 2 2386 2145 2642 3041
9453 4 2 10 2 1667 1988 3083 3619
9454 4 2 10 2 2145 2677 3041 3328
9455 4 2 10 2 1059 2658 1057 3270
9456 4 2 10 2 547 3140 397 3230
9457 4 2 10 2 1415 1458 3368 3582
9458 4 2 10 2 2306 2765 2258 2919
9459 4 2 10 2 2098 2621 2458 2969
9460 4 2 10 2 2316 3063 2922 3282
9461 4 2 10 2 2896 3603 2445 3739
9462 4 2 10 2 2112 3444 2378 3658
9463 4 2 10 2 434 2969 393 3184
9464 4 2 10 2 1454 1318 2995 3415
9465 4 2 10 2 2240 2912 2696 3704
9466 4 2 10 2 3314 3448 3131 3521
9467 4 2 10 2 2103 2451 3402 3695
9468 4 2 10 2 1362 2347 1365 3450
9469 4 2 10 2 2405 2880 2688 3095
9470 4 2 10 2 2540 2962 2510 3440
9471 4 2 10 2 1122 2836 2349 3575
9472 4 2 10 2 2144 3235 2629 3719
9473 4 2 10 2 2182 2549 2460 3481
9474 4 2 10 2 2092 3423 2556 3509
9475 4 2 10 2 470 2536 2752 3312
9476 4 2 10 2 2073 2596 2515 2985
9477 4 2 10 2 2261 3253 2725 3753
9478 4 2 10 2 1098 1369 3311 3582
9479 4 2 10 2 1796 2550 2810 2923
9480 4 2 10 2 2106 2676 2488 2695
9481 4 2 10 2 2308 2172 2939 3135
9482 4 2 10 2 958 967 3066 3456
9483 4 2 10 2 2510 3440 2335 3698
9484 4 2 10 2 2611 2097 3027 3754
9485 4 2 10 2 2103 3402 2503 3695
9486 4 2 10 2 1703 2873 1857 3386
9487 4 2 10 2 2207 3081 2669 3724
9488 4 2 10 2 2126 2444 2872 3690
9489 4 2 10 2 502 2309 3527 3664
9490 4 2 10 2 1268 1280 2358 3148
9491 4 2 10 2 1889 2823 3246 3478
9492 4 2 10 2 2669 3081 2207 3692
9493 4 2 10 2 2350 3106 2468 3262
9494 4 2 10 2 2338 3081 2669 3692
9495 4 2 10 2 2504 2298 3108 3436
9496 4 2 10 2 318 3046 316 3201
9497 4 2 10 2 2627 2815 2295 2984
9498 4 2 10 2 2099 2398 2885 3320
9499 4 2 10 2 818 719 3051 3534
9500 4 2 10 2 2835 2984 1380 3708
9501 4 2 10 2 2230 2508 2833 3376
9502 4 2 10 2 3016 3191 2343 3586
9503 4 2 10 2 2798 2896 2066 3481
9504 4 2 10 2 2148 2972 2402 3029
9505 4 2 10 2 2470 2678 2254 3441
9506 4 2 10 2 1589 1590 2684 3734
9507 4 2 10 2 2094 2822 2440 3426
9508 4 2 10 2 2225 3078 2858 3203
9509 4 2 10 2 11 2394 237 3717
9510 4 2 10 2 1725 2970 2343 3640
9511 4 2 10 2 2343 2165 2850 3191
9512 4 2 10 2 42 2359 43 3382
9513 4 2 10 2 42 269 2359 3167
9514 4 2 10 2 2196 2744 2326 3327
9515 4 2 10 2 2044 1775 2021 492
9516 4 2 10 2 2684 2763 2302 3084
9517 4 2 10 2 2052 2916 1985 3082
9518 4 2 10 2 2384 2874 2773 3138
9519 4 2 10 2 1232 2371 1144 3136
9520 4 2 10 2 1367 1168 1366 3166
9521 4 2 10 2 1884 2812 1653 3519
9522 4 2 10 2 1998 3068 2640 3330
9523 4 2 10 2 2112 2548 3444 3658
9524 4 2 10 2 2199 3233 2324 3401
9525 4 2 10 2 2256 2733 2604 3280
9526 4 2 10 2 1335 2847 1220 2955
9527 4 2 10 2 2072 2757 2289 3406
9528 4 2 10 2 2088 3117 2395 3533
9529 4 2 10 2 1857 2586 3386 3675
9530 4 2 10 2 972 2809 1026 2860
9531 4 2 10 2 1190 1224 1465 2490
9532 4 2 10 2 1993 1514 1735 2692
9533 4 2 10 2 2307 2813 1024 2950
9534 4 2 10 2 2353 2866 2400 3108
9535 4 2 10 2 492 2439 488 2752
9536 4 2 10 2 1717 1716 1944 3346
9537 4 2 10 2 2148 2504 2888 3174
9538 4 2 10 2 1617 1577 1830 2384
9539 4 2 10 2 899 586 1435 2767
9540 4 2 10 2 2162 2776 2655 2798
9541 4 2 10 2 284 1520 484 2484
9542 4 2 10 2 2634 2897 2346 3298
9543 4 2 10 2 2130 2687 2899 3322
9544 4 2 10 2 1681 2939 2338 3127
9545 4 2 10 2 2532 3410 2796 3597
9546 4 2 10 2 2067 2872 2419 3036
9547 4 2 10 2 2287 2777 2704 3176
9548 4 2 10 2 1695 3045 2651 3391
9549 4 2 10 2 2541 2261 2839 3194
9550 4 2 10 2 2281 2811 2447 3326
9551 4 2 10 2 2460 2549 2182 3501
9552 4 2 10 2 2253 2685 2395 2913
9553 4 2 10 2 677 795 711 3301
9554 4 2 10 2 2601 3275 2541 3661
9555 4 2 10 2 2104 2670 2372 3722
9556 4 2 10 2 2349 3273 2490 3575
9557 4 2 10 2 1659 1840 3129 3215
9558 4 2 10 2 2955 3393 2847 3726
9559 4 2 10 2 1778 2467 2052 3082
9560 4 2 10 2 2190 2274 2740 3156
9561 4 2 10 2 2182 2449 2549 3481
9562 4 2 10 2 2492 2608 2363 3099
9563 4 2 10 2 927 926 3047 3556
9564 4 2 10 2 984 986 3059 3661
9565 4 2 10 2 452 2365 431 3564
9566 4 2 10 2 2220 2349 2671 3031
9567 4 2 10 2 2309 2899 2687 3322
9568 4 2 10 2 2172 3599 2748 3628
9569 4 2 10 2 2729 2973 2153 3292
9570 4 2 10 2 2722 2861 2298 3636
9571 4 2 10 2 2530 2717 2274 3572
9572 4 2 10 2 2129 2848 2633 3712
9573 4 2 10 2 1325 2778 3220 3751
9574 4 2 10 2 1857 3386 2873 3675
9575 4 2 10 2 2141 2356 2714 2965
9576 4 2 10 2 2555 3583 2374 3646
9577 4 2 10 2 1101 3358 2700 3543
9578 4 2 10 2 1990 610 596 3032
9579 4 2 10 2 2881 3140 442 3230
9580 4 2 10 2 976 973 925 3072
9581 4 2 10 2 2090 2815 2627 3755
9582 4 2 10 2 1410 3147 1146 3249
9583 4 2 10 2 2551 2807 2257 3457
9584 4 2 10 2 2149 2659 2614 3214
9585 4 2 10 2 2768 3587 1670 3619
9586 4 2 10 2 1311 2751 2701 3644
9587 4 2 10 2 442 553 2881 3230
9588 4 2 10 2 1632 2343 1725 3586
9589 4 2 10 2 2383 3159 2750 3309
9590 4 2 10 2 732 751 2823 3137
9591 4 2 10 2 2168 2637 2379 3522
9592 4 2 10 2 2551 3247 2189 3603
9593 4 2 10 2 2172 2289 2795 3255
9594 4 2 10 2 2814 3448 3314 3521
9595 4 2 10 2 2074 2441 3195 3617
9596 4 2 10 2 1298 2821 1007 3173
9597 4 2 10 2 2423 3016 2137 3191
9598 4 2 10 2 2700 3358 2221 3543
9599 4 2 10 2 11 2980 2394 3717
9600 4 2 10 2 2301 2144 2999 3760
9601 4 2 10 2 2124 2830 2417 3388
9602 4 2 10 2 2464 2996 2266 3485
9603 4 2 10 2 699 2530 698 3554
9604 4 2 10 2 2157 2885 2332 3087
9605 4 2 10 2 2147 2953 2330 3469
9606 4 2 10 2 1192 2448 1159 3358
9607 4 2 10 2 2115 2725 2549 2808
9608 4 2 10 2 629 2385 627 3592
9609 4 2 10 2 473 3149 1212 3361
9610 4 2 10 2 423 300 483 2626
9611 4 2 10 2 2168 2637 2485 3240
9612 4 2 10 2 2387 2538 2149 3541
9613 4 2 10 2 2523 3333 2669 3455
9614 4 2 10 2 2351 3206 728 3353
9615 4 2 10 2 2072 2289 3255 3406
9616 4 2 10 2 2151 2324 2920 3085
9617 4 2 10 2 1454 2995 1214 3370
9618 4 2 10 2 2504 2878 2148 3029
9619 4 2 10 2 2174 2363 2614 3293
9620 4 2 10 2 2380 3166 2269 3372
9621 4 2 10 2 2159 2591 2513 2737
9622 4 2 10 2 828 681 827 2415
9623 4 2 10 2 2417 3070 273 3305
9624 4 2 10 2 2264 3006 2699 3321
9625 4 2 10 2 1065 1066 1059 3103
9626 4 2 10 2 705 698 3097 3554
9627 4 2 10 2 690 3226 2662 3414
9628 4 2 10 2 2358 1268 3148 3258
9629 4 2 10 2 2127 2489 2735 3024
9630 4 2 10 2 2825 3309 2587 3432
9631 4 2 10 2 1251 2595 992 2871
9632 4 2 10 2 2112 2547 2378 3444
9633 4 2 10 2 1544 2471 1850 2960
9634 4 2 10 2 1933 2348 1753 3526
9635 4 2 10 2 2086 3065 2361 3350
9636 4 2 10 2 2173 3011 3457 3517
9637 4 2 10 2 2386 2529 3328 3713
9638 4 2 10 2 2463 2471 2158 3299
9639 4 2 10 2 1440 1229 1442 3019
9640 4 2 10 2 2094 2874 2698 3506
9641 4 2 10 2 1662 2748 2527 3567
9642 4 2 10 2 375 2865 493 3305
9643 4 2 10 2 707 623 779 2842
9644 4 2 10 2 1928 3420 2898 3489
9645 4 2 10 2 2324 2676 2199 2840
9646 4 2 10 2 2328 2918 2218 2972
9647 4 2 10 2 2354 2124 2866 3234
9648 4 2 10 2 2503 2819 2599 3402
9649 4 2 10 2 1725 2343 1634 3640
9650 4 2 10 2 2312 3639 2901 3755
9651 4 2 10 2 2500 3203 2668 3274
9652 4 2 10 2 137 869 136 3405
9653 4 2 10 2 2173 2807 2483 3525
9654 4 2 10 2 965 971 966 2373
9655 4 2 10 2 2369 2973 2729 3292
9656 4 2 10 2 2095 2728 2577 3112
9657 4 2 10 2 2207 3314 2735 3724
9658 4 2 10 2 1095 2371 2657 3308
9659 4 2 10 2 1173 1172 2380 3372
9660 4 2 10 2 2541 2839 1003 3275
9661 4 2 10 2 2106 2676 2442 3459
9662 4 2 10 2 2124 2417 2937 3388
9663 4 2 10 2 2188 3067 2565 3425
9664 4 2 10 2 1240 1378 2468 3190
9665 4 2 10 2 1127 1342 1345 3022
9666 4 2 10 2 649 3010 2519 3441
9667 4 2 10 2 297 1945 453 2802
9668 4 2 10 2 2921 3333 2174 3398
9669 4 2 10 2 1436 1312 2499 3345
9670 4 2 10 2 2540 2510 3428 3440
9671 4 2 10 2 2240 2912 2894 3511
9672 4 2 10 2 266 2721 1501 3750
9673 4 2 10 2 2688 2880 2291 3095
9674 4 2 10 2 2115 2460 2549 2725
9675 4 2 10 2 2139 2918 2484 3516
9676 4 2 10 2 2480 2815 2627 2984
9677 4 2 10 2 2128 3397 2516 3600
9678 4 2 10 2 2144 2510 2476 3428
9679 4 2 10 2 2217 2600 2367 3671
9680 4 2 10 2 2340 2964 2927 3147
9681 4 2 10 2 2176 2892 2575 2928
9682 4 2 10 2 2654 3066 967 3456
9683 4 2 10 2 2630 2839 1278 3729
9684 4 2 10 2 2581 2617 2178 2903
9685 4 2 10 2 2249 2822 2440 3476
9686 4 2 10 2 502 3184 288 3474
9687 4 2 10 2 1953 1488 582 3125
9688 4 2 10 2 2531 2778 2105 3667
9689 4 2 10 2 2103 2453 2819 3123
9690 4 2 10 2 1536 1538 1842 2702
9691 4 2 10 2 2178 2299 2675 3251
9692 4 2 10 2 2284 2547 3390 3719
9693 4 2 10 2 2383 3068 1691 3354
9694 4 2 10 2 840 3061 629 3592
9695 4 2 10 2 2214 3003 2796 3315
9696 4 2 10 2 2363 2149 2614 3683
9697 4 2 10 2 2351 2792 2177 3183
9698 4 2 10 2 2284 2546 2378 3334
9699 4 2 10 2 2174 2363 2512 3341
9700 4 2 10 2 2390 2592 2214 2911
9701 4 2 10 2 700 705 698 3097
9702 4 2 10 2 300 423 484 2626
9703 4 2 10 2 2383 2750 2231 3309
9704 4 2 10 2 2291 3041 2677 3328
9705 4 2 10 2 420 516 361 2685
9706 4 2 10 2 2346 2147 2679 3298
9707 4 2 10 2 1197 1321 1344 2836
9708 4 2 10 2 1123 3263 2490 3575
9709 4 2 10 2 2508 2744 2196 3327
9710 4 2 10 2 2124 2937 2400 3477
9711 4 2 10 2 2331 3090 41 3654
9712 4 2 10 2 2223 3137 2444 3557
9713 4 2 10 2 1000 2580 1005 2963
9714 4 2 10 2 1990 1486 610 3032
9715 4 2 10 2 2876 3172 2278 3593
9716 4 2 10 2 1312 1457 1080 3000
9717 4 2 10 2 2306 2900 2919 3158
9718 4 2 10 2 1775 2439 1714 3315
9719 4 2 10 2 2103 2599 2819 3402
9720 4 2 10 2 2140 3107 2502 3486
9721 4 2 10 2 1720 1695 2651 3391
9722 4 2 10 2 2019 1516 2048 2536
9723 4 2 10 2 1545 1549 1546 2983
9724 4 2 10 2 11 237 2980 3717
9725 4 2 10 2 2310 2621 3333 3692
9726 4 2 10 2 2104 3591 2617 3624
9727 4 2 10 2 1301 2432 2764 3170
9728 4 2 10 2 2737 2786 2472 3462
9729 4 2 10 2 686 2572 2643 2902
9730 4 2 10 2 1777 2506 2970 3294
9731 4 2 10 2 397 2520 395 3230
9732 4 2 10 2 856 747 3414 3745
9733 4 2 10 2 2039 2031 1780 2382
9734 4 2 10 2 699 698 697 3554
9735 4 2 10 2 2248 2883 2533 3424
9736 4 2 10 2 2277 3220 2778 3751
9737 4 2 10 2 1003 2541 983 2839
9738 4 2 10 2 2068 2378 2567 3334
9739 4 2 10 2 2331 3090 2359 3167
9740 4 2 10 2 2092 2703 2475 3509
9741 4 2 10 2 2117 3644 2597 3648
9742 4 2 10 2 2210 2996 2818 3459
9743 4 2 10 2 1667 3083 2583 3619
9744 4 2 10 2 2753 2999 2235 3017
9745 4 2 10 2 2633 2848 2313 3712
9746 4 2 10 2 2331 3261 2824 3654
9747 4 2 10 2 396 395 397 3295
9748 4 2 10 2 1138 2480 1336 2984
9749 4 2 10 2 1920 2899 2497 3043
9750 4 2 10 2 2475 3360 3033 3423
9751 4 2 10 2 2320 2764 2432 3096
9752 4 2 10 2 2483 3275 2327 3613
9753 4 2 10 2 2140 2783 3107 3486
9754 4 2 10 2 2103 2819 2503 3402
9755 4 2 10 2 1138 1063 2480 2927
9756 4 2 10 2 585 3098 836 3368
9757 4 2 10 2 1564 2704 3580 3621
9758 4 2 10 2 1701 2338 1681 3561
9759 4 2 10 2 2952 3402 2503 3655
9760 4 2 10 2 1354 1012 1035 3601
9761 4 2 10 2 2194 3193 2557 3384
9762 4 2 10 2 2255 3311 2740 3566
9763 4 2 10 2 1275 1274 1135 3103
9764 4 2 10 2 1173 2380 1172 3582
9765 4 2 10 2 2393 2813 2307 3026
9766 4 2 10 2 1504 2033 1948 2575
9767 4 2 10 2 520 2805 563 3210
9768 4 2 10 2 2294 3012 1735 3256
9769 4 2 10 2 2497 2899 1920 3703
9770 4 2 10 2 1880 2883 2556 3484
9771 4 2 10 2 1603 1732 2957 3198
9772 4 2 10 2 530 2641 546 2998
9773 4 2 10 2 376 378 2865 2928
9774 4 2 10 2 2124 2598 2496 3179
9775 4 2 10 2 268 1153 265 3038
9776 4 2 10 2 1287 1453 3336 3633
9777 4 2 10 2 2144 2793 2636 3422
9778 4 2 10 2 2147 2346 2897 3298
9779 4 2 10 2 1050 1032 1447 2551
9780 4 2 10 2 2182 2549 2449 3170
9781 4 2 10 2 2404 3104 3037 3538
9782 4 2 10 2 623 2842 2461 3427
9783 4 2 10 2 626 2385 627 3279
9784 4 2 10 2 1780 1781 1782 2652
9785 4 2 10 2 2427 3271 2518 3487
9786 4 2 10 2 2093 2360 2911 3180
9787 4 2 10 2 1850 2471 1546 2942
9788 4 2 10 2 2181 2293 2714 3680
9789 4 2 10 2 2425 2986 3011 3102
9790 4 2 10 2 1997 1776 2053 2484
9791 4 2 10 2 1563 2377 1570 3313
9792 4 2 10 2 1326 2386 920 2991
9793 4 2 10 2 2556 3005 2303 3590
9794 4 2 10 2 2324 2199 2676 3540
9795 4 2 10 2 2347 2150 2837 3583
9796 4 2 10 2 2099 2885 2398 3467
9797 4 2 10 2 2326 2586 2196 3386
9798 4 2 10 2 2591 2737 2159 2786
9799 4 2 10 2 1933 1754 2348 3277
9800 4 2 10 2 882 2691 1221 3100
9801 4 2 10 2 2518 3271 2427 3730
9802 4 2 10 2 2248 2339 3360 3423
9803 4 2 10 2 2710 3197 2178 3295
9804 4 2 10 2 1251 992 991 2871
9805 4 2 10 2 1013 2727 3297 3532
9806 4 2 10 2 660 2907 2369 3507
9807 4 2 10 2 2214 2911 2592 3163
9808 4 2 10 2 2189 2549 2460 2725
9809 4 2 10 2 1172 1369 2380 3311
9810 4 2 10 2 2520 3164 2397 3189
9811 4 2 10 2 2344 3364 2010 3678
9812 4 2 10 2 2175 3083 2790 3619
9813 4 2 10 2 1647 2576 1646 3422
9814 4 2 10 2 2855 3202 2449 3669
9815 4 2 10 2 492 2044 2439 2752
9816 4 2 10 2 452 336 431 3224
9817 4 2 10 2 2820 3065 2361 3200
9818 4 2 10 2 2194 2447 3273 3384
9819 4 2 10 2 929 2696 2625 3472
9820 4 2 10 2 419 3204 2430 3715
9821 4 2 10 2 1646 1647 1648 2576
9822 4 2 10 2 2013 2010 1818 3678
9823 4 2 10 2 2400 2766 2088 3145
9824 4 2 10 2 2172 2817 3599 3628
9825 4 2 10 2 1362 2555 945 3025
9826 4 2 10 2 2193 2712 2747 3738
9827 4 2 10 2 2277 2637 2739 3202
9828 4 2 10 2 2443 3006 2164 3706
9829 4 2 10 2 2257 2551 3247 3520
9830 4 2 10 2 2337 3113 1099 3270
9831 4 2 10 2 1075 2495 1106 2995
9832 4 2 10 2 2062 2375 2849 3039
9833 4 2 10 2 2455 2662 2169 2816
9834 4 2 10 2 2322 2071 2951 3579
9835 4 2 10 2 2131 2713 2593 3250
9836 4 2 10 2 1366 1365 2665 3110
9837 4 2 10 2 500 2947 2674 3447
9838 4 2 10 2 2075 2909 2833 3172
9839 4 2 10 2 858 3034 2324 3233
9840 4 2 10 2 2094 2822 3426 3506
9841 4 2 10 2 2068 2567 2378 2932
9842 4 2 10 2 2156 3169 2545 3360
9843 4 2 10 2 1043 2429 3067 3173
9844 4 2 10 2 2110 2406 2948 3052
9845 4 2 10 2 2616 2789 2230 3376
9846 4 2 10 2 2240 2696 2366 3350
9847 4 2 10 2 569 2660 822 3132
9848 4 2 10 2 1753 2348 1754 3294
9849 4 2 10 2 2183 2564 3049 3154
9850 4 2 10 2 1191 1475 2678 3249
9851 4 2 10 2 1189 2581 1346 3251
9852 4 2 10 2 2348 2905 2639 3277
9853 4 2 10 2 2219 2989 2663 3258
9854 4 2 10 2 1529 2001 812 2643
9855 4 2 10 2 2129 2633 3356 3712
9856 4 2 10 2 2194 3273 3193 3384
9857 4 2 10 2 624 625 626 2842
9858 4 2 10 2 2160 3482 2316 3550
9859 4 2 10 2 753 2986 728 3353
9860 4 2 10 2 1299 3205 2770 3421
9861 4 2 10 2 2483 2807 2257 3248
9862 4 2 10 2 2891 3130 538 3681
9863 4 2 10 2 2293 2714 2559 3431
9864 4 2 10 2 2374 2142 2682 3646
9865 4 2 10 2 2297 2187 2791 3375
9866 4 2 10 2 2298 2861 2722 3591
9867 4 2 10 2 1555 1554 2573 3605
9868 4 2 10 2 1410 1146 1475 3249
9869 4 2 10 2 351 2408 3443 3504
9870 4 2 10 2 2485 2637 1252 3743
9871 4 2 10 2 2621 3142 2213 3535
9872 4 2 10 2 2310 2448 3314 3333
9873 4 2 10 2 1986 1769 1972 2435
9874 4 2 10 2 2642 3316 2409 3547
9875 4 2 10 2 1974 3013 2410 3017
9876 4 2 10 2 2106 2488 2676 3459
9877 4 2 10 2 2197 2970 2673 3640
9878 4 2 10 2 566 378 2928 3287
9879 4 2 10 2 2147 2469 2681 2897
9880 4 2 10 2 2223 3137 2507 3407
9881 4 2 10 2 2893 482 3453 3535
9882 4 2 10 2 382 383 384 2354
9883 4 2 10 2 2593 2713 2441 3438
9884 4 2 10 2 2215 2759 2568 3077
9885 4 2 10 2 2526 2736 2102 3403
9886 4 2 10 2 2184 2962 2793 3760
9887 4 2 10 2 260 3223 2399 3276
9888 4 2 10 2 2199 2695 2676 3540
9889 4 2 10 2 2093 2911 2360 3163
9890 4 2 10 2 2105 2531 3446 3454
9891 4 2 10 2 2106 2412 2645 2933
9892 4 2 10 2 2184 3272 2962 3760
9893 4 2 10 2 981 1278 2839 3729
9894 4 2 10 2 1144 2371 1095 3308
9895 4 2 10 2 2202 2698 2452 3284
9896 4 2 10 2 1177 2352 1374 3070
9897 4 2 10 2 1172 2380 3166 3311
9898 4 2 10 2 2423 3239 2502 3663
9899 4 2 10 2 1784 1867 454 3005
9900 4 2 10 2 2119 2306 2900 2919
9901 4 2 10 2 2249 2502 3239 3663
9902 4 2 10 2 2263 3163 2796 3315
9903 4 2 10 2 2081 2804 2454 3134
9904 4 2 10 2 2592 3528 345 3666
9905 4 2 10 2 2407 3109 2828 3462
9906 4 2 10 2 2530 2708 2190 3396
9907 4 2 10 2 2607 970 3044 3701
9908 4 2 10 2 2420 2882 1849 2942
9909 4 2 10 2 2245 2716 2701 3323
9910 4 2 10 2 2207 2310 2669 3692
9911 4 2 10 2 2329 3289 2572 3478
9912 4 2 10 2 2286 3568 2509 3657
9913 4 2 10 2 260 35 2399 3223
9914 4 2 10 2 2364 3074 1660 3675
9915 4 2 10 2 1373 2415 1404 2993
9916 4 2 10 2 2490 2194 3319 3575
9917 4 2 10 2 535 287 430 3723
9918 4 2 10 2 2150 3025 2845 3418
9919 4 2 10 2 13 2009 2694 2741
9920 4 2 10 2 2073 2316 2985 3063
9921 4 2 10 2 2270 2628 2332 2954
9922 4 2 10 2 11 1741 2753 2980
9923 4 2 10 2 2364 2781 1663 3023
9924 4 2 10 2 2716 2770 968 3461
9925 4 2 10 2 2422 2201 2875 3449
9926 4 2 10 2 2100 2547 2779 3706
9927 4 2 10 2 2191 2889 2507 3407
9928 4 2 10 2 2591 2786 2159 3115
9929 4 2 10 2 2312 2454 3639 3755
9930 4 2 10 2 1259 3147 2379 3522
9931 4 2 10 2 1631 2423 1627 3080
9932 4 2 10 2 2547 2552 3390 3706
9933 4 2 10 2 2092 2475 2703 3031
9934 4 2 10 2 1173 3372 2380 3582
9935 4 2 10 2 1943 2027 2646 2730
9936 4 2 10 2 723 2907 2428 3125
9937 4 2 10 2 2199 2733 2604 3401
9938 4 2 10 2 2773 3199 2202 3216
9939 4 2 10 2 2576 3334 2793 3589
9940 4 2 10 2 1997 1776 2484 2782
9941 4 2 10 2 1937 748 2012 3133
9942 4 2 10 2 1671 2586 2583 3083
9943 4 2 10 2 2271 3232 2932 3508
9944 4 2 10 2 2085 3033 2475 3360
9945 4 2 10 2 2460 2798 2066 3481
9946 4 2 10 2 756 757 2572 3478
9947 4 2 10 2 2174 2448 3056 3398
9948 4 2 10 2 2168 2739 2637 3240
9949 4 2 10 2 2581 2903 2178 3251
9950 4 2 10 2 2713 3146 2079 3208
9951 4 2 10 2 1649 1647 1832 2576
9952 4 2 10 2 2345 3076 2069 3331
9953 4 2 10 2 2065 2326 2744 3327
9954 4 2 10 2 1203 1411 1225 2561
9955 4 2 10 2 2237 3542 2571 3589
9956 4 2 10 2 2198 2580 2438 3186
9957 4 2 10 2 2122 2905 2695 3400
9958 4 2 10 2 2378 3444 2548 3658
9959 4 2 10 2 2665 3110 1365 3374
9960 4 2 10 2 987 2601 3019 3661
9961 4 2 10 2 1796 2550 1609 2810
9962 4 2 10 2 2307 2186 2950 3584
9963 4 2 10 2 2381 2709 2246 2948
9964 4 2 10 2 2203 2785 2770 3421
9965 4 2 10 2 16 1749 2638 2923
9966 4 2 10 2 758 1808 590 2610
9967 4 2 10 2 2243 3210 2805 3343
9968 4 2 10 2 1539 1540 1538 3686
9969 4 2 10 2 2006 2505 1760 3495
9970 4 2 10 2 2109 3409 2600 3730
9971 4 2 10 2 346 2592 345 3245
9972 4 2 10 2 2430 2517 2108 3204
9973 4 2 10 2 1502 465 2590 3005
9974 4 2 10 2 2143 2927 2835 2984
9975 4 2 10 2 2494 2792 2528 3011
9976 4 2 10 2 2162 2667 2655 2776
9977 4 2 10 2 1767 2731 1523 3028
9978 4 2 10 2 2564 2729 668 3413
9979 4 2 10 2 979 982 2968 3729
9980 4 2 10 2 2501 3014 2086 3538
9981 4 2 10 2 2148 2888 2878 3174
9982 4 2 10 2 2431 3255 3341 3752
9983 4 2 10 2 849 746 709 2506
9984 4 2 10 2 2498 2898 2134 2924
9985 4 2 10 2 2439 2263 3162 3315
9986 4 2 10 2 1601 2422 1717 3154
9987 4 2 10 2 2386 3328 3041 3713
9988 4 2 10 2 2324 2920 774 3560
9989 4 2 10 2 2768 2848 1899 3651
9990 4 2 10 2 347 2390 348 3182
9991 4 2 10 2 2165 2619 2343 2850
9992 4 2 10 2 2010 2344 1767 3028
9993 4 2 10 2 2076 2391 2811 3139
9994 4 2 10 2 2501 2086 3037 3538
9995 4 2 10 2 1714 2796 1713 3315
9996 4 2 10 2 2216 2354 2971 3234
9997 4 2 10 2 2433 2720 2209 3078
9998 4 2 10 2 2893 3142 482 3535
9999 4 2 10 2 2205 2362 2772 3584
10000 4 2 10 2 662 664 665 2729
10001 4 2 10 2 2477 2595 2244 3288
10002 4 2 10 2 2065 3116 3094 3469
10003 4 2 10 2 2464 2266 2996 3539
10004 4 2 10 2 1309 962 3461 3736
10005 4 2 10 2 3107 3486 2783 3681
10006 4 2 10 2 2452 3222 2698 3286
10007 4 2 10 2 2066 2776 2294 3367
10008 4 2 10 2 1897 2546 1646 3689
10009 4 2 10 2 2479 3291 2450 3510
10010 4 2 10 2 2381 3146 2709 3721
10011 4 2 10 2 908 1401 575 2558
10012 4 2 10 2 2308 2939 1682 3127
10013 4 2 10 2 1779 1730 2014 2326
10014 4 2 10 2 1221 2691 1296 3001
10015 4 2 10 2 1731 2610 2040 3479
10016 4 2 10 2 2492 2363 3310 3552
10017 4 2 10 2 2096 3217 3102 3739
10018 4 2 10 2 648 2519 649 3010
10019 4 2 10 2 1537 1539 1538 2702
10020 4 2 10 2 2413 2976 2423 3239
10021 4 2 10 2 2670 3286 2775 3545
10022 4 2 10 2 2243 2766 2575 2805
10023 4 2 10 2 2695 2949 2199 3280
10024 4 2 10 2 2365 2209 2802 3224
10025 4 2 10 2 1738 1739 1691 3068
10026 4 2 10 2 2543 3103 2451 3374
10027 4 2 10 2 2329 2191 2823 3246
10028 4 2 10 2 2571 2206 3264 3685
10029 4 2 10 2 1937 2604 748 3133
10030 4 2 10 2 1502 1788 1973 3005
10031 4 2 10 2 1920 2497 1721 3043
10032 4 2 10 2 2199 2604 2412 3233
10033 4 2 10 2 2853 3132 2479 3300
10034 4 2 10 2 2154 2666 2518 3202
10035 4 2 10 2 367 2578 369 3381
10036 4 2 10 2 1748 1593 1747 2424
10037 4 2 10 2 1135 2451 3103 3374
10038 4 2 10 2 2150 2845 2434 3418
10039 4 2 10 2 2231 3309 3159 3494
10040 4 2 10 2 2629 2284 3390 3719
10041 4 2 10 2 2301 2753 2636 3727
10042 4 2 10 2 1058 1099 3113 3270
10043 4 2 10 2 2299 2452 2903 3222
10044 4 2 10 2 2010 2344 3028 3364
10045 4 2 10 2 2170 2372 2861 3212
10046 4 2 10 2 2301 2144 2753 2999
10047 4 2 10 2 2571 2793 2184 2962
10048 4 2 10 2 2795 2939 2338 3561
10049 4 2 10 2 2997 3492 2728 3630
10050 4 2 10 2 2486 2633 2116 3378
10051 4 2 10 2 1850 1544 1546 2471
10052 4 2 10 2 2091 2714 2293 3431
10053 4 2 10 2 2172 2795 2748 2939
10054 4 2 10 2 2451 2845 2150 3025
10055 4 2 10 2 1956 294 446 2834
10056 4 2 10 2 636 638 732 2507
10057 4 2 10 2 1246 3155 2631 3558
10058 4 2 10 2 1595 1822 1608 2810
10059 4 2 10 2 1445 3070 2417 3388
10060 4 2 10 2 2866 3145 2609 3578
10061 4 2 10 2 504 2536 379 2802
10062 4 2 10 2 1604 1822 1595 2339
10063 4 2 10 2 2568 2618 2260 2875
10064 4 2 10 2 2173 2444 3036 3517
10065 4 2 10 2 2106 2676 2695 3540
10066 4 2 10 2 2432 2764 2320 3556
10067 4 2 10 2 2100 2779 2476 3706
10068 4 2 10 2 621 623 2461 3427
10069 4 2 10 2 655 2457 654 3325
10070 4 2 10 2 2143 2678 2835 2927
10071 4 2 10 2 11 10 245 2394
10072 4 2 10 2 2506 2742 1777 2970
10073 4 2 10 2 1193 1371 2558 2789
10074 4 2 10 2 361 2685 516 3204
10075 4 2 10 2 2414 3089 2179 3268
10076 4 2 10 2 520 3343 487 3620
10077 4 2 10 2 2151 2563 2711 3085
10078 4 2 10 2 2017 2535 735 3417
10079 4 2 10 2 1057 1054 1056 3270
10080 4 2 10 2 2089 3222 3227 3610
10081 4 2 10 2 1092 3219 2616 3558
10082 4 2 10 2 2131 2317 2867 3250
10083 4 2 10 2 1978 3003 2590 3588
10084 4 2 10 2 2283 2846 2771 3079
10085 4 2 10 2 2104 2372 2670 3545
10086 4 2 10 2 1351 1152 884 2944
10087 4 2 10 2 2606 2823 2191 3303
10088 4 2 10 2 2174 3333 2921 3455
10089 4 2 10 2 2248 2339 3423 3484
10090 4 2 10 2 2168 3119 2534 3714
10091 4 2 10 2 2370 3102 3217 3739
10092 4 2 10 2 2473 1129 2991 3278
10093 4 2 10 2 2555 2682 2374 2867
10094 4 2 10 2 2833 3268 2414 3512
10095 4 2 10 2 1625 1863 2502 3663
10096 4 2 10 2 2264 2980 2741 3717
10097 4 2 10 2 496 2590 3245 3588
10098 4 2 10 2 1229 1228 1442 3480
10099 4 2 10 2 2306 3450 2347 3583
10100 4 2 10 2 530 1925 450 2641
10101 4 2 10 2 1632 3016 2343 3586
10102 4 2 10 2 2582 2075 3020 3172
10103 4 2 10 2 2388 3143 2599 3655
10104 4 2 10 2 2071 2322 2951 3088
10105 4 2 10 2 2253 2913 2401 3460
10106 4 2 10 2 1892 2773 2372 3231
10107 4 2 10 2 599 3049 2428 3507
10108 4 2 10 2 2640 2975 437 3330
10109 4 2 10 2 1591 1603 1606 3029
10110 4 2 10 2 1230 1144 1403 2562
10111 4 2 10 2 666 2464 665 3434
10112 4 2 10 2 1190 1438 2663 3263
10113 4 2 10 2 2119 2765 2306 2919
10114 4 2 10 2 2226 2670 2605 3286
10115 4 2 10 2 1587 1847 1603 3029
10116 4 2 10 2 2358 2085 3387 3468
10117 4 2 10 2 2410 3045 2651 3530
10118 4 2 10 2 1388 1380 2984 3708
10119 4 2 10 2 2156 2887 2827 3360
10120 4 2 10 2 2239 2360 3180 3371
10121 4 2 10 2 804 583 1150 2787
10122 4 2 10 2 2166 2825 2371 3332
10123 4 2 10 2 2383 3068 2680 3651
10124 4 2 10 2 269 3382 2359 3681
10125 4 2 10 2 1303 3113 1064 3515
10126 4 2 10 2 1577 2773 1616 3138
10127 4 2 10 2 2156 2361 2615 3260
10128 4 2 10 2 2065 3094 2330 3469
10129 4 2 10 2 2165 2755 2453 2850
10130 4 2 10 2 1255 1245 3185 3616
10131 4 2 10 2 1747 1751 2424 3120
10132 4 2 10 2 2662 2949 2256 3226
10133 4 2 10 2 393 434 3184 3672
10134 4 2 10 2 2079 3055 2453 3568
10135 4 2 10 2 987 2601 1440 3019
10136 4 2 10 2 1258 1259 3147 3454
10137 4 2 10 2 2612 2613 2269 3153
10138 4 2 10 2 486 2505 1494 3620
10139 4 2 10 2 1631 3016 2423 3394
10140 4 2 10 2 1024 2813 2307 3736
10141 4 2 10 2 2196 2833 2414 3512
10142 4 2 10 2 2036 1790 3439 3590
10143 4 2 10 2 2304 2830 2496 3234
10144 4 2 10 2 3164 3222 2089 3610
10145 4 2 10 2 2215 2941 2470 3609
10146 4 2 10 2 2466 2633 2116 3627
10147 4 2 10 2 2128 2516 2759 3606
10148 4 2 10 2 2184 3329 2576 3589
10149 4 2 10 2 2081 2763 2302 3134
10150 4 2 10 2 1748 1747 1751 2424
10151 4 2 10 2 1237 2689 1096 3308
10152 4 2 10 2 1619 2605 1868 3199
10153 4 2 10 2 2107 2472 2737 2786
10154 4 2 10 2 2718 3307 2298 3436
10155 4 2 10 2 1909 2848 2313 3451
10156 4 2 10 2 825 711 795 2993
10157 4 2 10 2 1998 2640 1513 3330
10158 4 2 10 2 2071 2772 2322 3088
10159 4 2 10 2 2079 3055 3568 3721
10160 4 2 10 2 2317 2682 2142 2854
10161 4 2 10 2 2039 2031 2382 3672
10162 4 2 10 2 1664 1898 1665 2906
10163 4 2 10 2 2665 3311 2255 3566
10164 4 2 10 2 2343 2619 2165 3394
10165 4 2 10 2 2073 2985 2316 3550
10166 4 2 10 2 1878 1658 2586 3074
10167 4 2 10 2 2534 2846 2774 3716
10168 4 2 10 2 1114 1130 1166 2597
10169 4 2 10 2 995 2595 3288 3492
10170 4 2 10 2 2475 2703 2248 3509
10171 4 2 10 2 2193 2747 2330 3469
10172 4 2 10 2 667 665 2464 3413
10173 4 2 10 2 2735 2814 2084 3314
10174 4 2 10 2 1595 2339 2827 3484
10175 4 2 10 2 1959 23 1507 3015
10176 4 2 10 2 2609 3287 386 3302
10177 4 2 10 2 284 456 455 2484
10178 4 2 10 2 504 1508 1794 2802
10179 4 2 10 2 2409 2858 2688 3490
10180 4 2 10 2 2233 3038 2689 3308
10181 4 2 10 2 401 400 399 2397
10182 4 2 10 2 2134 2924 2481 3161
10183 4 2 10 2 2073 2596 2820 3612
10184 4 2 10 2 502 2969 2309 3664
10185 4 2 10 2 1496 1797 1804 2753
10186 4 2 10 2 2299 2178 2903 3251
10187 4 2 10 2 2132 2776 2667 3385
10188 4 2 10 2 1534 1533 2427 3409
10189 4 2 10 2 2230 2833 2508 3172
10190 4 2 10 2 1703 1684 1857 2873
10191 4 2 10 2 2192 2648 3198 3578
10192 4 2 10 2 2316 2160 2922 3482
10193 4 2 10 2 2602 2951 2142 3646
10194 4 2 10 2 2252 3188 2377 3313
10195 4 2 10 2 2522 2929 2400 3108
10196 4 2 10 2 1289 1075 1106 2995
10197 4 2 10 2 2136 2525 3073 3410
10198 4 2 10 2 2364 3023 2146 3165
10199 4 2 10 2 667 665 666 2464
10200 4 2 10 2 2108 2376 3473 3516
10201 4 2 10 2 2307 2362 3584 3648
10202 4 2 10 2 2366 3335 2325 3472
10203 4 2 10 2 1829 3339 2822 3430
10204 4 2 10 2 989 2342 990 3508
10205 4 2 10 2 1302 2809 1285 3252
10206 4 2 10 2 2140 3107 2783 3681
10207 4 2 10 2 1043 1009 2859 3173
10208 4 2 10 2 2414 2833 2196 3754
10209 4 2 10 2 2567 2800 2146 3500
10210 4 2 10 2 2178 2903 2775 3164
10211 4 2 10 2 1072 3219 1092 3558
10212 4 2 10 2 2114 2615 2361 3350
10213 4 2 10 2 2357 2885 2958 3635
10214 4 2 10 2 1300 1164 1179 2984
10215 4 2 10 2 2663 3182 415 3443
10216 4 2 10 2 2327 2227 2831 3480
10217 4 2 10 2 2098 2608 2523 3596
10218 4 2 10 2 1145 2352 1177 3388
10219 4 2 10 2 2694 2741 2263 3458
10220 4 2 10 2 2806 2699 3321 3696
10221 4 2 10 2 1266 3148 1268 3258
10222 4 2 10 2 1730 2014 2326 3386
10223 4 2 10 2 1521 1994 1894 2428
10224 4 2 10 2 1169 2677 2500 3317
10225 4 2 10 2 2095 2812 2527 3542
10226 4 2 10 2 616 614 615 3178
10227 4 2 10 2 2424 2782 1751 3590
10228 4 2 10 2 2464 3434 669 3735
10229 4 2 10 2 1631 1627 1629 3080
10230 4 2 10 2 2297 2791 2187 3228
10231 4 2 10 2 2083 2632 2478 3122
10232 4 2 10 2 1108 1043 1044 3425
10233 4 2 10 2 1341 1029 2512 3293
10234 4 2 10 2 2150 3583 2555 3646
10235 4 2 10 2 1061 1086 1077 2416
10236 4 2 10 2 787 1923 2635 3565
10237 4 2 10 2 900 1471 1445 3070
10238 4 2 10 2 2783 538 3130 3681
10239 4 2 10 2 1625 1863 1734 2502
10240 4 2 10 2 2496 2683 2216 3149
10241 4 2 10 2 1737 2635 3183 3206
10242 4 2 10 2 2442 2676 2151 2886
10243 4 2 10 2 2587 3432 3309 3494
10244 4 2 10 2 2090 2901 2369 3292
10245 4 2 10 2 2232 3259 3005 3504
10246 4 2 10 2 2117 2772 2719 3648
10247 4 2 10 2 2395 2685 2253 3381
10248 4 2 10 2 303 2663 1477 3338
10249 4 2 10 2 1364 1160 1281 2584
10250 4 2 10 2 238 243 2667 3700
10251 4 2 10 2 2297 2649 2435 3228
10252 4 2 10 2 2902 3061 2385 3279
10253 4 2 10 2 965 2373 966 3456
10254 4 2 10 2 2793 2962 2540 3760
10255 4 2 10 2 1563 2377 2832 3757
10256 4 2 10 2 870 2559 3524 3680
10257 4 2 10 2 2376 2108 2685 3204
10258 4 2 10 2 2363 2174 2614 3718
10259 4 2 10 2 668 2729 2564 3507
10260 4 2 10 2 803 712 2944 3355
10261 4 2 10 2 1541 1544 2960 3243
10262 4 2 10 2 2870 3319 2194 3575
10263 4 2 10 2 2092 2556 2424 3509
10264 4 2 10 2 2587 2356 3432 3494
10265 4 2 10 2 2430 2705 3204 3326
10266 4 2 10 2 2249 2599 2819 3239
10267 4 2 10 2 1634 2343 1632 3394
10268 4 2 10 2 1865 2733 2506 3294
10269 4 2 10 2 1563 1570 2377 3757
10270 4 2 10 2 2256 3226 2949 3414
10271 4 2 10 2 2105 2379 2778 3454
10272 4 2 10 2 311 2975 2640 2979
10273 4 2 10 2 1536 1537 2702 3241
10274 4 2 10 2 1373 1218 2415 2978
10275 4 2 10 2 492 2439 2021 3588
10276 4 2 10 2 1775 1714 2439 3162
10277 4 2 10 2 2704 2777 2229 3176
10278 4 2 10 2 2181 2731 2344 3694
10279 4 2 10 2 2197 2970 2506 3294
10280 4 2 10 2 360 2376 423 3092
10281 4 2 10 2 366 367 369 3381
10282 4 2 10 2 2208 3105 2331 3167
10283 4 2 10 2 2682 3221 939 3418
10284 4 2 10 2 2075 2332 2628 3412
10285 4 2 10 2 1966 3012 2421 3256
10286 4 2 10 2 1195 2715 2517 3460
10287 4 2 10 2 2847 3053 521 3167
10288 4 2 10 2 2221 3314 3131 3521
10289 4 2 10 2 2499 2726 2149 3214
10290 4 2 10 2 2511 2894 2259 3411
10291 4 2 10 2 2247 3054 2641 3242
10292 4 2 10 2 1161 1256 1279 3067
10293 4 2 10 2 2220 2349 3031 3604
10294 4 2 10 2 2609 3287 2648 3578
10295 4 2 10 2 2153 2868 3434 3539
10296 4 2 10 2 2106 2415 2645 3555
10297 4 2 10 2 2223 2760 2561 2761
10298 4 2 10 2 2224 2574 2997 3616
10299 4 2 10 2 1264 2407 1047 3357
10300 4 2 10 2 1592 2898 2381 3489
10301 4 2 10 2 1234 1457 1235 2526
10302 4 2 10 2 1159 2448 1428 3398
10303 4 2 10 2 1987 2610 3225 3565
10304 4 2 10 2 1653 1649 1661 3329
10305 4 2 10 2 2221 2724 2310 3046
10306 4 2 10 2 2029 1501 2057 3732
10307 4 2 10 2 426 2851 3464 3504
10308 4 2 10 2 831 3226 3086 3731
10309 4 2 10 2 367 3210 2578 3381
10310 4 2 10 2 2124 2354 2609 3179
10311 4 2 10 2 911 1414 1476 3735
10312 4 2 10 2 2553 3064 2352 3324
10313 4 2 10 2 1567 1555 2573 3502
10314 4 2 10 2 983 2541 984 2968
10315 4 2 10 2 2174 2448 3333 3455
10316 4 2 10 2 2311 2074 3062 3195
10317 4 2 10 2 1152 1151 884 2426
10318 4 2 10 2 2565 2188 3425 3728
10319 4 2 10 2 1552 2709 1879 3489
10320 4 2 10 2 2632 2905 2252 3122
10321 4 2 10 2 2519 2531 2105 3408
10322 4 2 10 2 2007 1783 1921 2899
10323 4 2 10 2 2502 3075 1734 3486
10324 4 2 10 2 2438 2166 2700 3448
10325 4 2 10 2 2074 3093 3115 3213
10326 4 2 10 2 1730 2326 1779 3082
10327 4 2 10 2 646 755 2838 3498
10328 4 2 10 2 2105 3446 2379 3454
10329 4 2 10 2 2467 3004 2908 3082
10330 4 2 10 2 392 3054 449 3242
10331 4 2 10 2 2209 2651 2410 2987
10332 4 2 10 2 1637 1635 1906 2771
10333 4 2 10 2 959 2758 960 3044
10334 4 2 10 2 933 2922 3335 3472
10335 4 2 10 2 2066 2603 2445 3367
10336 4 2 10 2 1399 1477 2663 3338
10337 4 2 10 2 2099 2889 2554 3407
10338 4 2 10 2 2386 2529 2093 3328
10339 4 2 10 2 1129 973 2473 2991
10340 4 2 10 2 762 2357 704 3171
10341 4 2 10 2 841 2730 2646 3097
10342 4 2 10 2 2347 3110 2900 3537
10343 4 2 10 2 928 3047 2696 3556
10344 4 2 10 2 2302 2122 2763 3400
10345 4 2 10 2 1918 2673 1841 3265
10346 4 2 10 2 2329 3246 2823 3478
10347 4 2 10 2 1814 2711 1715 2915
10348 4 2 10 2 2106 2978 2415 3555
10349 4 2 10 2 2904 3015 2494 3642
10350 4 2 10 2 2065 2330 2953 3469
10351 4 2 10 2 1616 2773 1866 3138
10352 4 2 10 2 1829 1838 1740 2440
10353 4 2 10 2 451 292 1958 3564
10354 4 2 10 2 2170 2888 2623 2990
10355 4 2 10 2 2421 3079 2846 3225
10356 4 2 10 2 1974 3017 2410 3660
10357 4 2 10 2 2175 2583 3083 3619
10358 4 2 10 2 2431 2817 3255 3752
10359 4 2 10 2 13 2694 1524 2980
10360 4 2 10 2 2006 2505 2977 3620
10361 4 2 10 2 2321 3231 2990 3514
10362 4 2 10 2 3202 3481 2449 3669
10363 4 2 10 2 2202 2384 3216 3506
10364 4 2 10 2 1829 2440 1740 3430
10365 4 2 10 2 2014 1910 3083 3386
10366 4 2 10 2 2195 2581 3057 3399
10367 4 2 10 2 2582 2909 2075 3172
10368 4 2 10 2 2069 2469 2566 3523
10369 4 2 10 2 1557 2956 1550 3138
10370 4 2 10 2 1421 527 895 2598
10371 4 2 10 2 2399 2975 2265 3223
10372 4 2 10 2 2156 2339 2810 3169
10373 4 2 10 2 2376 2218 2626 3092
10374 4 2 10 2 2575 2766 2243 3697
10375 4 2 10 2 1041 1249 3018 3480
10376 4 2 10 2 2067 2554 2934 3228
10377 4 2 10 2 2370 2177 2838 3102
10378 4 2 10 2 2717 2745 2274 3572
10379 4 2 10 2 627 2385 628 3279
10380 4 2 10 2 2120 2579 2521 3463
10381 4 2 10 2 1555 1553 1554 3605
10382 4 2 10 2 303 1190 875 2663
10383 4 2 10 2 1332 2331 3261 3515
10384 4 2 10 2 921 1323 2762 3742
10385 4 2 10 2 2131 2746 2593 2786
10386 4 2 10 2 2092 2408 3193 3259
10387 4 2 10 2 1481 1799 2923 3496
10388 4 2 10 2 2251 3252 2809 3709
10389 4 2 10 2 2641 2862 2192 2998
10390 4 2 10 2 10 245 2394 3668
10391 4 2 10 2 2098 2523 2608 3718
10392 4 2 10 2 616 2925 2350 3106
10393 4 2 10 2 44 608 3382 3392
10394 4 2 10 2 2934 3228 2554 3652
10395 4 2 10 2 2714 2965 2356 3494
10396 4 2 10 2 1157 2574 1004 2963
10397 4 2 10 2 2086 2501 2894 3014
10398 4 2 10 2 742 2742 844 3720
10399 4 2 10 2 2970 3618 2343 3640
10400 4 2 10 2 2223 2507 3137 3557
10401 4 2 10 2 619 621 620 2925
10402 4 2 10 2 1083 1366 1067 3311
10403 4 2 10 2 2597 3471 1130 3544
10404 4 2 10 2 657 2457 655 3585
10405 4 2 10 2 1345 2581 1189 3251
10406 4 2 10 2 1259 1257 3147 3522
10407 4 2 10 2 2472 2737 3462 3714
10408 4 2 10 2 2069 2869 2897 3523
10409 4 2 10 2 2345 2768 3356 3712
10410 4 2 10 2 2129 3356 2768 3712
10411 4 2 10 2 1914 2568 2756 3346
10412 4 2 10 2 2479 2853 2091 3431
10413 4 2 10 2 1067 1134 1066 2543
10414 4 2 10 2 1748 2424 1751 3590
10415 4 2 10 2 2441 2258 3115 3363
10416 4 2 10 2 2224 2997 2524 3616
10417 4 2 10 2 448 2336 3230 3242
10418 4 2 10 2 2501 2594 2217 3538
10419 4 2 10 2 1327 3338 2936 3742
10420 4 2 10 2 2121 2846 2534 3716
10421 4 2 10 2 3009 3352 2447 3416
10422 4 2 10 2 2118 2791 2548 2934
10423 4 2 10 2 537 3189 2318 3723
10424 4 2 10 2 967 1315 1046 3109
10425 4 2 10 2 1266 2671 3148 3258
10426 4 2 10 2 2677 3041 2291 3713
10427 4 2 10 2 2078 2719 2362 3710
10428 4 2 10 2 2699 2806 251 3696
10429 4 2 10 2 2833 2909 2508 3172
10430 4 2 10 2 2298 3307 3108 3436
10431 4 2 10 2 2235 2409 3458 3490
10432 4 2 10 2 650 2470 652 3010
10433 4 2 10 2 2671 3148 2358 3387
10434 4 2 10 2 1315 2480 1063 3109
10435 4 2 10 2 2865 2928 2609 3145
10436 4 2 10 2 1023 3644 2701 3736
10437 4 2 10 2 1214 2995 2868 3370
10438 4 2 10 2 2157 3061 2385 3320
10439 4 2 10 2 966 2373 2727 3456
10440 4 2 10 2 348 2390 2851 3182
10441 4 2 10 2 1872 1873 2982 3677
10442 4 2 10 2 2160 3060 2951 3211
10443 4 2 10 2 2226 2670 2775 3624
10444 4 2 10 2 680 682 773 3560
10445 4 2 10 2 1592 1926 1888 2898
10446 4 2 10 2 2406 2292 2938 3626
10447 4 2 10 2 2014 3083 2326 3386
10448 4 2 10 2 2118 2932 2342 3019
10449 4 2 10 2 2386 2762 2529 3742
10450 4 2 10 2 2369 2183 2729 3507
10451 4 2 10 2 2191 2872 3228 3407
10452 4 2 10 2 2092 3259 2556 3423
10453 4 2 10 2 2654 3115 3093 3213
10454 4 2 10 2 460 3304 2526 3345
10455 4 2 10 2 2663 3263 3182 3443
10456 4 2 10 2 2338 3081 2652 3561
10457 4 2 10 2 541 2726 406 3196
10458 4 2 10 2 2082 3307 2718 3436
10459 4 2 10 2 2115 2931 2725 3753
10460 4 2 10 2 2559 2660 2141 3524
10461 4 2 10 2 2355 2814 2735 3314
10462 4 2 10 2 2559 2714 2141 3431
10463 4 2 10 2 2654 3093 2241 3213
10464 4 2 10 2 2490 3273 2408 3319
10465 4 2 10 2 2568 2759 2128 3397
10466 4 2 10 2 406 2726 541 3541
10467 4 2 10 2 2103 2755 2453 3123
10468 4 2 10 2 2238 2754 2419 2910
10469 4 2 10 2 2085 2707 2360 3169
10470 4 2 10 2 2180 2900 3110 3537
10471 4 2 10 2 941 2682 939 3418
10472 4 2 10 2 1991 741 2646 3720
10473 4 2 10 2 1138 2927 2480 2984
10474 4 2 10 2 1837 1611 1849 2420
10475 4 2 10 2 1799 1970 2923 3442
10476 4 2 10 2 2339 2890 3360 3423
10477 4 2 10 2 2073 2596 2985 3550
10478 4 2 10 2 1157 2574 2749 3616
10479 4 2 10 2 2095 2812 3542 3662
10480 4 2 10 2 309 523 2988 3038
10481 4 2 10 2 1684 1698 1697 2414
10482 4 2 10 2 1889 3246 1960 3478
10483 4 2 10 2 2427 3241 2600 3730
10484 4 2 10 2 2468 2712 2193 3759
10485 4 2 10 2 2234 2412 2949 3226
10486 4 2 10 2 2744 3083 2175 3598
10487 4 2 10 2 2231 3159 2750 3494
10488 4 2 10 2 2279 2443 3253 3631
10489 4 2 10 2 2197 3618 2970 3640
10490 4 2 10 2 924 921 1323 2762
10491 4 2 10 2 1059 1057 2658 3103
10492 4 2 10 2 572 812 2001 2643
10493 4 2 10 2 2602 2951 2434 3088
10494 4 2 10 2 2085 2360 2707 3371
10495 4 2 10 2 924 923 2762 3072
10496 4 2 10 2 2181 2714 2559 3680
10497 4 2 10 2 1858 2639 1579 3313
10498 4 2 10 2 1621 2605 1868 3216
10499 4 2 10 2 139 140 866 3680
10500 4 2 10 2 2475 2248 2703 2887
10501 4 2 10 2 2547 3444 2271 3595
10502 4 2 10 2 1878 2586 1857 3074
10503 4 2 10 2 2395 3092 2218 3473
10504 4 2 10 2 2157 2616 3087 3633
10505 4 2 10 2 2689 3038 2233 3389
10506 4 2 10 2 967 1046 3066 3109
10507 4 2 10 2 2359 2891 269 3681
10508 4 2 10 2 3084 3277 2639 3400
10509 4 2 10 2 1999 602 1505 2563
10510 4 2 10 2 2122 2302 3084 3400
10511 4 2 10 2 2131 3158 2867 3553
10512 4 2 10 2 2599 3123 2819 3239
10513 4 2 10 2 1751 2782 2424 3120
10514 4 2 10 2 2648 3287 2609 3302
10515 4 2 10 2 2553 3064 2401 3421
10516 4 2 10 2 2075 2909 2364 3512
10517 4 2 10 2 1857 1672 1660 2873
10518 4 2 10 2 2497 2163 3391 3488
10519 4 2 10 2 2360 2239 3180 3503
10520 4 2 10 2 2431 3318 2633 3378
10521 4 2 10 2 2075 3172 2876 3593
10522 4 2 10 2 2061 2910 2528 3247
10523 4 2 10 2 2128 2618 2513 3306
10524 4 2 10 2 1292 2727 2654 3456
10525 4 2 10 2 2541 3002 2601 3661
10526 4 2 10 2 2103 2453 2755 3537
10527 4 2 10 2 1098 3261 2740 3566
10528 4 2 10 2 2522 2888 2589 3030
10529 4 2 10 2 468 2943 2687 3564
10530 4 2 10 2 565 2893 2724 3142
10531 4 2 10 2 2077 2534 2846 2895
10532 4 2 10 2 344 346 345 3245
10533 4 2 10 2 2087 2850 2755 3191
10534 4 2 10 2 2299 2903 3022 3251
10535 4 2 10 2 2344 2731 3028 3058
10536 4 2 10 2 2880 2947 2291 3505
10537 4 2 10 2 2561 2831 1225 3613
10538 4 2 10 2 2920 3085 1927 3576
10539 4 2 10 2 668 2564 3049 3507
10540 4 2 10 2 2486 2577 2095 2728
10541 4 2 10 2 1199 1426 2551 2807
10542 4 2 10 2 520 275 3343 3620
10543 4 2 10 2 2229 2533 2704 3359
10544 4 2 10 2 799 41 42 3090
10545 4 2 10 2 459 439 2834 3672
10546 4 2 10 2 2133 2471 2463 3160
10547 4 2 10 2 2246 2709 2381 3146
10548 4 2 10 2 281 2490 510 2870
10549 4 2 10 2 2429 2859 2113 3173
10550 4 2 10 2 263 33 3038 3389
10551 4 2 10 2 2878 3029 2504 3174
10552 4 2 10 2 719 672 3151 3534
10553 4 2 10 2 412 2947 2880 3505
10554 4 2 10 2 2150 2555 3418 3646
10555 4 2 10 2 857 740 569 3132
10556 4 2 10 2 2176 2353 2957 3198
10557 4 2 10 2 1913 2862 2298 3636
10558 4 2 10 2 2187 2297 3228 3375
10559 4 2 10 2 1891 1688 1897 2546
10560 4 2 10 2 2090 2588 2815 3755
10561 4 2 10 2 1000 1005 1004 2963
10562 4 2 10 2 2207 2994 2310 3692
10563 4 2 10 2 1497 1967 578 2572
10564 4 2 10 2 2086 2894 2501 3037
10565 4 2 10 2 1283 1343 2511 3369
10566 4 2 10 2 2589 2888 2522 3463
10567 4 2 10 2 2517 2685 2108 3204
10568 4 2 10 2 2951 3060 2322 3211
10569 4 2 10 2 1856 1601 1717 3154
10570 4 2 10 2 3299 3426 2983 3659
10571 4 2 10 2 384 382 2354 3361
10572 4 2 10 2 2126 2425 2986 3011
10573 4 2 10 2 1895 1630 1873 2493
10574 4 2 10 2 1122 1344 2836 3575
10575 4 2 10 2 2199 3277 2733 3401
10576 4 2 10 2 1132 1283 1343 2511
10577 4 2 10 2 2233 3349 2965 3389
10578 4 2 10 2 279 1405 1406 3118
10579 4 2 10 2 1336 1138 1063 2480
10580 4 2 10 2 2444 2872 2191 3407
10581 4 2 10 2 2571 2962 2184 3272
10582 4 2 10 2 486 485 1494 2505
10583 4 2 10 2 1047 1264 1045 2407
10584 4 2 10 2 1222 898 2726 3196
10585 4 2 10 2 2152 2349 2836 3416
10586 4 2 10 2 2542 3469 2853 3510
10587 4 2 10 2 475 562 293 2998
10588 4 2 10 2 2073 2515 2703 2985
10589 4 2 10 2 1172 3166 1367 3311
10590 4 2 10 2 2110 2374 3052 3146
10591 4 2 10 2 2065 2326 2908 3207
10592 4 2 10 2 2195 2617 2581 2903
10593 4 2 10 2 2834 2994 435 3201
10594 4 2 10 2 1725 1634 2970 3640
10595 4 2 10 2 1979 3004 2467 3082
10596 4 2 10 2 2914 3009 2229 3176
10597 4 2 10 2 824 722 2738 3301
10598 4 2 10 2 1500 1958 3043 3564
10599 4 2 10 2 1758 2977 2006 3495
10600 4 2 10 2 2367 3442 3014 3608
10601 4 2 10 2 2298 2504 3108 3307
10602 4 2 10 2 2071 2951 2602 3088
10603 4 2 10 2 786 592 2467 2916
10604 4 2 10 2 1862 3012 2037 3225
10605 4 2 10 2 981 1278 1293 2839
10606 4 2 10 2 2076 2447 2811 2914
10607 4 2 10 2 555 2493 3130 3140
10608 4 2 10 2 2191 3137 2444 3407
10609 4 2 10 2 2321 2697 3138 3157
10610 4 2 10 2 2070 2594 2501 2935
10611 4 2 10 2 984 2565 1060 2968
10612 4 2 10 2 1212 1185 2496 3149
10613 4 2 10 2 2209 2410 2651 3530
10614 4 2 10 2 2321 3138 2158 3157
10615 4 2 10 2 2204 2611 3027 3754
10616 4 2 10 2 2506 2733 1865 3133
10617 4 2 10 2 1336 1063 1315 2480
10618 4 2 10 2 2275 2789 2616 3091
10619 4 2 10 2 1764 1789 2351 3353
10620 4 2 10 2 1254 1101 2700 3543
10621 4 2 10 2 2196 2873 2734 3386
10622 4 2 10 2 2932 3232 2342 3508
10623 4 2 10 2 825 826 711 2993
10624 4 2 10 2 381 382 3179 3302
10625 4 2 10 2 305 2493 555 3691
10626 4 2 10 2 809 2678 579 2835
10627 4 2 10 2 2689 2965 2233 3308
10628 4 2 10 2 2400 2866 2353 3578
10629 4 2 10 2 2696 3350 2114 3472
10630 4 2 10 2 1634 2343 3394 3640
10631 4 2 10 2 1750 2898 1928 3420
10632 4 2 10 2 2711 2915 2491 3734
10633 4 2 10 2 2535 2734 2204 3027
10634 4 2 10 2 1991 2646 1854 3720
10635 4 2 10 2 2419 3036 2872 3517
10636 4 2 10 2 2631 3020 2135 3483
10637 4 2 10 2 1418 3405 2276 3738
10638 4 2 10 2 2128 2513 2759 3306
10639 4 2 10 2 2049 2506 1865 3133
10640 4 2 10 2 2426 3551 2787 3739
10641 4 2 10 2 2079 2713 2919 3158
10642 4 2 10 2 305 555 441 3691
10643 4 2 10 2 2141 2559 2965 3349
10644 4 2 10 2 2513 2128 2591 3213
10645 4 2 10 2 2222 2615 2550 2923
10646 4 2 10 2 1658 2583 3074 3215
10647 4 2 10 2 2414 2734 2196 2873
10648 4 2 10 2 2490 3319 2870 3575
10649 4 2 10 2 1286 2845 3025 3418
10650 4 2 10 2 1008 2524 996 3616
10651 4 2 10 2 1155 1156 2679 3155
10652 4 2 10 2 1984 752 1519 2606
10653 4 2 10 2 2600 2217 3241 3671
10654 4 2 10 2 2159 2340 3109 3462
10655 4 2 10 2 2725 2808 2261 3729
10656 4 2 10 2 2148 2878 2972 3029
10657 4 2 10 2 1492 459 1956 2834
10658 4 2 10 2 1518 1956 446 2834
10659 4 2 10 2 2109 2501 2518 3730
10660 4 2 10 2 2522 3030 2589 3463
10661 4 2 10 2 1306 2799 2337 3270
10662 4 2 10 2 2348 3122 2673 3526
10663 4 2 10 2 1343 3369 2764 3704
10664 4 2 10 2 1592 1888 1547 2381
10665 4 2 10 2 376 566 378 2928
10666 4 2 10 2 2574 2728 2997 3492
10667 4 2 10 2 2222 3014 3442 3608
10668 4 2 10 2 1493 783 2564 3049
10669 4 2 10 2 365 362 368 3092
10670 4 2 10 2 2172 2748 2313 3451
10671 4 2 10 2 2268 3486 3107 3681
10672 4 2 10 2 1777 2506 1941 2742
10673 4 2 10 2 2323 1035 3358 3601
10674 4 2 10 2 400 2397 401 3053
10675 4 2 10 2 1538 1536 1537 2702
10676 4 2 10 2 2366 2696 2240 2912
10677 4 2 10 2 2184 2560 3272 3760
10678 4 2 10 2 2008 1761 1998 3330
10679 4 2 10 2 2543 2665 2255 3566
10680 4 2 10 2 2093 2360 3180 3503
10681 4 2 10 2 1681 1673 1883 3561
10682 4 2 10 2 2575 2957 2766 3697
10683 4 2 10 2 394 2465 3295 3475
10684 4 2 10 2 2724 3042 461 3046
10685 4 2 10 2 2311 3062 2672 3600
10686 4 2 10 2 421 2578 522 3069
10687 4 2 10 2 2144 2636 3235 3422
10688 4 2 10 2 2699 3006 2290 3321
10689 4 2 10 2 2131 2407 2746 2786
10690 4 2 10 2 1176 136 874 3405
10691 4 2 10 2 1948 2892 2957 3198
10692 4 2 10 2 453 1945 1508 2802
10693 4 2 10 2 2305 3554 2742 3720
10694 4 2 10 2 2195 2299 2903 3022
10695 4 2 10 2 394 3295 2710 3475
10696 4 2 10 2 1123 2490 1465 3575
10697 4 2 10 2 2138 2586 2583 3074
10698 4 2 10 2 1504 478 302 2575
10699 4 2 10 2 2347 1365 3110 3374
10700 4 2 10 2 1628 2498 1750 3420
10701 4 2 10 2 2346 3257 2634 3298
10702 4 2 10 2 2559 2714 2293 3680
10703 4 2 10 2 2183 2428 3035 3154
10704 4 2 10 2 2324 3233 3540 3560
10705 4 2 10 2 1711 22 1959 3244
10706 4 2 10 2 2268 3382 2730 3392
10707 4 2 10 2 2080 2540 2462 3383
10708 4 2 10 2 2150 2845 2451 3695
10709 4 2 10 2 1570 3128 2377 3757
10710 4 2 10 2 1564 3580 2533 3621
10711 4 2 10 2 1341 1029 1245 2512
10712 4 2 10 2 2129 3356 2633 3627
10713 4 2 10 2 2612 3209 3001 3674
10714 4 2 10 2 2087 3191 3497 3572
10715 4 2 10 2 2175 2469 2744 3598
10716 4 2 10 2 436 2975 311 2979
10717 4 2 10 2 2644 3491 2612 3674
10718 4 2 10 2 428 488 492 2439
10719 4 2 10 2 2710 3295 2465 3475
10720 4 2 10 2 2257 3247 2551 3603
10721 4 2 10 2 2615 2707 2242 2961
10722 4 2 10 2 2725 3729 2630 3741
10723 4 2 10 2 2600 3014 2367 3442
10724 4 2 10 2 1221 3001 2745 3100
10725 4 2 10 2 715 3249 2678 3441
10726 4 2 10 2 2487 2843 2182 3096
10727 4 2 10 2 2175 2396 3083 3207
10728 4 2 10 2 622 621 623 2461
10729 4 2 10 2 933 931 1317 3472
10730 4 2 10 2 1464 2558 908 2841
10731 4 2 10 2 2586 3083 2744 3598
10732 4 2 10 2 2284 2576 2546 3334
10733 4 2 10 2 371 522 369 2578
10734 4 2 10 2 1172 1367 1369 3311
10735 4 2 10 2 1015 2770 2482 3461
10736 4 2 10 2 1641 1892 1618 3199
10737 4 2 10 2 2101 2871 2477 3020
10738 4 2 10 2 3131 3314 2448 3333
10739 4 2 10 2 1111 1070 2830 3705
10740 4 2 10 2 407 337 2433 3304
10741 4 2 10 2 2651 2857 2365 3488
10742 4 2 10 2 2325 3148 2625 3282
10743 4 2 10 2 1068 1165 2627 3297
10744 4 2 10 2 646 3114 648 3498
10745 4 2 10 2 2257 2839 2630 3194
10746 4 2 10 2 1662 1860 1653 2527
10747 4 2 10 2 2109 2518 2501 3411
10748 4 2 10 2 2451 2205 3402 3695
10749 4 2 10 2 2651 3391 2163 3488
10750 4 2 10 2 2128 2759 2618 3306
10751 4 2 10 2 1974 2011 3017 3660
10752 4 2 10 2 1015 968 2770 3461
10753 4 2 10 2 2480 2513 2159 3213
10754 4 2 10 2 2343 2305 2970 3586
10755 4 2 10 2 347 2390 3182 3528
10756 4 2 10 2 1857 1660 3074 3675
10757 4 2 10 2 1418 1452 3405 3738
10758 4 2 10 2 2633 3135 2172 3711
10759 4 2 10 2 2074 3115 2441 3617
10760 4 2 10 2 2468 2193 3262 3759
10761 4 2 10 2 729 836 2717 3368
10762 4 2 10 2 2105 2603 2445 3670
10763 4 2 10 2 3056 3131 2323 3358
10764 4 2 10 2 299 1393 512 2870
10765 4 2 10 2 1554 1567 1555 2573
10766 4 2 10 2 625 2842 707 3592
10767 4 2 10 2 2203 2334 2785 3699
10768 4 2 10 2 2204 3027 2461 3429
10769 4 2 10 2 926 3072 2320 3556
10770 4 2 10 2 2172 2313 2748 3599
10771 4 2 10 2 1125 1307 1339 3022
10772 4 2 10 2 2068 2793 2571 2962
10773 4 2 10 2 2193 2853 3469 3510
10774 4 2 10 2 2107 2737 2591 2786
10775 4 2 10 2 1418 2852 1141 3513
10776 4 2 10 2 2114 2696 2625 3047
10777 4 2 10 2 2614 2921 2174 3398
10778 4 2 10 2 279 1406 2517 3118
10779 4 2 10 2 2167 2860 2312 3008
10780 4 2 10 2 714 2787 2531 3408
10781 4 2 10 2 392 559 389 3475
10782 4 2 10 2 1618 3199 1617 3216
10783 4 2 10 2 1334 2867 1276 3048
10784 4 2 10 2 2401 3064 2553 3324
10785 4 2 10 2 2264 2741 2136 2863
10786 4 2 10 2 696 2717 2455 3563
10787 4 2 10 2 238 21 243 3700
10788 4 2 10 2 2503 3402 2205 3695
10789 4 2 10 2 1423 3551 2341 3667
10790 4 2 10 2 1720 3391 2651 3488
10791 4 2 10 2 2210 2993 2415 3459
10792 4 2 10 2 790 733 789 3417
10793 4 2 10 2 2735 3024 2680 3342
10794 4 2 10 2 1612 2882 2550 3442
10795 4 2 10 2 1172 2380 1369 3582
10796 4 2 10 2 525 375 493 3305
10797 4 2 10 2 1177 3070 1445 3388
10798 4 2 10 2 2109 2487 2894 3569
10799 4 2 10 2 688 3226 690 3414
10800 4 2 10 2 754 728 3206 3353
10801 4 2 10 2 1854 2646 3586 3720
10802 4 2 10 2 345 3095 2592 3666
10803 4 2 10 2 479 482 2893 3142
10804 4 2 10 2 893 780 575 3336
10805 4 2 10 2 1775 1714 1724 3315
10806 4 2 10 2 2654 3213 2241 3532
10807 4 2 10 2 786 2467 612 3178
10808 4 2 10 2 2147 2634 2416 3298
10809 4 2 10 2 1343 2511 3369 3704
10810 4 2 10 2 1262 2830 2553 3388
10811 4 2 10 2 1257 1049 2828 3522
10812 4 2 10 2 1868 2605 1623 3199
10813 4 2 10 2 2099 2398 3320 3632
10814 4 2 10 2 1150 1427 804 2787
10815 4 2 10 2 1842 2702 1538 3686
10816 4 2 10 2 2147 3298 2747 3469
10817 4 2 10 2 2403 2905 2632 3153
10818 4 2 10 2 1494 1968 2006 2505
10819 4 2 10 2 2701 3644 2307 3736
10820 4 2 10 2 2067 3036 2419 3238
10821 4 2 10 2 2234 3491 2644 3674
10822 4 2 10 2 2090 2875 2588 3449
10823 4 2 10 2 2127 2735 2355 2814
10824 4 2 10 2 1619 1868 1623 3199
10825 4 2 10 2 2425 2173 3355 3457
10826 4 2 10 2 780 2558 575 3336
10827 4 2 10 2 2651 2802 1981 3488
10828 4 2 10 2 1668 1659 1689 3129
10829 4 2 10 2 1607 1591 1606 2402
10830 4 2 10 2 2287 3176 2589 3187
10831 4 2 10 2 2585 2791 2187 3375
10832 4 2 10 2 1441 888 533 3197
10833 4 2 10 2 3037 3104 2594 3538
10834 4 2 10 2 1787 3043 2365 3564
10835 4 2 10 2 944 2764 1301 3556
10836 4 2 10 2 2629 2284 2877 3390
10837 4 2 10 2 31 1501 266 3732
10838 4 2 10 2 1373 1139 2978 2993
10839 4 2 10 2 1958 2687 1935 3043
10840 4 2 10 2 2351 2792 3183 3642
10841 4 2 10 2 713 2645 3086 3226
10842 4 2 10 2 2569 2632 2119 2647
10843 4 2 10 2 2527 2812 1653 3329
10844 4 2 10 2 2242 2360 2707 3169
10845 4 2 10 2 2035 1989 2641 2998
10846 4 2 10 2 1279 3067 2335 3173
10847 4 2 10 2 2176 2609 2928 3145
10848 4 2 10 2 2133 3200 2420 3260
10849 4 2 10 2 2264 2136 2741 3071
10850 4 2 10 2 2103 2665 3374 3537
10851 4 2 10 2 612 596 611 3032
10852 4 2 10 2 346 3245 496 3464
10853 4 2 10 2 2573 2832 2171 3617
10854 4 2 10 2 2512 2749 2224 3185
10855 4 2 10 2 2364 3165 2075 3512
10856 4 2 10 2 2787 3217 2426 3739
10857 4 2 10 2 2161 2552 3002 3194
10858 4 2 10 2 1332 2331 1395 3654
10859 4 2 10 2 1753 1727 2673 3294
10860 4 2 10 2 1577 2983 2384 3138
10861 4 2 10 2 976 2432 1301 3536
10862 4 2 10 2 2074 2591 2588 3213
10863 4 2 10 2 2817 3378 2633 3599
10864 4 2 10 2 2297 2791 2585 3375
10865 4 2 10 2 2811 3139 2281 3699
10866 4 2 10 2 1752 1907 2918 3120
10867 4 2 10 2 1421 527 2598 3673
10868 4 2 10 2 927 3047 928 3556
10869 4 2 10 2 3020 3377 2135 3483
10870 4 2 10 2 2194 3273 2349 3575
10871 4 2 10 2 1871 2572 2030 3615
10872 4 2 10 2 2474 3593 2628 3652
10873 4 2 10 2 1750 2498 2898 3420
10874 4 2 10 2 2180 2624 2900 2959
10875 4 2 10 2 3064 3324 2401 3577
10876 4 2 10 2 2105 2778 2531 3454
10877 4 2 10 2 1366 1168 1365 3110
10878 4 2 10 2 1299 1016 2770 3205
10879 4 2 10 2 1893 2915 1856 3154
10880 4 2 10 2 2158 2719 2362 3659
10881 4 2 10 2 1336 2480 1315 3532
10882 4 2 10 2 1446 26 265 2689
10883 4 2 10 2 2079 3208 3146 3721
10884 4 2 10 2 1285 2809 972 3252
10885 4 2 10 2 2197 2343 2970 3618
10886 4 2 10 2 2347 1362 3025 3450
10887 4 2 10 2 2400 2088 2937 3145
10888 4 2 10 2 2145 2668 2500 3203
10889 4 2 10 2 2143 2835 2295 2984
10890 4 2 10 2 2169 2662 2455 3563
10891 4 2 10 2 837 2730 841 3097
10892 4 2 10 2 1556 1557 1550 3138
10893 4 2 10 2 576 1460 2760 2761
10894 4 2 10 2 1628 3080 2498 3420
10895 4 2 10 2 2358 1355 2936 3634
10896 4 2 10 2 453 452 297 2802
10897 4 2 10 2 1786 590 1808 2610
10898 4 2 10 2 2466 2129 3342 3711
10899 4 2 10 2 2568 3077 2759 3397
10900 4 2 10 2 2187 2781 2585 3375
10901 4 2 10 2 370 2578 367 3210
10902 4 2 10 2 1301 2764 1340 3170
10903 4 2 10 2 1519 752 588 2606
10904 4 2 10 2 796 2357 594 2966
10905 4 2 10 2 2570 2602 2150 2844
10906 4 2 10 2 1791 2324 3034 3401
10907 4 2 10 2 1714 2439 3162 3315
10908 4 2 10 2 735 2535 739 3417
10909 4 2 10 2 2096 3217 2426 3457
10910 4 2 10 2 2082 2522 2945 3493
10911 4 2 10 2 2553 2830 2304 3477
10912 4 2 10 2 1440 987 1450 2601
10913 4 2 10 2 2195 2617 2718 3057
10914 4 2 10 2 1834 1850 1546 2942
10915 4 2 10 2 1337 1093 1042 2368
10916 4 2 10 2 2425 3102 2096 3217
10917 4 2 10 2 2224 3185 2749 3616
10918 4 2 10 2 2310 2221 3046 3314
10919 4 2 10 2 2250 3076 2583 3215
10920 4 2 10 2 1606 1603 1732 2957
10921 4 2 10 2 2242 2961 2525 3073
10922 4 2 10 2 333 2387 335 3304
10923 4 2 10 2 1283 2511 1132 3369
10924 4 2 10 2 507 3338 505 3528
10925 4 2 10 2 2327 2831 2561 3613
10926 4 2 10 2 582 759 760 2756
10927 4 2 10 2 2354 3144 2192 3302
10928 4 2 10 2 2080 2462 2987 3383
10929 4 2 10 2 1494 2505 2006 3620
10930 4 2 10 2 2109 2794 2600 3409
10931 4 2 10 2 2397 3021 2891 3053
10932 4 2 10 2 2121 2603 2534 2739
10933 4 2 10 2 2592 3180 2911 3666
10934 4 2 10 2 2192 2354 2866 2971
10935 4 2 10 2 2127 3024 2735 3342
10936 4 2 10 2 983 984 982 2968
10937 4 2 10 2 644 642 643 2986
10938 4 2 10 2 2333 19 3237 3385
10939 4 2 10 2 2157 2332 2885 3320
10940 4 2 10 2 323 2621 325 3535
10941 4 2 10 2 2130 2365 2943 3362
10942 4 2 10 2 1241 2747 1265 3298
10943 4 2 10 2 2488 2886 2676 3459
10944 4 2 10 2 1992 2801 1762 2877
10945 4 2 10 2 2256 2604 3133 3414
10946 4 2 10 2 2589 2990 2888 3463
10947 4 2 10 2 2499 3214 2149 3683
10948 4 2 10 2 2478 2959 2269 3373
10949 4 2 10 2 2104 2775 2670 3624
10950 4 2 10 2 137 609 2660 3405
10951 4 2 10 2 2351 3353 2904 3642
10952 4 2 10 2 1315 2480 3109 3532
10953 4 2 10 2 2173 2561 2483 3036
10954 4 2 10 2 2421 2121 2771 3256
10955 4 2 10 2 2479 2797 617 3291
10956 4 2 10 2 1013 972 1025 2727
10957 4 2 10 2 2277 2855 2449 3220
10958 4 2 10 2 2347 3110 1365 3450
10959 4 2 10 2 2588 2591 2128 3213
10960 4 2 10 2 2313 3662 3356 3712
10961 4 2 10 2 2563 3151 777 3576
10962 4 2 10 2 1366 1134 1067 2665
10963 4 2 10 2 1422 2778 2341 3220
10964 4 2 10 2 2798 3247 2528 3603
10965 4 2 10 2 690 3414 2662 3745
10966 4 2 10 2 2088 2766 2400 3531
10967 4 2 10 2 2079 2453 2900 3568
10968 4 2 10 2 727 2691 833 3563
10969 4 2 10 2 2532 2890 2339 3003
10970 4 2 10 2 2230 2616 2368 3219
10971 4 2 10 2 2352 3069 1374 3070
10972 4 2 10 2 2754 2238 3366 3465
10973 4 2 10 2 446 1518 2834 3594
10974 4 2 10 2 810 2708 837 3097
10975 4 2 10 2 140 2731 866 3680
10976 4 2 10 2 1541 1544 1583 2960
10977 4 2 10 2 1619 1618 1617 3216
10978 4 2 10 2 2092 3193 2408 3273
10979 4 2 10 2 985 2541 1003 3661
10980 4 2 10 2 2314 3283 2127 3571
10981 4 2 10 2 2061 3152 3267 3445
10982 4 2 10 2 2349 2152 2836 3121
10983 4 2 10 2 2229 2883 2533 3509
10984 4 2 10 2 1404 2415 1218 3555
10985 4 2 10 2 2198 2825 2587 3432
10986 4 2 10 2 2885 2099 3412 3744
10987 4 2 10 2 2328 2218 2918 3516
10988 4 2 10 2 2547 3390 2779 3706
10989 4 2 10 2 1943 2027 1490 2646
10990 4 2 10 2 2473 2808 2115 3536
10991 4 2 10 2 1236 1420 2761 3229
10992 4 2 10 2 1576 1589 2684 3192
10993 4 2 10 2 2076 2391 3139 3699
10994 4 2 10 2 2777 2914 2229 3176
10995 4 2 10 2 2587 3331 2345 3356
10996 4 2 10 2 1880 2556 2883 3590
10997 4 2 10 2 2390 348 2851 3464
10998 4 2 10 2 1440 2601 1229 3019
10999 4 2 10 2 624 626 790 3050
11000 4 2 10 2 381 383 382 3302
11001 4 2 10 2 2155 2544 2525 3175
11002 4 2 10 2 2240 2696 3350 3725
11003 4 2 10 2 1616 1892 1866 2773
11004 4 2 10 2 2537 2992 2294 3716
11005 4 2 10 2 824 673 722 3301
11006 4 2 10 2 2095 2411 2571 3628
11007 4 2 10 2 2258 2441 2919 3363
11008 4 2 10 2 2441 2786 2593 3438
11009 4 2 10 2 2109 2894 2501 3014
11010 4 2 10 2 1653 2527 1860 3519
11011 4 2 10 2 1272 1105 1081 2818
11012 4 2 10 2 2609 3302 2866 3578
11013 4 2 10 2 2937 3324 2352 3577
11014 4 2 10 2 1315 3109 2654 3532
11015 4 2 10 2 2278 2800 2693 3593
11016 4 2 10 2 1306 1099 2337 3393
11017 4 2 10 2 1754 2733 2348 3277
11018 4 2 10 2 2756 3125 2260 3452
11019 4 2 10 2 2940 2960 2282 3686
11020 4 2 10 2 1191 2678 807 3249
11021 4 2 10 2 1619 2605 3199 3216
11022 4 2 10 2 1885 2514 2884 3615
11023 4 2 10 2 2246 2573 3626 3748
11024 4 2 10 2 2232 2851 3259 3504
11025 4 2 10 2 2489 2127 2979 3024
11026 4 2 10 2 2398 2902 632 3061
11027 4 2 10 2 1564 1559 2704 3621
11028 4 2 10 2 2901 3292 2454 3639
11029 4 2 10 2 2154 2935 3240 3411
11030 4 2 10 2 1818 2010 3364 3678
11031 4 2 10 2 2419 2173 3036 3517
11032 4 2 10 2 2611 2833 2097 3754
11033 4 2 10 2 2227 2661 2368 3412
11034 4 2 10 2 453 1508 504 2802
11035 4 2 10 2 2344 2731 2181 3678
11036 4 2 10 2 2711 3085 1598 3734
11037 4 2 10 2 2235 3458 2694 3490
11038 4 2 10 2 1564 2704 1869 3580
11039 4 2 10 2 2363 2608 2149 3099
11040 4 2 10 2 2429 3067 3173 3440
11041 4 2 10 2 2363 3596 2072 3718
11042 4 2 10 2 1696 1974 3530 3660
11043 4 2 10 2 1992 2664 1762 2801
11044 4 2 10 2 2346 2897 2634 3257
11045 4 2 10 2 2655 3247 2061 3267
11046 4 2 10 2 419 357 3204 3715
11047 4 2 10 2 2659 3111 2458 3535
11048 4 2 10 2 2913 2401 3324 3577
11049 4 2 10 2 2688 3328 2409 3490
11050 4 2 10 2 448 2336 3242 3637
11051 4 2 10 2 2064 3332 2825 3571
11052 4 2 10 2 2712 3262 2193 3759
11053 4 2 10 2 2229 2533 3269 3509
11054 4 2 10 2 1356 3288 2477 3377
11055 4 2 10 2 2565 3611 2279 3698
11056 4 2 10 2 1842 2940 2702 3686
11057 4 2 10 2 1747 2777 1902 3120
11058 4 2 10 2 2134 2503 2819 3702
11059 4 2 10 2 2094 2440 2822 3476
11060 4 2 10 2 3131 3333 2448 3455
11061 4 2 10 2 803 2787 714 3217
11062 4 2 10 2 626 627 628 3279
11063 4 2 10 2 1210 1412 879 2674
11064 4 2 10 2 1199 2807 2551 3551
11065 4 2 10 2 2673 3265 1753 3526
11066 4 2 10 2 2443 3152 2931 3753
11067 4 2 10 2 2411 2571 2184 3272
11068 4 2 10 2 2565 2279 3611 3728
11069 4 2 10 2 1380 2678 1143 2927
11070 4 2 10 2 1497 2572 578 3478
11071 4 2 10 2 2574 2244 2728 3492
11072 4 2 10 2 2687 2899 2309 3474
11073 4 2 10 2 780 865 2558 3336
11074 4 2 10 2 652 2941 2470 3325
11075 4 2 10 2 2209 2365 2857 3224
11076 4 2 10 2 2036 3005 1839 3590
11077 4 2 10 2 2343 2970 2305 3466
11078 4 2 10 2 2939 2308 3135 3724
11079 4 2 10 2 2121 2537 3256 3716
11080 4 2 10 2 696 2455 2717 3554
11081 4 2 10 2 2505 2626 1760 3495
11082 4 2 10 2 575 780 865 2558
11083 4 2 10 2 2751 3060 2160 3211
11084 4 2 10 2 2346 3257 1002 3288
11085 4 2 10 2 367 370 369 2578
11086 4 2 10 2 2198 2634 3257 3733
11087 4 2 10 2 2464 669 3485 3735
11088 4 2 10 2 339 2433 337 3758
11089 4 2 10 2 2352 3324 3064 3577
11090 4 2 10 2 1131 1132 2930 3743
11091 4 2 10 2 1359 1362 945 3025
11092 4 2 10 2 1013 2727 1025 3297
11093 4 2 10 2 2486 2633 3378 3599
11094 4 2 10 2 2469 2566 2135 3254
11095 4 2 10 2 2407 2131 2826 3688
11096 4 2 10 2 2536 2686 2123 3312
11097 4 2 10 2 1331 1080 2736 3000
11098 4 2 10 2 2257 2910 3194 3247
11099 4 2 10 2 2704 2777 1890 3580
11100 4 2 10 2 2194 2349 3416 3575
11101 4 2 10 2 2423 2976 2502 3239
11102 4 2 10 2 2083 3122 2816 3280
11103 4 2 10 2 2382 2834 2031 3081
11104 4 2 10 2 2102 2622 2387 3304
11105 4 2 10 2 2236 2464 2804 3413
11106 4 2 10 2 1290 2483 1205 3525
11107 4 2 10 2 2105 2774 2534 3446
11108 4 2 10 2 2315 2983 3299 3426
11109 4 2 10 2 808 41 799 3654
11110 4 2 10 2 2137 2708 2976 3497
11111 4 2 10 2 2121 2992 2537 3716
11112 4 2 10 2 939 2682 940 3221
11113 4 2 10 2 2728 3492 2244 3630
11114 4 2 10 2 2557 2782 2303 3439
11115 4 2 10 2 2473 2926 2642 3547
11116 4 2 10 2 2051 1493 2564 3049
11117 4 2 10 2 2337 2799 1306 3393
11118 4 2 10 2 1099 2955 2337 3393
11119 4 2 10 2 787 1923 570 2635
11120 4 2 10 2 2161 2541 2839 3194
11121 4 2 10 2 2792 2798 2445 3367
11122 4 2 10 2 2163 2492 2497 3406
11123 4 2 10 2 973 976 977 2473
11124 4 2 10 2 2334 2784 2758 3352
11125 4 2 10 2 2608 2523 3596 3718
11126 4 2 10 2 2110 2948 2381 3146
11127 4 2 10 2 2434 2951 2602 3646
11128 4 2 10 2 538 511 409 3130
11129 4 2 10 2 2149 2538 2458 3111
11130 4 2 10 2 1043 1009 1014 2859
11131 4 2 10 2 2348 2733 1754 3294
11132 4 2 10 2 2089 2775 2452 3222
11133 4 2 10 2 1374 1177 1145 2352
11134 4 2 10 2 2128 2672 2568 3397
11135 4 2 10 2 2117 2322 2751 3211
11136 4 2 10 2 359 360 2685 3204
11137 4 2 10 2 2477 3377 3020 3483
11138 4 2 10 2 2879 3416 2836 3575
11139 4 2 10 2 2676 2886 2442 3459
11140 4 2 10 2 2044 2752 2023 3162
11141 4 2 10 2 1450 2601 987 3661
11142 4 2 10 2 2109 2894 3014 3569
11143 4 2 10 2 2129 2706 2466 3342
11144 4 2 10 2 2153 2464 2729 2804
11145 4 2 10 2 2294 2603 3367 3716
11146 4 2 10 2 2240 2696 3556 3704
11147 4 2 10 2 616 2925 618 3178
11148 4 2 10 2 2297 2801 2664 3658
11149 4 2 10 2 2101 2595 2477 2871
11150 4 2 10 2 2203 3139 2401 3324
11151 4 2 10 2 2249 3339 2822 3476
11152 4 2 10 2 2222 2615 2923 3218
11153 4 2 10 2 2600 3409 2427 3730
11154 4 2 10 2 2222 2732 2392 3218
11155 4 2 10 2 2144 2793 2540 3760
11156 4 2 10 2 1789 3206 2351 3353
11157 4 2 10 2 2267 2806 2290 3321
11158 4 2 10 2 1435 586 797 2690
11159 4 2 10 2 2072 2411 2829 3752
11160 4 2 10 2 1024 2813 1055 2950
11161 4 2 10 2 612 786 749 2467
11162 4 2 10 2 1200 2807 1152 2944
11163 4 2 10 2 941 940 939 2682
11164 4 2 10 2 2483 2561 2173 3525
11165 4 2 10 2 1561 2623 1566 3174
11166 4 2 10 2 2153 2901 2418 2995
11167 4 2 10 2 2203 3030 2334 3699
11168 4 2 10 2 2274 3368 3098 3582
11169 4 2 10 2 2579 2990 2521 3463
11170 4 2 10 2 2096 2425 3217 3457
11171 4 2 10 2 2866 3108 2353 3307
11172 4 2 10 2 2089 3021 2397 3726
11173 4 2 10 2 2434 2142 2951 3646
11174 4 2 10 2 1813 3330 2721 3354
11175 4 2 10 2 44 3392 3382 3681
11176 4 2 10 2 2153 2729 2464 3434
11177 4 2 10 2 2501 3037 2594 3538
11178 4 2 10 2 461 3042 463 3437
11179 4 2 10 2 2286 2898 3420 3489
11180 4 2 10 2 521 3105 2847 3167
11181 4 2 10 2 2158 3299 2983 3659
11182 4 2 10 2 2340 2927 1076 3147
11183 4 2 10 2 461 545 463 3042
11184 4 2 10 2 1570 1576 1858 2684
11185 4 2 10 2 2339 3003 2890 3141
11186 4 2 10 2 2114 2707 2615 2961
11187 4 2 10 2 2740 3098 2274 3396
11188 4 2 10 2 1050 3520 2630 3741
11189 4 2 10 2 2302 2763 2684 3734
11190 4 2 10 2 1783 2652 1846 3703
11191 4 2 10 2 2167 2312 2981 3008
11192 4 2 10 2 2469 2681 2069 3331
11193 4 2 10 2 2287 2777 2328 2878
11194 4 2 10 2 2384 3426 2822 3506
11195 4 2 10 2 2662 3226 2256 3414
11196 4 2 10 2 2402 3117 2148 3531
11197 4 2 10 2 1891 1897 1833 3379
11198 4 2 10 2 2067 2548 2791 2934
11199 4 2 10 2 1465 2490 1123 3263
11200 4 2 10 2 1915 1565 2537 3256
11201 4 2 10 2 1619 3199 1618 3216
11202 4 2 10 2 2525 2544 2063 3175
11203 4 2 10 2 2127 2680 3024 3342
11204 4 2 10 2 2589 3176 2076 3187
11205 4 2 10 2 2166 2466 2825 3571
11206 4 2 10 2 2109 2894 2487 3411
11207 4 2 10 2 2127 2814 2653 3571
11208 4 2 10 2 2940 3241 2217 3671
11209 4 2 10 2 652 2470 651 3325
11210 4 2 10 2 2605 2946 2493 3549
11211 4 2 10 2 718 815 2780 3266
11212 4 2 10 2 957 958 967 3066
11213 4 2 10 2 736 2479 617 3291
11214 4 2 10 2 2477 2135 3020 3377
11215 4 2 10 2 2465 2710 2178 3295
11216 4 2 10 2 2246 2709 2573 3748
11217 4 2 10 2 1608 2827 2810 3435
11218 4 2 10 2 363 354 352 2557
11219 4 2 10 2 945 2682 941 3418
11220 4 2 10 2 2956 3138 2697 3157
11221 4 2 10 2 1169 2500 1109 3317
11222 4 2 10 2 1463 1198 1195 2517
11223 4 2 10 2 1190 508 1224 2490
11224 4 2 10 2 2451 2205 2845 3471
11225 4 2 10 2 2666 2992 2518 3202
11226 4 2 10 2 2203 2785 2401 3139
11227 4 2 10 2 1251 2477 2871 3483
11228 4 2 10 2 425 433 2988 3285
11229 4 2 10 2 1764 3353 2351 3642
11230 4 2 10 2 2094 2650 2362 3659
11231 4 2 10 2 2150 2434 2845 3088
11232 4 2 10 2 2070 2935 2746 3250
11233 4 2 10 2 2140 2502 2982 3486
11234 4 2 10 2 2492 2163 3310 3406
11235 4 2 10 2 573 1983 783 2564
11236 4 2 10 2 269 2891 2359 3167
11237 4 2 10 2 2265 3330 3068 3354
11238 4 2 10 2 2233 2399 3349 3389
11239 4 2 10 2 2535 3050 739 3417
11240 4 2 10 2 1300 1179 1388 2984
11241 4 2 10 2 742 709 844 2742
11242 4 2 10 2 2340 2828 1048 3109
11243 4 2 10 2 2754 2801 2238 3465
11244 4 2 10 2 2256 2455 2816 3745
11245 4 2 10 2 2962 3272 2540 3760
11246 4 2 10 2 401 2397 408 3130
11247 4 2 10 2 326 2458 325 2969
11248 4 2 10 2 2938 3626 2573 3748
11249 4 2 10 2 2443 3706 3152 3753
11250 4 2 10 2 2283 2723 2516 3638
11251 4 2 10 2 2363 3341 2174 3718
11252 4 2 10 2 2352 2937 2553 3324
11253 4 2 10 2 2087 2755 2413 3191
11254 4 2 10 2 2109 2501 2894 3411
11255 4 2 10 2 380 411 2865 3179
11256 4 2 10 2 2533 3580 2704 3621
11257 4 2 10 2 693 727 833 3563
11258 4 2 10 2 660 723 2907 3507
11259 4 2 10 2 2248 3423 2475 3509
11260 4 2 10 2 2071 2772 2463 3579
11261 4 2 10 2 1879 2509 2709 3605
11262 4 2 10 2 1327 2529 916 3338
11263 4 2 10 2 365 2395 3210 3381
11264 4 2 10 2 2150 2374 3583 3646
11265 4 2 10 2 2417 2352 2937 3388
11266 4 2 10 2 2187 2514 2649 2889
11267 4 2 10 2 1174 3261 1098 3566
11268 4 2 10 2 360 358 423 2376
11269 4 2 10 2 2244 2577 2728 3630
11270 4 2 10 2 2313 2486 3356 3662
11271 4 2 10 2 1597 1856 1736 2915
11272 4 2 10 2 2100 2547 2552 3002
11273 4 2 10 2 2006 2977 1980 3620
11274 4 2 10 2 2401 3324 2553 3421
11275 4 2 10 2 1735 1915 1993 3256
11276 4 2 10 2 1050 2630 1278 3741
11277 4 2 10 2 2242 2360 3169 3410
11278 4 2 10 2 2408 2303 3259 3504
11279 4 2 10 2 2261 3570 2968 3729
11280 4 2 10 2 2736 3000 2262 3040
11281 4 2 10 2 2172 2817 2633 3599
11282 4 2 10 2 2680 3024 2735 3518
11283 4 2 10 2 2758 2836 1118 3348
11284 4 2 10 2 2199 2324 2840 3401
11285 4 2 10 2 1120 1267 3148 3282
11286 4 2 10 2 2120 2393 2716 3323
11287 4 2 10 2 2326 2744 2586 3083
11288 4 2 10 2 1564 1559 1869 2704
11289 4 2 10 2 2274 2745 2717 3100
11290 4 2 10 2 2135 2346 2679 3377
11291 4 2 10 2 2985 3044 2758 3701
11292 4 2 10 2 2483 3248 2161 3275
11293 4 2 10 2 1435 2690 1433 2767
11294 4 2 10 2 2746 2935 2317 3250
11295 4 2 10 2 2033 1843 1948 2957
11296 4 2 10 2 2670 2775 2104 3545
11297 4 2 10 2 2180 3166 2380 3311
11298 4 2 10 2 44 308 3392 3681
11299 4 2 10 2 2477 3288 2244 3523
11300 4 2 10 2 1964 1498 293 2998
11301 4 2 10 2 2345 3356 3129 3712
11302 4 2 10 2 2593 2713 2246 3052
11303 4 2 10 2 374 372 491 2928
11304 4 2 10 2 2912 2366 3347 3511
11305 4 2 10 2 393 324 322 2621
11306 4 2 10 2 731 3353 2606 3690
11307 4 2 10 2 2117 2772 2322 3211
11308 4 2 10 2 2455 2305 3007 3554
11309 4 2 10 2 2366 3335 2459 3747
11310 4 2 10 2 2222 3014 2600 3442
11311 4 2 10 2 2233 3332 2965 3349
11312 4 2 10 2 2754 2910 2238 3445
11313 4 2 10 2 2143 2457 2835 3325
11314 4 2 10 2 2854 3037 2259 3347
11315 4 2 10 2 2290 2806 2699 3321
11316 4 2 10 2 2150 2347 3025 3583
11317 4 2 10 2 2562 3308 2233 3332
11318 4 2 10 2 2210 2993 2738 3301
11319 4 2 10 2 2407 2828 1047 3357
11320 4 2 10 2 2690 2767 2157 3633
11321 4 2 10 2 1101 1254 1192 3543
11322 4 2 10 2 2573 2709 2171 3605
11323 4 2 10 2 1544 1546 2471 3243
11324 4 2 10 2 2184 2560 3281 3567
11325 4 2 10 2 2767 2958 2157 3633
11326 4 2 10 2 2770 3030 2120 3623
11327 4 2 10 2 1655 1656 1654 3215
11328 4 2 10 2 1904 2861 3231 3722
11329 4 2 10 2 2523 2921 2174 3718
11330 4 2 10 2 438 2975 3223 3330
11331 4 2 10 2 2757 3310 2163 3406
11332 4 2 10 2 2421 3079 1640 3256
11333 4 2 10 2 3111 3196 2726 3541
11334 4 2 10 2 1697 1763 3089 3656
11335 4 2 10 2 2112 2547 2552 3390
11336 4 2 10 2 2105 2603 2534 2774
11337 4 2 10 2 2114 2625 2696 3472
11338 4 2 10 2 2264 2863 2136 3321
11339 4 2 10 2 1249 2831 2661 3480
11340 4 2 10 2 785 723 2428 3125
11341 4 2 10 2 2492 3099 2363 3552
11342 4 2 10 2 2125 2478 2850 2959
11343 4 2 10 2 2218 2972 2918 3495
11344 4 2 10 2 2254 3249 3147 3454
11345 4 2 10 2 2351 3183 3206 3642
11346 4 2 10 2 2246 3626 2938 3748
11347 4 2 10 2 342 341 2686 2880
11348 4 2 10 2 2305 3007 3554 3572
11349 4 2 10 2 2089 2775 2946 3286
11350 4 2 10 2 943 2845 2434 3544
11351 4 2 10 2 2324 773 3233 3560
11352 4 2 10 2 2326 3004 1779 3082
11353 4 2 10 2 2678 3249 2254 3441
11354 4 2 10 2 2732 3073 2267 3218
11355 4 2 10 2 2267 2132 2806 2917
11356 4 2 10 2 2082 2866 2400 3234
11357 4 2 10 2 2540 2999 2144 3760
11358 4 2 10 2 1327 2529 3338 3742
11359 4 2 10 2 2083 2632 2905 3153
11360 4 2 10 2 2155 2320 3072 3175
11361 4 2 10 2 3027 3050 2461 3429
11362 4 2 10 2 657 656 655 2457
11363 4 2 10 2 1555 2573 2832 3605
11364 4 2 10 2 2428 2907 723 3507
11365 4 2 10 2 2496 2354 3179 3361
11366 4 2 10 2 2172 2431 2817 3255
11367 4 2 10 2 1771 1912 2722 3636
11368 4 2 10 2 2371 3308 2562 3332
11369 4 2 10 2 1309 1017 1339 3461
11370 4 2 10 2 1041 1249 1337 3018
11371 4 2 10 2 369 370 371 2578
11372 4 2 10 2 2630 3365 2189 3741
11373 4 2 10 2 1473 2864 1310 3251
11374 4 2 10 2 1938 2055 1522 3392
11375 4 2 10 2 2294 3256 2537 3716
11376 4 2 10 2 2334 2758 3348 3352
11377 4 2 10 2 2571 3264 2962 3272
11378 4 2 10 2 719 792 602 2563
11379 4 2 10 2 24 1762 2801 2877
11380 4 2 10 2 2197 3007 2455 3466
11381 4 2 10 2 2101 2582 2566 2967
11382 4 2 10 2 401 399 408 2397
11383 4 2 10 2 1580 1588 2504 3641
11384 4 2 10 2 2772 3584 2362 3648
11385 4 2 10 2 2594 3052 2374 3250
11386 4 2 10 2 1533 1534 2427 3241
11387 4 2 10 2 2100 2547 2510 2779
11388 4 2 10 2 1700 3127 1757 3594
11389 4 2 10 2 2211 2908 2467 3004
11390 4 2 10 2 2095 2571 3589 3628
11391 4 2 10 2 2336 448 3230 3637
11392 4 2 10 2 2077 2737 2759 3606
11393 4 2 10 2 2055 2730 1522 3392
11394 4 2 10 2 1938 3075 3392 3486
11395 4 2 10 2 2078 3284 2874 3514
11396 4 2 10 2 2581 2617 2216 2710
11397 4 2 10 2 2294 2776 2333 3237
11398 4 2 10 2 271 34 35 2399
11399 4 2 10 2 2455 3007 2305 3466
11400 4 2 10 2 1918 1753 2673 3265
11401 4 2 10 2 2199 3277 2840 3400
11402 4 2 10 2 2825 3332 2166 3571
11403 4 2 10 2 2119 2403 2632 3153
11404 4 2 10 2 2159 2513 2591 3213
11405 4 2 10 2 2063 2544 2525 3073
11406 4 2 10 2 1550 1557 1558 2956
11407 4 2 10 2 1557 1556 1866 3138
11408 4 2 10 2 1557 2697 1558 2956
11409 4 2 10 2 2145 2584 2668 3611
11410 4 2 10 2 868 2731 872 3732
11411 4 2 10 2 2425 2126 2986 3517
11412 4 2 10 2 923 920 2762 2991
11413 4 2 10 2 975 2613 1313 3676
11414 4 2 10 2 938 2751 1277 3060
11415 4 2 10 2 1869 2704 1890 3580
11416 4 2 10 2 293 562 1964 2998
11417 4 2 10 2 1410 3147 3249 3454
11418 4 2 10 2 2069 2566 2469 3076
11419 4 2 10 2 713 3086 831 3226
11420 4 2 10 2 2471 2960 1544 3243
11421 4 2 10 2 2812 3329 2237 3689
11422 4 2 10 2 1131 1085 1132 3743
11423 4 2 10 2 2234 2612 3491 3674
11424 4 2 10 2 1830 2822 2384 3602
11425 4 2 10 2 2166 2371 2825 3136
11426 4 2 10 2 1297 2691 832 3731
11427 4 2 10 2 2459 2142 3221 3347
11428 4 2 10 2 2675 2864 2318 3189
11429 4 2 10 2 773 2324 774 3560
11430 4 2 10 2 2200 3148 2671 3387
11431 4 2 10 2 2764 3369 2511 3704
11432 4 2 10 2 494 1996 292 2687
11433 4 2 10 2 1617 2822 1620 3216
11434 4 2 10 2 2101 2566 2577 2967
11435 4 2 10 2 2675 2318 3164 3189
11436 4 2 10 2 2190 2708 2530 3497
11437 4 2 10 2 1189 1345 1346 2581
11438 4 2 10 2 1147 2614 1079 3398
11439 4 2 10 2 2430 3204 2108 3326
11440 4 2 10 2 2744 2909 2196 3675
11441 4 2 10 2 2675 3164 2864 3189
11442 4 2 10 2 1173 2745 3372 3582
11443 4 2 10 2 2434 939 3221 3418
11444 4 2 10 2 1714 2009 1712 3162
11445 4 2 10 2 1531 1530 1915 2537
11446 4 2 10 2 2713 3146 2374 3158
11447 4 2 10 2 2586 2744 2196 3675
11448 4 2 10 2 2533 2883 2248 3509
11449 4 2 10 2 1070 1087 1262 2553
11450 4 2 10 2 1783 2899 2652 3703
11451 4 2 10 2 1169 2677 1368 3041
11452 4 2 10 2 1855 1598 2711 3085
11453 4 2 10 2 2096 3102 2792 3739
11454 4 2 10 2 2392 2732 2222 3496
11455 4 2 10 2 2441 3115 2591 3617
11456 4 2 10 2 2936 3338 2529 3742
11457 4 2 10 2 2434 2845 943 3418
11458 4 2 10 2 2533 2248 3269 3509
11459 4 2 10 2 2891 3021 2208 3053
11460 4 2 10 2 1741 2753 2980 3017
11461 4 2 10 2 2412 2949 3226 3414
11462 4 2 10 2 16 2732 1481 2923
11463 4 2 10 2 2113 2411 2829 3272
11464 4 2 10 2 2089 2698 3222 3286
11465 4 2 10 2 1976 2626 2918 3495
11466 4 2 10 2 2242 3073 2525 3410
11467 4 2 10 2 402 401 2891 3053
11468 4 2 10 2 1349 1147 1079 3398
11469 4 2 10 2 1719 2796 2532 3003
11470 4 2 10 2 1199 1152 2426 3551
11471 4 2 10 2 657 2780 658 2907
11472 4 2 10 2 2182 2487 2666 2843
11473 4 2 10 2 2305 3191 2343 3466
11474 4 2 10 2 2328 2777 2287 3187
11475 4 2 10 2 677 3168 2803 3301
11476 4 2 10 2 555 2493 305 3677
11477 4 2 10 2 2352 3070 2417 3305
11478 4 2 10 2 1169 1368 1281 3041
11479 4 2 10 2 2426 2807 2551 3457
11480 4 2 10 2 2325 2922 2160 3482
11481 4 2 10 2 2349 3273 2194 3416
11482 4 2 10 2 2405 2123 2688 3312
11483 4 2 10 2 1125 3022 1127 3251
11484 4 2 10 2 2448 2174 3333 3398
11485 4 2 10 2 2462 2163 2757 3310
11486 4 2 10 2 2253 3118 3069 3381
11487 4 2 10 2 619 2925 3106 3427
11488 4 2 10 2 2900 3110 2306 3645
11489 4 2 10 2 2235 2858 2668 3316
11490 4 2 10 2 2099 2628 3412 3744
11491 4 2 10 2 2189 2549 2725 3741
11492 4 2 10 2 1125 1127 1126 3251
11493 4 2 10 2 2744 2953 2508 3254
11494 4 2 10 2 2140 2891 3021 3107
11495 4 2 10 2 18 1798 17 3496
11496 4 2 10 2 1052 1033 1019 2449
11497 4 2 10 2 470 2536 290 2752
11498 4 2 10 2 1829 2440 2822 3602
11499 4 2 10 2 1826 1663 2781 3023
11500 4 2 10 2 2575 2892 2176 2957
11501 4 2 10 2 1008 3185 2524 3616
11502 4 2 10 2 1155 1239 1156 3155
11503 4 2 10 2 2607 3044 2985 3701
11504 4 2 10 2 2612 3153 2269 3209
11505 4 2 10 2 141 2731 839 3028
11506 4 2 10 2 2264 2136 3071 3321
11507 4 2 10 2 1197 1196 1117 2715
11508 4 2 10 2 2115 3175 2432 3501
11509 4 2 10 2 1054 1024 1055 2950
11510 4 2 10 2 2141 2276 2852 3431
11511 4 2 10 2 1506 2024 2034 3417
11512 4 2 10 2 2008 3330 1813 3354
11513 4 2 10 2 2536 2123 2752 3312
11514 4 2 10 2 649 2519 647 3408
11515 4 2 10 2 725 2479 740 3132
11516 4 2 10 2 2473 2155 2926 3547
11517 4 2 10 2 2183 2915 2564 3154
11518 4 2 10 2 2111 2515 3176 3359
11519 4 2 10 2 1077 2416 1086 3738
11520 4 2 10 2 2067 2419 2872 3366
11521 4 2 10 2 2508 2135 2953 3647
11522 4 2 10 2 2612 3491 2644 3709
11523 4 2 10 2 2468 3106 2841 3749
11524 4 2 10 2 2324 2151 2920 3560
11525 4 2 10 2 2224 2512 2829 3752
11526 4 2 10 2 2136 2796 2741 3665
11527 4 2 10 2 2640 2975 2127 2979
11528 4 2 10 2 1210 879 278 2674
11529 4 2 10 2 2453 2900 2180 3537
11530 4 2 10 2 2075 2628 2474 3593
11531 4 2 10 2 2427 2292 3271 3487
11532 4 2 10 2 1728 1726 1727 3294
11533 4 2 10 2 1120 2671 1121 3121
11534 4 2 10 2 2139 2328 2918 3516
11535 4 2 10 2 2473 2642 2279 3278
11536 4 2 10 2 2315 2924 2481 3243
11537 4 2 10 2 2048 2536 1794 3530
11538 4 2 10 2 914 1471 273 3673
11539 4 2 10 2 1493 1969 782 3049
11540 4 2 10 2 923 2991 2762 3072
11541 4 2 10 2 1121 1120 1266 2671
11542 4 2 10 2 2106 2442 2676 3540
11543 4 2 10 2 2359 3090 2708 3382
11544 4 2 10 2 2341 2778 1422 3667
11545 4 2 10 2 1220 1335 1467 2847
11546 4 2 10 2 2211 2450 3291 3510
11547 4 2 10 2 1644 3489 2509 3657
11548 4 2 10 2 427 532 2710 3150
11549 4 2 10 2 2414 3027 2280 3268
11550 4 2 10 2 2745 3100 2274 3368
11551 4 2 10 2 1185 2830 2496 3705
11552 4 2 10 2 1932 1513 1998 2640
11553 4 2 10 2 934 936 2459 3060
11554 4 2 10 2 2254 3446 2531 3454
11555 4 2 10 2 2323 3318 3131 3455
11556 4 2 10 2 1919 1914 2568 3479
11557 4 2 10 2 1213 1214 1106 2995
11558 4 2 10 2 1074 2341 1423 3551
11559 4 2 10 2 1784 454 291 3005
11560 4 2 10 2 739 3050 790 3417
11561 4 2 10 2 1530 1482 19 2333
11562 4 2 10 2 2356 2965 2657 3432
11563 4 2 10 2 2832 3195 2171 3617
11564 4 2 10 2 588 2606 731 3353
11565 4 2 10 2 2600 3241 2217 3730
11566 4 2 10 2 2573 2938 2723 3626
11567 4 2 10 2 544 433 3285 3548
11568 4 2 10 2 2252 2647 2632 3679
11569 4 2 10 2 1826 2585 1891 3023
11570 4 2 10 2 2353 2862 3198 3578
11571 4 2 10 2 846 2730 608 3392
11572 4 2 10 2 2226 2946 2775 3286
11573 4 2 10 2 1112 1187 2683 3705
11574 4 2 10 2 1205 2483 3248 3525
11575 4 2 10 2 931 1322 1317 3472
11576 4 2 10 2 1336 1164 1300 2984
11577 4 2 10 2 2606 2986 2126 3690
11578 4 2 10 2 744 2646 841 2730
11579 4 2 10 2 2148 2929 2522 3108
11580 4 2 10 2 2306 2555 3450 3583
11581 4 2 10 2 1725 2343 2970 3586
11582 4 2 10 2 245 237 11 2394
11583 4 2 10 2 2668 2858 2145 3316
11584 4 2 10 2 2269 3236 2380 3372
11585 4 2 10 2 2431 3255 2523 3341
11586 4 2 10 2 2131 2593 2746 3250
11587 4 2 10 2 673 2436 672 3485
11588 4 2 10 2 913 2690 797 3336
11589 4 2 10 2 2274 3100 2717 3368
11590 4 2 10 2 2153 2418 2973 3370
11591 4 2 10 2 518 3118 420 3381
11592 4 2 10 2 684 3233 2412 3414
11593 4 2 10 2 2236 3413 3051 3534
11594 4 2 10 2 2335 3067 2188 3440
11595 4 2 10 2 1643 2722 1912 2861
11596 4 2 10 2 41 3090 799 3654
11597 4 2 10 2 2295 2780 2418 3266
11598 4 2 10 2 1519 2606 588 3353
11599 4 2 10 2 2393 2120 2716 3461
11600 4 2 10 2 2162 2798 2792 3367
11601 4 2 10 2 2173 3355 2444 3517
11602 4 2 10 2 3096 3175 2743 3501
11603 4 2 10 2 1231 1230 1403 2562
11604 4 2 10 2 364 420 361 2685
11605 4 2 10 2 1151 2426 1152 3551
11606 4 2 10 2 2757 2906 2289 3406
11607 4 2 10 2 2257 3194 2630 3247
11608 4 2 10 2 1245 2512 1011 3185
11609 4 2 10 2 1742 3013 1974 3017
11610 4 2 10 2 2496 2598 2124 2830
11611 4 2 10 2 1578 2883 2533 3580
11612 4 2 10 2 1059 1274 1057 3103
11613 4 2 10 2 1533 3241 2427 3419
11614 4 2 10 2 2242 2923 2615 3218
11615 4 2 10 2 2099 3320 2954 3632
11616 4 2 10 2 2339 2890 2532 3169
11617 4 2 10 2 251 250 2806 3756
11618 4 2 10 2 2212 2610 2446 3622
11619 4 2 10 2 2229 2515 3269 3359
11620 4 2 10 2 748 2604 1937 3034
11621 4 2 10 2 1966 2421 1640 3256
11622 4 2 10 2 2177 3183 2635 3206
11623 4 2 10 2 2204 2925 2916 3429
11624 4 2 10 2 2316 2607 3063 3282
11625 4 2 10 2 2094 3655 2503 3702
11626 4 2 10 2 241 2629 247 3177
11627 4 2 10 2 260 35 264 2399
11628 4 2 10 2 1979 2052 1778 2467
11629 4 2 10 2 2658 3103 1274 3471
11630 4 2 10 2 2568 2875 2260 3346
11631 4 2 10 2 2334 3030 2770 3623
11632 4 2 10 2 1957 1997 2053 2484
11633 4 2 10 2 2156 3260 2550 3435
11634 4 2 10 2 684 2412 3226 3414
11635 4 2 10 2 2302 2840 2676 3085
11636 4 2 10 2 706 810 837 3097
11637 4 2 10 2 2295 2418 2901 3415
11638 4 2 10 2 2797 3178 613 3291
11639 4 2 10 2 2234 3209 2949 3491
11640 4 2 10 2 260 2721 3223 3276
11641 4 2 10 2 2412 2199 3233 3540
11642 4 2 10 2 684 2933 2412 3233
11643 4 2 10 2 969 1015 968 2770
11644 4 2 10 2 943 939 1347 2434
11645 4 2 10 2 2069 2345 3331 3356
11646 4 2 10 2 1624 2502 2982 3339
11647 4 2 10 2 2232 3005 2590 3464
11648 4 2 10 2 2128 2618 2568 2875
11649 4 2 10 2 1764 2904 3353 3642
11650 4 2 10 2 1791 2840 2324 3401
11651 4 2 10 2 2095 2571 3112 3542
11652 4 2 10 2 2260 2756 2568 3346
11653 4 2 10 2 2218 2391 3473 3516
11654 4 2 10 2 1247 2580 1000 3257
11655 4 2 10 2 2126 2494 3015 3366
11656 4 2 10 2 498 43 269 3681
11657 4 2 10 2 1115 1116 1088 2401
11658 4 2 10 2 2021 2439 1775 3588
11659 4 2 10 2 2527 2748 1860 3519
11660 4 2 10 2 929 2625 1322 3472
11661 4 2 10 2 2045 2017 589 3417
11662 4 2 10 2 2079 2837 2453 3055
11663 4 2 10 2 2048 1773 3013 3530
11664 4 2 10 2 546 2641 450 3144
11665 4 2 10 2 2631 3155 2230 3558
11666 4 2 10 2 2125 2509 2569 3568
11667 4 2 10 2 1205 2483 1290 3248
11668 4 2 10 2 1327 1357 2936 3338
11669 4 2 10 2 1274 2658 1057 3103
11670 4 2 10 2 2073 2316 3063 3550
11671 4 2 10 2 2784 3176 3009 3352
11672 4 2 10 2 1830 2384 1577 3602
11673 4 2 10 2 771 616 763 3106
11674 4 2 10 2 1410 3249 2531 3454
11675 4 2 10 2 2226 2493 2946 3549
11676 4 2 10 2 2390 2890 2085 2911
11677 4 2 10 2 2279 3631 2565 3698
11678 4 2 10 2 2876 3018 2631 3219
11679 4 2 10 2 264 2559 3276 3389
11680 4 2 10 2 2365 2802 2651 3488
11681 4 2 10 2 2189 2896 2551 3603
11682 4 2 10 2 1347 2434 939 3653
11683 4 2 10 2 2145 2409 2688 3328
11684 4 2 10 2 2125 2673 2619 3640
11685 4 2 10 2 2249 3430 2498 3702
11686 4 2 10 2 2340 2927 2480 3109
11687 4 2 10 2 2372 3231 2861 3722
11688 4 2 10 2 446 435 490 3201
11689 4 2 10 2 2084 3131 3318 3455
11690 4 2 10 2 959 1295 960 2758
11691 4 2 10 2 2376 2626 2218 3516
11692 4 2 10 2 1800 1927 2920 3085
11693 4 2 10 2 1749 1796 2810 2923
11694 4 2 10 2 2143 2513 2480 2815
11695 4 2 10 2 2400 3108 2929 3531
11696 4 2 10 2 1007 2524 1008 3173
11697 4 2 10 2 2331 3105 1395 3654
11698 4 2 10 2 2319 2946 2605 3573
11699 4 2 10 2 2246 3052 2713 3146
11700 4 2 10 2 2764 3096 2320 3556
11701 4 2 10 2 1588 1913 1847 2862
11702 4 2 10 2 2631 2135 3377 3483
11703 4 2 10 2 2156 2827 2339 3360
11704 4 2 10 2 2107 2441 2786 3617
11705 4 2 10 2 2225 3203 2677 3317
11706 4 2 10 2 2214 2796 3163 3315
11707 4 2 10 2 1330 2624 1162 3110
11708 4 2 10 2 2138 2582 2566 3254
11709 4 2 10 2 2188 2668 2584 3611
11710 4 2 10 2 1926 1864 2898 2924
11711 4 2 10 2 1886 2406 1537 3419
11712 4 2 10 2 2118 2791 2934 3500
11713 4 2 10 2 2422 2672 2201 3192
11714 4 2 10 2 3033 3423 3259 3604
11715 4 2 10 2 2316 2922 3063 3482
11716 4 2 10 2 2177 2838 2351 3183
11717 4 2 10 2 1244 1418 1141 3513
11718 4 2 10 2 2410 2209 2987 3078
11719 4 2 10 2 1592 2381 1547 3489
11720 4 2 10 2 2214 3245 2590 3588
11721 4 2 10 2 809 2835 717 3325
11722 4 2 10 2 1170 1253 2677 2947
11723 4 2 10 2 1148 1230 1231 3136
11724 4 2 10 2 2229 3269 2533 3359
11725 4 2 10 2 2058 1645 2629 3422
11726 4 2 10 2 2660 2852 2276 3431
11727 4 2 10 2 2519 648 3114 3498
11728 4 2 10 2 2772 3211 2463 3579
11729 4 2 10 2 2293 2181 2731 3680
11730 4 2 10 2 1576 2684 3128 3192
11731 4 2 10 2 2514 3615 2329 3632
11732 4 2 10 2 1747 1746 1902 2777
11733 4 2 10 2 2706 2825 2466 3571
11734 4 2 10 2 2216 2617 2581 3057
11735 4 2 10 2 1131 2930 1361 3743
11736 4 2 10 2 2351 2494 2792 3642
11737 4 2 10 2 2976 3143 2502 3239
11738 4 2 10 2 2106 2644 2978 3555
11739 4 2 10 2 1887 1699 1871 2884
11740 4 2 10 2 2245 2758 2784 2985
11741 4 2 10 2 2624 3110 1330 3166
11742 4 2 10 2 2328 2139 2918 3120
11743 4 2 10 2 2223 2966 2507 3557
11744 4 2 10 2 1417 1467 3393 3723
11745 4 2 10 2 2148 2929 3108 3531
11746 4 2 10 2 1247 1005 1000 2580
11747 4 2 10 2 1561 1890 1869 2704
11748 4 2 10 2 387 502 3474 3527
11749 4 2 10 2 2441 2171 3195 3617
11750 4 2 10 2 1641 1892 2372 3722
11751 4 2 10 2 2220 3182 3263 3443
11752 4 2 10 2 2094 2874 3506 3659
11753 4 2 10 2 2343 2197 3466 3618
11754 4 2 10 2 2432 3170 1301 3536
11755 4 2 10 2 450 2641 1925 3054
11756 4 2 10 2 1819 3024 2680 3518
11757 4 2 10 2 2686 3078 2225 3447
11758 4 2 10 2 1015 2770 1016 3205
11759 4 2 10 2 2192 2998 2648 3302
11760 4 2 10 2 1784 2036 1867 3005
11761 4 2 10 2 2157 3087 2332 3320
11762 4 2 10 2 2179 2572 2884 3615
11763 4 2 10 2 2476 2100 3631 3698
11764 4 2 10 2 2285 2429 3040 3682
11765 4 2 10 2 1738 2680 1739 3068
11766 4 2 10 2 2063 2743 3096 3175
11767 4 2 10 2 2116 2438 2580 2963
11768 4 2 10 2 589 735 739 3417
11769 4 2 10 2 1640 3079 2421 3225
11770 4 2 10 2 1919 3077 1745 3479
11771 4 2 10 2 382 3179 2354 3361
11772 4 2 10 2 3119 3462 2737 3714
11773 4 2 10 2 2365 2130 2943 3043
11774 4 2 10 2 2117 2596 2463 3550
11775 4 2 10 2 444 2389 1394 3687
11776 4 2 10 2 2684 2763 2491 3734
11777 4 2 10 2 2373 2765 2119 3363
11778 4 2 10 2 2117 2701 3648 3710
11779 4 2 10 2 554 402 2891 3167
11780 4 2 10 2 2650 3161 2071 3299
11781 4 2 10 2 2376 3384 2705 3625
11782 4 2 10 2 652 764 3010 3609
11783 4 2 10 2 1278 2630 1050 3520
11784 4 2 10 2 2120 3030 2770 3493
11785 4 2 10 2 1122 2836 1119 3121
11786 4 2 10 2 2120 3030 2522 3463
11787 4 2 10 2 2109 2666 2518 3411
11788 4 2 10 2 2655 2725 2061 3247
11789 4 2 10 2 758 2756 3479 3609
11790 4 2 10 2 1074 1422 1423 2341
11791 4 2 10 2 264 260 2399 3276
11792 4 2 10 2 2125 2569 2509 3679
11793 4 2 10 2 2586 3083 1910 3386
11794 4 2 10 2 2631 2876 2278 3018
11795 4 2 10 2 1018 1050 1278 3741
11796 4 2 10 2 2108 2376 2685 3473
11797 4 2 10 2 1589 1856 2491 3192
11798 4 2 10 2 2176 2766 2575 2957
11799 4 2 10 2 2529 2974 916 3338
11800 4 2 10 2 2518 2666 2154 3411
11801 4 2 10 2 2152 2784 2758 2985
11802 4 2 10 2 2173 2760 2561 3036
11803 4 2 10 2 2065 2508 2744 2953
11804 4 2 10 2 2922 3063 2325 3282
11805 4 2 10 2 818 3413 861 3534
11806 4 2 10 2 2364 2873 2270 3512
11807 4 2 10 2 305 3677 2493 3691
11808 4 2 10 2 2364 2781 3023 3165
11809 4 2 10 2 2662 2816 2256 2949
11810 4 2 10 2 2454 2763 2656 3746
11811 4 2 10 2 2178 2520 2465 3295
11812 4 2 10 2 2140 2891 2397 3021
11813 4 2 10 2 1184 1150 2787 3667
11814 4 2 10 2 1251 1250 2477 3483
11815 4 2 10 2 2090 2627 2901 3755
11816 4 2 10 2 1534 1610 2600 3671
11817 4 2 10 2 2153 2973 2729 3434
11818 4 2 10 2 2374 2682 2555 3646
11819 4 2 10 2 1522 2730 846 3392
11820 4 2 10 2 2215 2941 2618 3306
11821 4 2 10 2 1750 1740 2498 3430
11822 4 2 10 2 2342 2821 990 3508
11823 4 2 10 2 2095 2571 2411 3685
11824 4 2 10 2 2242 2961 3073 3218
11825 4 2 10 2 2246 2573 3438 3626
11826 4 2 10 2 2708 3090 2190 3396
11827 4 2 10 2 1019 2449 1033 3365
11828 4 2 10 2 2315 3161 2650 3299
11829 4 2 10 2 1589 1856 1597 2491
11830 4 2 10 2 2850 2959 2478 3373
11831 4 2 10 2 838 569 740 3058
11832 4 2 10 2 2212 2421 2846 3225
11833 4 2 10 2 2611 3327 2508 3754
11834 4 2 10 2 2459 3335 2160 3747
11835 4 2 10 2 1395 2331 1332 3515
11836 4 2 10 2 2197 2970 2343 3466
11837 4 2 10 2 2459 3221 936 3347
11838 4 2 10 2 2150 2555 3025 3418
11839 4 2 10 2 1108 3067 1043 3425
11840 4 2 10 2 2666 2843 2066 3481
11841 4 2 10 2 294 1956 459 2834
11842 4 2 10 2 2599 2819 2503 3702
11843 4 2 10 2 1519 2025 1972 2606
11844 4 2 10 2 2343 3016 1632 3394
11845 4 2 10 2 2196 2508 3327 3754
11846 4 2 10 2 2194 2705 2430 3326
11847 4 2 10 2 1819 1739 2680 3024
11848 4 2 10 2 2752 3013 2019 3162
11849 4 2 10 2 1719 2796 3003 3315
11850 4 2 10 2 2221 3437 2355 3521
11851 4 2 10 2 751 731 2606 3690
11852 4 2 10 2 2734 3027 2535 3656
11853 4 2 10 2 1173 1172 1369 3582
11854 4 2 10 2 403 565 2724 3142
11855 4 2 10 2 2195 2718 2579 2945
11856 4 2 10 2 1829 1838 2440 3602
11857 4 2 10 2 2714 3349 2965 3494
11858 4 2 10 2 2757 3272 2560 3383
11859 4 2 10 2 2331 3105 2955 3515
11860 4 2 10 2 2803 3151 674 3301
11861 4 2 10 2 2133 2420 2882 3260
11862 4 2 10 2 1610 2794 2600 3496
11863 4 2 10 2 2561 2760 2223 3036
11864 4 2 10 2 2115 2743 3175 3501
11865 4 2 10 2 2211 3032 2467 3178
11866 4 2 10 2 2498 3430 2440 3702
11867 4 2 10 2 1243 1242 2712 2747
11868 4 2 10 2 1979 1778 3004 3082
11869 4 2 10 2 2423 3016 1631 3075
11870 4 2 10 2 1967 791 578 2572
11871 4 2 10 2 737 2450 606 3028
11872 4 2 10 2 1131 1361 1252 3743
11873 4 2 10 2 264 2399 34 3389
11874 4 2 10 2 740 2479 3058 3132
11875 4 2 10 2 2203 2770 2334 3030
11876 4 2 10 2 2560 3383 3272 3760
11877 4 2 10 2 2529 2936 2219 3338
11878 4 2 10 2 2917 3649 259 3696
11879 4 2 10 2 462 2724 907 3042
11880 4 2 10 2 979 2968 982 3570
11881 4 2 10 2 934 936 935 2459
11882 4 2 10 2 2268 2783 3486 3681
11883 4 2 10 2 471 2726 3304 3345
11884 4 2 10 2 1310 2864 2675 3251
11885 4 2 10 2 1363 2637 3357 3522
11886 4 2 10 2 2376 2218 3092 3473
11887 4 2 10 2 2194 2430 2870 2879
11888 4 2 10 2 2514 2954 3615 3632
11889 4 2 10 2 574 827 711 2415
11890 4 2 10 2 2100 2968 2541 3631
11891 4 2 10 2 2354 2866 2609 3302
11892 4 2 10 2 758 2610 590 3609
11893 4 2 10 2 278 879 458 2674
11894 4 2 10 2 1604 3141 2339 3484
11895 4 2 10 2 1615 3277 2840 3401
11896 4 2 10 2 1533 1535 3241 3419
11897 4 2 10 2 2402 2957 1606 3697
11898 4 2 10 2 302 1526 2000 3343
11899 4 2 10 2 1088 2401 3064 3421
11900 4 2 10 2 2220 2851 2408 3604
11901 4 2 10 2 2680 3024 1739 3068
11902 4 2 10 2 1054 2658 1282 2950
11903 4 2 10 2 2366 3350 2696 3472
11904 4 2 10 2 2383 3283 3159 3309
11905 4 2 10 2 2498 2819 2249 3702
11906 4 2 10 2 1422 1423 2341 3667
11907 4 2 10 2 1283 2764 1343 3369
11908 4 2 10 2 2094 2952 2503 3655
11909 4 2 10 2 2731 3296 2181 3678
11910 4 2 10 2 323 324 325 2621
11911 4 2 10 2 1930 3124 3313 3526
11912 4 2 10 2 1148 2389 1455 3543
11913 4 2 10 2 673 672 671 3485
11914 4 2 10 2 2703 2887 2073 3063
11915 4 2 10 2 973 977 1129 2473
11916 4 2 10 2 1456 2738 1273 2993
11917 4 2 10 2 471 2726 2387 3304
11918 4 2 10 2 2308 2735 2680 3342
11919 4 2 10 2 2102 2387 2622 3362
11920 4 2 10 2 2124 2937 2830 3388
11921 4 2 10 2 2908 3004 2326 3082
11922 4 2 10 2 2115 2549 2460 3501
11923 4 2 10 2 2514 2329 2954 3632
11924 4 2 10 2 2085 2989 2358 3387
11925 4 2 10 2 907 2724 539 2893
11926 4 2 10 2 2165 2755 2413 3123
11927 4 2 10 2 452 431 297 3564
11928 4 2 10 2 2156 2615 2550 3260
11929 4 2 10 2 1761 3330 2008 3354
11930 4 2 10 2 2138 3074 2583 3215
11931 4 2 10 2 2946 3130 2493 3140
11932 4 2 10 2 1192 907 2724 3042
11933 4 2 10 2 2624 2765 1305 3645
11934 4 2 10 2 1060 984 1288 2565
11935 4 2 10 2 561 2998 546 3144
11936 4 2 10 2 2126 2904 2351 2986
11937 4 2 10 2 363 464 3439 3504
11938 4 2 10 2 2247 2617 2465 3475
11939 4 2 10 2 1414 911 1213 2868
11940 4 2 10 2 2328 2914 2139 3120
11941 4 2 10 2 1631 1863 1627 2423
11942 4 2 10 2 2187 2781 3375 3693
11943 4 2 10 2 370 2805 2578 3210
11944 4 2 10 2 2154 2637 2485 3743
11945 4 2 10 2 2551 2807 2426 3551
11946 4 2 10 2 2195 2581 2617 3057
11947 4 2 10 2 875 1190 1438 2663
11948 4 2 10 2 1766 2057 872 3732
11949 4 2 10 2 2646 3016 2027 3586
11950 4 2 10 2 2397 3130 2946 3140
11951 4 2 10 2 2261 2725 2630 3194
11952 4 2 10 2 2630 3194 2725 3247
11953 4 2 10 2 2331 2190 2824 3261
11954 4 2 10 2 2085 2911 2360 3371
11955 4 2 10 2 2697 2704 1559 3621
11956 4 2 10 2 1979 2467 1778 3082
11957 4 2 10 2 945 2867 2555 3553
11958 4 2 10 2 2031 2834 2382 3672
11959 4 2 10 2 2139 2376 3384 3516
11960 4 2 10 2 2379 3454 1259 3751
11961 4 2 10 2 416 491 478 2575
11962 4 2 10 2 850 703 3300 3759
11963 4 2 10 2 1346 2581 3150 3197
11964 4 2 10 2 2662 2816 2455 3745
11965 4 2 10 2 2080 2462 2540 3274
11966 4 2 10 2 1820 1899 2848 3651
11967 4 2 10 2 2512 3546 2829 3752
11968 4 2 10 2 1701 3081 2338 3561
11969 4 2 10 2 421 369 522 2578
11970 4 2 10 2 1516 1794 2048 2536
11971 4 2 10 2 2181 2721 3159 3354
11972 4 2 10 2 2348 1933 3277 3526
11973 4 2 10 2 1231 2562 1403 3687
11974 4 2 10 2 2106 2645 2644 3555
11975 4 2 10 2 438 437 2975 3330
11976 4 2 10 2 309 33 523 3038
11977 4 2 10 2 1270 1301 3170 3536
11978 4 2 10 2 2287 2888 2878 3187
11979 4 2 10 2 2480 2241 3213 3532
11980 4 2 10 2 2068 3334 2793 3719
11981 4 2 10 2 242 252 236 2917
11982 4 2 10 2 650 2470 3010 3441
11983 4 2 10 2 1263 2417 914 3673
11984 4 2 10 2 1570 1575 3128 3757
11985 4 2 10 2 935 2459 936 3347
11986 4 2 10 2 1023 2701 961 3736
11987 4 2 10 2 2363 2614 2921 3718
11988 4 2 10 2 2294 2992 2603 3716
11989 4 2 10 2 2410 3530 1974 3660
11990 4 2 10 2 2618 2875 2815 3643
11991 4 2 10 2 2644 3491 2251 3709
11992 4 2 10 2 2695 3351 2251 3433
11993 4 2 10 2 2147 2897 2634 3298
11994 4 2 10 2 1187 1185 2496 3705
11995 4 2 10 2 2064 2825 2706 3571
11996 4 2 10 2 2148 2878 2888 3187
11997 4 2 10 2 705 3554 3097 3720
11998 4 2 10 2 264 2559 29 3276
11999 4 2 10 2 855 2012 748 3133
12000 4 2 10 2 1597 1736 1715 2915
12001 4 2 10 2 2071 2844 2650 3088
12002 4 2 10 2 2067 2754 2419 3366
12003 4 2 10 2 1805 1802 1803 3364
12004 4 2 10 2 1262 2553 1087 3388
12005 4 2 10 2 2219 2911 3180 3666
12006 4 2 10 2 1059 1064 1065 3113
12007 4 2 10 2 2076 3139 2811 3699
12008 4 2 10 2 2271 3444 2932 3595
12009 4 2 10 2 338 337 336 2622
12010 4 2 10 2 2106 2415 2978 3459
12011 4 2 10 2 1118 2836 2758 3701
12012 4 2 10 2 2185 2461 2611 3091
12013 4 2 10 2 2584 3425 2188 3728
12014 4 2 10 2 391 2465 394 3475
12015 4 2 10 2 2710 3150 532 3559
12016 4 2 10 2 1431 1229 1450 2601
12017 4 2 10 2 1292 966 2727 3456
12018 4 2 10 2 1074 1422 2341 3220
12019 4 2 10 2 236 242 2917 3385
12020 4 2 10 2 399 408 2397 3140
12021 4 2 10 2 2500 3274 2188 3425
12022 4 2 10 2 2201 2491 2684 2763
12023 4 2 10 2 1614 1800 2840 3085
12024 4 2 10 2 549 2783 1485 3392
12025 4 2 10 2 2041 1708 1825 3465
12026 4 2 10 2 2567 2932 2800 3500
12027 4 2 10 2 2587 2825 2198 3627
12028 4 2 10 2 2267 3073 2863 3321
12029 4 2 10 2 2080 2462 2720 2987
12030 4 2 10 2 2318 2847 3393 3726
12031 4 2 10 2 943 939 2434 3418
12032 4 2 10 2 3014 3538 2501 3730
12033 4 2 10 2 1787 2365 3043 3488
12034 4 2 10 2 1599 1743 2723 2938
12035 4 2 10 2 2372 2773 2202 3514
12036 4 2 10 2 2227 2368 3018 3412
12037 4 2 10 2 2369 2183 3035 3292
12038 4 2 10 2 2222 2769 2615 3218
12039 4 2 10 2 430 287 537 3723
12040 4 2 10 2 2503 2952 2205 3402
12041 4 2 10 2 1628 1750 1836 3420
12042 4 2 10 2 1576 1589 1590 2684
12043 4 2 10 2 2078 3212 2452 3514
12044 4 2 10 2 881 594 1236 2761
12045 4 2 10 2 1450 3275 2601 3661
12046 4 2 10 2 1719 2532 1822 3003
12047 4 2 10 2 426 3005 464 3504
12048 4 2 10 2 2113 3440 3173 3684
12049 4 2 10 2 306 2640 437 3330
12050 4 2 10 2 3065 3260 2133 3344
12051 4 2 10 2 2436 3151 672 3534
12052 4 2 10 2 3135 3318 2431 3455
12053 4 2 10 2 2177 2635 2838 3206
12054 4 2 10 2 1961 3003 1978 3588
12055 4 2 10 2 643 3217 2425 3355
12056 4 2 10 2 2040 2610 1808 3479
12057 4 2 10 2 321 2621 323 3142
12058 4 2 10 2 2956 2983 1549 3138
12059 4 2 10 2 3004 3083 2396 3207
12060 4 2 10 2 2159 3066 2654 3115
12061 4 2 10 2 2221 2355 3314 3521
12062 4 2 10 2 1580 1851 1588 3641
12063 4 2 10 2 917 2677 1253 3505
12064 4 2 10 2 1510 288 1995 3474
12065 4 2 10 2 2213 3333 2921 3398
12066 4 2 10 2 989 3019 2342 3508
12067 4 2 10 2 864 767 2558 2841
12068 4 2 10 2 1271 3067 1161 3425
12069 4 2 10 2 2280 3089 2414 3268
12070 4 2 10 2 1552 1879 1644 3489
12071 4 2 10 2 534 2864 3197 3295
12072 4 2 10 2 2355 2207 2735 3201
12073 4 2 10 2 715 2678 809 3441
12074 4 2 10 2 2271 3002 2601 3444
12075 4 2 10 2 2215 2610 2446 3479
12076 4 2 10 2 2156 3200 2361 3260
12077 4 2 10 2 2215 3010 2470 3622
12078 4 2 10 2 2306 3158 2555 3583
12079 4 2 10 2 2114 2696 3047 3562
12080 4 2 10 2 1619 1868 2605 3216
12081 4 2 10 2 1003 3275 1450 3661
12082 4 2 10 2 260 2721 262 3223
12083 4 2 10 2 1340 2764 1283 3369
12084 4 2 10 2 2104 2722 2670 3722
12085 4 2 10 2 2462 2540 2113 3272
12086 4 2 10 2 2799 3227 3222 3610
12087 4 2 10 2 2525 2242 2707 2961
12088 4 2 10 2 1567 2573 1554 3502
12089 4 2 10 2 418 2575 2805 3343
12090 4 2 10 2 2124 2866 2400 3145
12091 4 2 10 2 592 749 786 2467
12092 4 2 10 2 535 880 287 3723
12093 4 2 10 2 2505 2626 2218 3092
12094 4 2 10 2 1037 1038 1036 3483
12095 4 2 10 2 850 3300 2712 3759
12096 4 2 10 2 2216 2683 2496 3234
12097 4 2 10 2 2453 2755 2165 3123
12098 4 2 10 2 2076 3030 2589 3187
12099 4 2 10 2 1257 1049 1048 2828
12100 4 2 10 2 1658 1671 1878 2586
12101 4 2 10 2 1321 2836 1197 3348
12102 4 2 10 2 2408 2851 2220 3443
12103 4 2 10 2 2939 3127 2308 3724
12104 4 2 10 2 1469 3398 2893 3453
12105 4 2 10 2 1407 2418 1454 3370
12106 4 2 10 2 2604 2733 2256 3133
12107 4 2 10 2 2265 2383 3068 3283
12108 4 2 10 2 1764 2351 1789 3642
12109 4 2 10 2 405 2389 3285 3437
12110 4 2 10 2 2111 2521 2589 3380
12111 4 2 10 2 1571 1572 3424 3621
12112 4 2 10 2 2249 2502 3143 3239
12113 4 2 10 2 1863 2423 1631 3075
12114 4 2 10 2 471 2387 2726 3541
12115 4 2 10 2 1567 1876 3502 3600
12116 4 2 10 2 2588 2875 2201 3449
12117 4 2 10 2 2687 2899 1921 3043
12118 4 2 10 2 2670 2605 3286 3545
12119 4 2 10 2 2238 3015 2494 3366
12120 4 2 10 2 2698 3227 2952 3655
12121 4 2 10 2 750 732 2823 3478
12122 4 2 10 2 381 2609 386 3302
12123 4 2 10 2 2246 2593 3052 3626
12124 4 2 10 2 322 321 320 2994
12125 4 2 10 2 1864 1543 1540 2481
12126 4 2 10 2 370 372 371 2805
12127 4 2 10 2 1319 2482 2683 3399
12128 4 2 10 2 835 3100 1381 3368
12129 4 2 10 2 1009 1007 1008 3173
12130 4 2 10 2 1048 2828 1047 3109
12131 4 2 10 2 1767 1766 1523 2731
12132 4 2 10 2 1088 1115 2401 3421
12133 4 2 10 2 1610 2054 1532 2794
12134 4 2 10 2 1493 1983 1975 2564
12135 4 2 10 2 1550 2956 1549 3138
12136 4 2 10 2 2932 3019 2271 3508
12137 4 2 10 2 2144 2629 2779 3719
12138 4 2 10 2 1280 2358 3148 3634
12139 4 2 10 2 2965 3432 2356 3494
12140 4 2 10 2 2183 3035 2422 3154
12141 4 2 10 2 2337 2388 2849 3227
12142 4 2 10 2 2913 3139 2391 3324
12143 4 2 10 2 2583 3083 2586 3598
12144 4 2 10 2 1152 1200 1199 2807
12145 4 2 10 2 2629 3422 2284 3719
12146 4 2 10 2 761 692 2535 2916
12147 4 2 10 2 2240 3096 3556 3725
12148 4 2 10 2 1864 1540 1888 2481
12149 4 2 10 2 2274 3156 2530 3572
12150 4 2 10 2 2382 3184 2039 3672
12151 4 2 10 2 2216 2856 2710 3475
12152 4 2 10 2 1145 1177 1087 3388
12153 4 2 10 2 2165 3080 2423 3394
12154 4 2 10 2 392 450 2641 3144
12155 4 2 10 2 2488 2695 2676 3400
12156 4 2 10 2 3033 2475 3423 3604
12157 4 2 10 2 778 2907 3125 3452
12158 4 2 10 2 2867 3158 2555 3553
12159 4 2 10 2 2429 1044 3425 3614
12160 4 2 10 2 456 354 2557 3625
12161 4 2 10 2 849 568 745 2742
12162 4 2 10 2 2097 2833 3087 3268
12163 4 2 10 2 2332 3087 2833 3268
12164 4 2 10 2 2430 2705 2194 3715
12165 4 2 10 2 1520 1976 1971 2626
12166 4 2 10 2 291 454 464 3005
12167 4 2 10 2 1005 2963 2438 3601
12168 4 2 10 2 2065 2953 2330 3094
12169 4 2 10 2 2571 2411 3264 3272
12170 4 2 10 2 684 3226 688 3414
12171 4 2 10 2 2085 2890 2390 3033
12172 4 2 10 2 2249 3080 2498 3430
12173 4 2 10 2 2281 3326 2447 3416
12174 4 2 10 2 2448 2221 3131 3358
12175 4 2 10 2 694 696 2455 3563
12176 4 2 10 2 2705 3204 357 3715
12177 4 2 10 2 1620 1617 1830 2822
12178 4 2 10 2 2125 2632 2569 3679
12179 4 2 10 2 1455 1148 1231 2389
12180 4 2 10 2 674 2436 673 3301
12181 4 2 10 2 2235 3316 2668 3529
12182 4 2 10 2 2471 2942 2272 2956
12183 4 2 10 2 2466 2633 2129 3711
12184 4 2 10 2 2450 3028 737 3058
12185 4 2 10 2 2587 3309 2825 3627
12186 4 2 10 2 1224 508 281 2490
12187 4 2 10 2 515 279 1406 2517
12188 4 2 10 2 1880 2556 1605 3484
12189 4 2 10 2 2143 2618 2513 2815
12190 4 2 10 2 935 934 2459 3335
12191 4 2 10 2 1054 1057 1282 2658
12192 4 2 10 2 2234 2612 3209 3491
12193 4 2 10 2 1684 1703 1698 2734
12194 4 2 10 2 1907 2972 1759 3495
12195 4 2 10 2 1693 3045 2560 3727
12196 4 2 10 2 2847 2955 2208 3105
12197 4 2 10 2 2519 3010 648 3498
12198 4 2 10 2 1208 2824 2740 3261
12199 4 2 10 2 237 2394 3668 3717
12200 4 2 10 2 2172 2939 2748 3451
12201 4 2 10 2 2246 2948 2406 3052
12202 4 2 10 2 2913 3117 2391 3473
12203 4 2 10 2 2142 2434 2951 3221
12204 4 2 10 2 2190 2331 3126 3261
12205 4 2 10 2 288 3184 1995 3474
12206 4 2 10 2 2203 2929 2391 3324
12207 4 2 10 2 1013 3297 1163 3532
12208 4 2 10 2 567 2708 851 3090
12209 4 2 10 2 2116 2580 2574 2963
12210 4 2 10 2 2854 2930 2259 3607
12211 4 2 10 2 253 2699 251 3696
12212 4 2 10 2 2122 2488 3433 3746
12213 4 2 10 2 1857 2586 1910 3386
12214 4 2 10 2 2153 2868 3370 3434
12215 4 2 10 2 763 3749 3262 3759
12216 4 2 10 2 2669 3333 2098 3692
12217 4 2 10 2 2055 2730 1938 3075
12218 4 2 10 2 1863 2423 3075 3663
12219 4 2 10 2 2511 2154 2855 3669
12220 4 2 10 2 1298 993 1007 2821
12221 4 2 10 2 1464 1401 908 2558
12222 4 2 10 2 1283 1340 1343 2764
12223 4 2 10 2 2471 2983 2158 3299
12224 4 2 10 2 1636 1600 1635 3638
12225 4 2 10 2 574 772 828 2415
12226 4 2 10 2 1250 1356 2477 3377
12227 4 2 10 2 2084 3318 3135 3455
12228 4 2 10 2 2111 2589 2521 2990
12229 4 2 10 2 1770 2722 1924 3636
12230 4 2 10 2 2400 2929 2522 3477
12231 4 2 10 2 1192 907 1428 2724
12232 4 2 10 2 1667 1671 2583 3083
12233 4 2 10 2 2141 2852 2660 3431
12234 4 2 10 2 1716 1717 1601 2422
12235 4 2 10 2 2976 3107 2502 3143
12236 4 2 10 2 1404 1373 1218 2415
12237 4 2 10 2 2790 3331 2175 3619
12238 4 2 10 2 442 3140 2881 3691
12239 4 2 10 2 2125 2478 2632 3122
12240 4 2 10 2 2481 3243 1543 3686
12241 4 2 10 2 631 3061 770 3171
12242 4 2 10 2 2337 2089 3610 3726
12243 4 2 10 2 2731 3296 1766 3732
12244 4 2 10 2 1094 2657 1062 3513
12245 4 2 10 2 2117 2701 3644 3648
12246 4 2 10 2 2335 3173 3440 3684
12247 4 2 10 2 2064 3159 3283 3309
12248 4 2 10 2 730 3098 2824 3396
12249 4 2 10 2 1034 1005 2438 3601
12250 4 2 10 2 2060 2642 2926 3547
12251 4 2 10 2 1586 2672 1602 3192
12252 4 2 10 2 2471 2942 1850 2960
12253 4 2 10 2 1073 1306 2799 3393
12254 4 2 10 2 552 557 444 2389
12255 4 2 10 2 1891 1824 1688 2664
12256 4 2 10 2 1286 943 2845 3418
12257 4 2 10 2 2021 1775 1724 3588
12258 4 2 10 2 2125 2619 3618 3640
12259 4 2 10 2 405 3285 2653 3437
12260 4 2 10 2 2555 3025 1362 3450
12261 4 2 10 2 1011 1245 1029 2512
12262 4 2 10 2 539 2724 565 2893
12263 4 2 10 2 2351 2838 728 3206
12264 4 2 10 2 299 419 515 2430
12265 4 2 10 2 2153 2418 2901 2973
12266 4 2 10 2 737 610 606 2450
12267 4 2 10 2 305 1896 3677 3691
12268 4 2 10 2 2153 3370 2973 3434
12269 4 2 10 2 2587 2681 2069 2897
12270 4 2 10 2 2178 3197 2864 3295
12271 4 2 10 2 2087 2478 2850 3466
12272 4 2 10 2 1944 1521 2428 3125
12273 4 2 10 2 2723 2938 2573 3748
12274 4 2 10 2 1321 1122 1344 2836
12275 4 2 10 2 555 3130 408 3140
12276 4 2 10 2 2125 2632 2478 2959
12277 4 2 10 2 2097 2611 2461 3091
12278 4 2 10 2 907 1428 2724 2893
12279 4 2 10 2 2369 2729 2183 3292
12280 4 2 10 2 2726 3111 2149 3196
12281 4 2 10 2 2057 1501 31 3732
12282 4 2 10 2 2152 2985 2758 3701
12283 4 2 10 2 864 2841 2558 3427
12284 4 2 10 2 2083 2816 2478 3209
12285 4 2 10 2 2077 2895 2846 3622
12286 4 2 10 2 323 321 322 2621
12287 4 2 10 2 1966 1735 3012 3256
12288 4 2 10 2 1252 2485 1352 3357
12289 4 2 10 2 2199 2604 3233 3401
12290 4 2 10 2 2203 2785 3139 3699
12291 4 2 10 2 1196 1383 1451 2879
12292 4 2 10 2 2287 2878 2328 3187
12293 4 2 10 2 2155 2991 2473 3072
12294 4 2 10 2 2252 2348 2905 3526
12295 4 2 10 2 2705 3384 2557 3625
12296 4 2 10 2 427 3150 2710 3197
12297 4 2 10 2 754 3206 1789 3353
12298 4 2 10 2 2200 2358 3148 3387
12299 4 2 10 2 788 719 602 3051
12300 4 2 10 2 2449 2549 2189 3365
12301 4 2 10 2 1714 1712 1713 2796
12302 4 2 10 2 745 746 849 2506
12303 4 2 10 2 2142 2951 2404 3747
12304 4 2 10 2 2189 2725 2630 3741
12305 4 2 10 2 2518 2121 2739 2992
12306 4 2 10 2 929 1027 2625 3047
12307 4 2 10 2 1116 1088 2401 3460
12308 4 2 10 2 2217 2940 2702 3241
12309 4 2 10 2 510 417 2870 3319
12310 4 2 10 2 1920 1721 2497 3703
12311 4 2 10 2 2143 2678 2927 2964
12312 4 2 10 2 1500 1958 1935 3043
12313 4 2 10 2 2140 2493 3130 3677
12314 4 2 10 2 656 657 658 2907
12315 4 2 10 2 2769 2961 2615 3218
12316 4 2 10 2 2258 2919 2765 3363
12317 4 2 10 2 1918 1753 3265 3526
12318 4 2 10 2 2215 2446 3077 3479
12319 4 2 10 2 2086 3350 2361 3608
12320 4 2 10 2 2083 2348 2905 3122
12321 4 2 10 2 2313 3129 3662 3712
12322 4 2 10 2 2067 2554 3228 3407
12323 4 2 10 2 1607 2972 2402 2977
12324 4 2 10 2 2589 2888 2287 3187
12325 4 2 10 2 3097 3554 2305 3720
12326 4 2 10 2 1194 1240 1239 3190
12327 4 2 10 2 1966 1862 2421 3012
12328 4 2 10 2 1577 2384 2983 3602
12329 4 2 10 2 1148 1100 2700 3543
12330 4 2 10 2 2154 2930 2485 2935
12331 4 2 10 2 853 746 747 3745
12332 4 2 10 2 423 2376 358 3625
12333 4 2 10 2 683 828 2645 2933
12334 4 2 10 2 867 2660 870 3524
12335 4 2 10 2 2537 2121 3256 3487
12336 4 2 10 2 1115 2785 2401 3421
12337 4 2 10 2 2195 2718 2945 3057
12338 4 2 10 2 487 2505 486 3620
12339 4 2 10 2 1854 1954 2742 3586
12340 4 2 10 2 2200 2325 3063 3282
12341 4 2 10 2 1955 2037 1737 2635
12342 4 2 10 2 2303 2782 2557 3193
12343 4 2 10 2 2670 3199 2605 3545
12344 4 2 10 2 2446 2610 2215 3622
12345 4 2 10 2 2125 3618 2673 3640
12346 4 2 10 2 2111 2589 3176 3380
12347 4 2 10 2 1977 3241 1536 3671
12348 4 2 10 2 2375 3261 1303 3566
12349 4 2 10 2 2320 3556 3096 3725
12350 4 2 10 2 2815 2875 2090 3643
12351 4 2 10 2 2862 2353 3108 3307
12352 4 2 10 2 2832 3124 2377 3313
12353 4 2 10 2 2195 2945 2482 3057
12354 4 2 10 2 2074 2591 3115 3617
12355 4 2 10 2 2081 2763 2454 3746
12356 4 2 10 2 1917 2497 2906 3391
12357 4 2 10 2 749 596 612 3032
12358 4 2 10 2 1540 2481 1543 3686
12359 4 2 10 2 2068 2510 2547 3719
12360 4 2 10 2 2068 2962 2571 3232
12361 4 2 10 2 2316 3482 3063 3550
12362 4 2 10 2 2085 2390 2911 2989
12363 4 2 10 2 1248 1034 1005 2438
12364 4 2 10 2 978 2808 977 3536
12365 4 2 10 2 819 911 1476 3735
12366 4 2 10 2 1238 1096 1237 2689
12367 4 2 10 2 2047 1768 1889 3303
12368 4 2 10 2 2206 2595 2997 3630
12369 4 2 10 2 2080 2668 3203 3274
12370 4 2 10 2 2771 3256 2121 3487
12371 4 2 10 2 2096 2445 3603 3739
12372 4 2 10 2 2437 3177 2300 3756
12373 4 2 10 2 617 2797 2479 3300
12374 4 2 10 2 955 2765 965 3456
12375 4 2 10 2 969 1299 1016 2770
12376 4 2 10 2 2068 3112 2567 3232
12377 4 2 10 2 2258 2654 3066 3115
12378 4 2 10 2 2436 674 3151 3301
12379 4 2 10 2 2073 3063 3482 3550
12380 4 2 10 2 2571 3112 2068 3232
12381 4 2 10 2 1362 3025 1167 3374
12382 4 2 10 2 2663 2989 2219 3528
12383 4 2 10 2 2812 3519 3129 3662
12384 4 2 10 2 1373 1272 1139 2993
12385 4 2 10 2 1611 2420 1837 3435
12386 4 2 10 2 2960 3243 2282 3686
12387 4 2 10 2 2288 2805 2766 3533
12388 4 2 10 2 2119 2647 2403 3363
12389 4 2 10 2 731 752 751 2606
12390 4 2 10 2 2355 2221 3046 3437
12391 4 2 10 2 723 778 2907 3125
12392 4 2 10 2 2438 3448 2700 3601
12393 4 2 10 2 2062 2849 2375 3126
12394 4 2 10 2 1014 1044 1043 2429
12395 4 2 10 2 2383 2129 2768 3651
12396 4 2 10 2 2216 2971 2617 3057
12397 4 2 10 2 889 1404 1218 3555
12398 4 2 10 2 2697 3359 2704 3621
12399 4 2 10 2 2067 2934 2791 3228
12400 4 2 10 2 2686 2880 341 3447
12401 4 2 10 2 2208 2847 3105 3167
12402 4 2 10 2 2277 2739 2637 3340
12403 4 2 10 2 510 2490 508 3443
12404 4 2 10 2 2836 3348 2758 3352
12405 4 2 10 2 2698 2952 2094 3655
12406 4 2 10 2 1752 1902 1907 3120
12407 4 2 10 2 2156 2339 3169 3360
12408 4 2 10 2 414 505 3338 3528
12409 4 2 10 2 1071 2553 1070 3205
12410 4 2 10 2 919 916 1327 2529
12411 4 2 10 2 1073 1126 1149 2675
12412 4 2 10 2 421 2578 3069 3381
12413 4 2 10 2 1479 895 276 2598
12414 4 2 10 2 2114 2696 3562 3725
12415 4 2 10 2 1975 2051 1493 2564
12416 4 2 10 2 1510 513 288 3474
12417 4 2 10 2 2812 3129 2250 3662
12418 4 2 10 2 2069 3076 2469 3331
12419 4 2 10 2 2058 1645 1 2629
12420 4 2 10 2 1352 2485 1252 3607
12421 4 2 10 2 1534 3241 1977 3671
12422 4 2 10 2 2315 2983 2471 3299
12423 4 2 10 2 1624 1625 2502 3339
12424 4 2 10 2 1096 2689 1238 3308
12425 4 2 10 2 2101 2566 2582 3020
12426 4 2 10 2 34 264 35 2399
12427 4 2 10 2 1675 2795 1665 2906
12428 4 2 10 2 2447 3326 2811 3384
12429 4 2 10 2 2459 3060 936 3653
12430 4 2 10 2 2195 3057 2482 3399
12431 4 2 10 2 546 530 450 2641
12432 4 2 10 2 2184 2576 2793 3589
12433 4 2 10 2 2089 2452 2775 3286
12434 4 2 10 2 26 2689 869 3524
12435 4 2 10 2 264 28 29 2559
12436 4 2 10 2 2692 2792 2162 3244
12437 4 2 10 2 1753 1728 1727 3294
12438 4 2 10 2 2569 2900 2079 2919
12439 4 2 10 2 2271 2932 3232 3595
12440 4 2 10 2 2073 2515 2596 3359
12441 4 2 10 2 263 268 265 3038
12442 4 2 10 2 904 743 604 2712
12443 4 2 10 2 2663 3182 2989 3528
12444 4 2 10 2 2402 2243 2766 3697
12445 4 2 10 2 2878 2888 2287 3174
12446 4 2 10 2 747 3133 2604 3414
12447 4 2 10 2 917 1368 1253 2677
12448 4 2 10 2 2605 2670 2226 3549
12449 4 2 10 2 2230 2368 2876 3219
12450 4 2 10 2 2269 3166 2624 3676
12451 4 2 10 2 2230 3155 2539 3558
12452 4 2 10 2 2155 2386 2762 3503
12453 4 2 10 2 1553 2709 1548 3748
12454 4 2 10 2 1381 835 882 3100
12455 4 2 10 2 2513 2618 2143 3306
12456 4 2 10 2 1350 3398 1469 3453
12457 4 2 10 2 2307 3584 2597 3648
12458 4 2 10 2 2192 3302 2648 3578
12459 4 2 10 2 1697 2414 1698 3656
12460 4 2 10 2 2170 2504 2861 3641
12461 4 2 10 2 2370 3217 645 3408
12462 4 2 10 2 2120 2716 2770 3623
12463 4 2 10 2 1814 1815 1715 2711
12464 4 2 10 2 2241 2815 2588 3755
12465 4 2 10 2 2721 2265 3159 3354
12466 4 2 10 2 263 2689 27 3389
12467 4 2 10 2 238 22 21 2620
12468 4 2 10 2 2061 3194 2910 3247
12469 4 2 10 2 2682 2854 940 3221
12470 4 2 10 2 546 2998 2641 3144
12471 4 2 10 2 1925 2035 1989 2641
12472 4 2 10 2 796 704 2357 3171
12473 4 2 10 2 2420 1611 2882 3435
12474 4 2 10 2 1129 3278 2473 3570
12475 4 2 10 2 2930 2935 2259 3607
12476 4 2 10 2 2644 2645 2234 3086
12477 4 2 10 2 1930 3124 1569 3313
12478 4 2 10 2 2486 3356 2869 3627
12479 4 2 10 2 2566 2582 3020 3254
12480 4 2 10 2 303 415 508 2663
12481 4 2 10 2 1698 2414 2734 3656
12482 4 2 10 2 2466 2166 2814 3571
12483 4 2 10 2 2138 2364 2909 3675
12484 4 2 10 2 2730 3075 2268 3392
12485 4 2 10 2 2533 3424 1572 3621
12486 4 2 10 2 2561 2760 2173 3525
12487 4 2 10 2 2512 2224 2829 3185
12488 4 2 10 2 2447 3326 3384 3416
12489 4 2 10 2 2077 2737 3606 3714
12490 4 2 10 2 561 3144 466 3302
12491 4 2 10 2 575 864 767 2558
12492 4 2 10 2 899 1472 1389 2767
12493 4 2 10 2 2223 2831 2554 3101
12494 4 2 10 2 2405 2688 2880 3312
12495 4 2 10 2 2095 3112 2577 3542
12496 4 2 10 2 377 378 380 2865
12497 4 2 10 2 2589 3380 2521 3623
12498 4 2 10 2 2612 1031 3676 3709
12499 4 2 10 2 2197 2673 3618 3640
12500 4 2 10 2 1094 1062 1077 3513
12501 4 2 10 2 1012 2749 1157 2963
12502 4 2 10 2 442 410 553 3230
12503 4 2 10 2 925 1301 976 3072
12504 4 2 10 2 1996 1958 292 2687
12505 4 2 10 2 2347 3110 2665 3374
12506 4 2 10 2 1599 1831 1743 2938
12507 4 2 10 2 2212 2421 2774 2846
12508 4 2 10 2 2595 3492 2997 3630
12509 4 2 10 2 2159 2786 2407 3688
12510 4 2 10 2 703 3262 3300 3759
12511 4 2 10 2 2215 2470 2941 3306
12512 4 2 10 2 2541 3059 2271 3661
12513 4 2 10 2 513 502 288 3474
12514 4 2 10 2 2668 3316 2476 3529
12515 4 2 10 2 1531 2537 1565 3409
12516 4 2 10 2 1530 2333 19 3237
12517 4 2 10 2 2653 3285 2389 3437
12518 4 2 10 2 2547 3002 2271 3444
12519 4 2 10 2 1788 3003 1810 3141
12520 4 2 10 2 2396 3510 3207 3650
12521 4 2 10 2 1492 459 2834 3672
12522 4 2 10 2 650 648 649 3010
12523 4 2 10 2 1208 2740 2824 3098
12524 4 2 10 2 755 2838 2635 3206
12525 4 2 10 2 1795 2048 1794 3530
12526 4 2 10 2 2338 2939 2172 3135
12527 4 2 10 2 735 761 692 2535
12528 4 2 10 2 2473 2991 2642 3278
12529 4 2 10 2 2406 3241 1537 3419
12530 4 2 10 2 610 737 611 2450
12531 4 2 10 2 2349 2836 3416 3575
12532 4 2 10 2 2096 2528 2792 3011
12533 4 2 10 2 2471 2956 2158 2983
12534 4 2 10 2 13 2741 2980 3717
12535 4 2 10 2 1491 2664 1992 2877
12536 4 2 10 2 1015 1319 1017 2482
12537 4 2 10 2 2286 3568 3055 3721
12538 4 2 10 2 2444 2223 3036 3407
12539 4 2 10 2 2326 2065 2908 3327
12540 4 2 10 2 2650 2844 2071 3161
12541 4 2 10 2 241 1 247 2629
12542 4 2 10 2 2068 2547 2510 3595
12543 4 2 10 2 2216 2354 2856 2971
12544 4 2 10 2 936 3221 937 3347
12545 4 2 10 2 1013 1163 1292 3532
12546 4 2 10 2 1954 2970 2742 3586
12547 4 2 10 2 2190 3098 2740 3396
12548 4 2 10 2 1930 3265 3124 3526
12549 4 2 10 2 1092 2616 1102 3558
12550 4 2 10 2 2682 3418 2555 3646
12551 4 2 10 2 2353 3198 2176 3578
12552 4 2 10 2 2307 2950 2597 3584
12553 4 2 10 2 2278 2631 3020 3172
12554 4 2 10 2 809 579 717 2835
12555 4 2 10 2 2670 2722 1642 3722
12556 4 2 10 2 2024 2643 1871 3089
12557 4 2 10 2 2120 2589 3030 3463
12558 4 2 10 2 716 3151 3499 3576
12559 4 2 10 2 2111 2704 2697 3359
12560 4 2 10 2 2164 2629 2394 3668
12561 4 2 10 2 2538 331 3111 3541
12562 4 2 10 2 2496 3149 2216 3361
12563 4 2 10 2 2142 2404 3037 3747
12564 4 2 10 2 2351 3206 1789 3642
12565 4 2 10 2 655 2457 3325 3585
12566 4 2 10 2 1329 1457 1234 2736
12567 4 2 10 2 2628 2889 2187 3652
12568 4 2 10 2 2370 2838 2177 3114
12569 4 2 10 2 1225 2761 1420 3229
12570 4 2 10 2 793 2902 2643 3279
12571 4 2 10 2 2119 2632 2569 2959
12572 4 2 10 2 1170 2674 1210 2947
12573 4 2 10 2 1011 1028 1010 3185
12574 4 2 10 2 3166 3372 1330 3676
12575 4 2 10 2 1817 1640 3079 3256
12576 4 2 10 2 1247 1000 1001 3257
12577 4 2 10 2 669 667 2464 3534
12578 4 2 10 2 2557 2782 2139 3193
12579 4 2 10 2 520 487 275 3620
12580 4 2 10 2 678 3499 2803 3560
12581 4 2 10 2 2401 3139 2913 3324
12582 4 2 10 2 2085 2545 2707 3360
12583 4 2 10 2 3047 3562 2696 3725
12584 4 2 10 2 1129 2473 977 3570
12585 4 2 10 2 2307 3644 2701 3648
12586 4 2 10 2 1623 2670 1641 3199
12587 4 2 10 2 2311 2832 2573 3617
12588 4 2 10 2 2706 3283 2383 3309
12589 4 2 10 2 342 2880 2686 3312
12590 4 2 10 2 494 1996 2687 3474
12591 4 2 10 2 2152 2836 2758 3352
12592 4 2 10 2 1006 1308 2549 3170
12593 4 2 10 2 2489 2735 2207 3201
12594 4 2 10 2 796 635 704 3171
12595 4 2 10 2 2674 2947 2225 3447
12596 4 2 10 2 2332 2368 2885 3412
12597 4 2 10 2 2756 3452 2941 3609
12598 4 2 10 2 2120 2521 2589 3463
12599 4 2 10 2 2882 3260 2420 3435
12600 4 2 10 2 2077 2534 2895 3446
12601 4 2 10 2 2596 2820 2463 3550
12602 4 2 10 2 1365 1362 1167 3374
12603 4 2 10 2 759 1808 758 2756
12604 4 2 10 2 1894 1944 2428 3154
12605 4 2 10 2 2083 2905 2348 3280
12606 4 2 10 2 2202 2773 2384 2874
12607 4 2 10 2 3110 3450 2306 3645
12608 4 2 10 2 2416 2853 2747 3738
12609 4 2 10 2 945 942 941 2682
12610 4 2 10 2 1356 1251 1250 2477
12611 4 2 10 2 2416 2657 2141 3513
12612 4 2 10 2 2307 2813 2393 3736
12613 4 2 10 2 2145 2500 2677 3203
12614 4 2 10 2 863 3499 678 3560
12615 4 2 10 2 1314 2785 974 3348
12616 4 2 10 2 1504 2002 286 2892
12617 4 2 10 2 2097 2461 2842 3091
12618 4 2 10 2 1863 1627 2423 3663
12619 4 2 10 2 2449 3220 1033 3365
12620 4 2 10 2 2711 3134 2302 3734
12621 4 2 10 2 2094 2440 3476 3702
12622 4 2 10 2 245 237 2394 3668
12623 4 2 10 2 2509 3265 2125 3679
12624 4 2 10 2 2214 2890 2390 2911
12625 4 2 10 2 311 437 2640 2975
12626 4 2 10 2 1524 2980 2694 3017
12627 4 2 10 2 1926 2898 1821 2924
12628 4 2 10 2 2814 3314 2355 3521
12629 4 2 10 2 2551 2807 1426 3520
12630 4 2 10 2 1271 1161 1108 3425
12631 4 2 10 2 2829 3310 2262 3682
12632 4 2 10 2 1477 875 1399 2663
12633 4 2 10 2 808 799 3090 3654
12634 4 2 10 2 2363 2608 3596 3718
12635 4 2 10 2 2410 2987 2651 3045
12636 4 2 10 2 2128 2672 3397 3600
12637 4 2 10 2 408 3130 2397 3140
12638 4 2 10 2 682 2933 684 3233
12639 4 2 10 2 1258 1259 1257 3147
12640 4 2 10 2 2396 2091 3510 3650
12641 4 2 10 2 28 2559 264 3389
12642 4 2 10 2 1475 1223 1191 2678
12643 4 2 10 2 2611 2908 2065 3327
12644 4 2 10 2 2603 2739 2121 2992
12645 4 2 10 2 2506 2256 2733 3133
12646 4 2 10 2 1088 3064 2401 3460
12647 4 2 10 2 741 605 1991 2646
12648 4 2 10 2 2449 2182 3170 3369
12649 4 2 10 2 1073 1149 1306 3393
12650 4 2 10 2 418 2805 520 3343
12651 4 2 10 2 565 479 2893 3142
12652 4 2 10 2 2487 2843 2392 3569
12653 4 2 10 2 2955 3113 2849 3515
12654 4 2 10 2 2375 2849 3113 3515
12655 4 2 10 2 2617 2710 2465 3475
12656 4 2 10 2 996 2524 2997 3616
12657 4 2 10 2 2474 2628 2075 3165
12658 4 2 10 2 1346 2581 1345 3150
12659 4 2 10 2 712 2760 2944 3355
12660 4 2 10 2 1335 2955 1099 3393
12661 4 2 10 2 2334 2770 2716 3623
12662 4 2 10 2 404 3111 2659 3535
12663 4 2 10 2 2154 3240 2518 3411
12664 4 2 10 2 419 2430 514 3715
12665 4 2 10 2 2285 3040 3395 3682
12666 4 2 10 2 1446 891 26 2689
12667 4 2 10 2 2175 2542 2681 3650
12668 4 2 10 2 2488 3351 2695 3433
12669 4 2 10 2 569 138 822 2660
12670 4 2 10 2 2254 2964 2895 3446
12671 4 2 10 2 2088 2400 2937 3477
12672 4 2 10 2 2331 2824 2190 3090
12673 4 2 10 2 2226 2946 2605 3549
12674 4 2 10 2 2219 2592 2911 3666
12675 4 2 10 2 2429 2113 2859 3682
12676 4 2 10 2 2358 3148 2671 3258
12677 4 2 10 2 2220 3182 2663 3263
12678 4 2 10 2 357 2705 358 3204
12679 4 2 10 2 2421 3012 2774 3716
12680 4 2 10 2 1715 1855 1598 2711
12681 4 2 10 2 2550 2810 2156 3435
12682 4 2 10 2 2268 3392 3075 3486
12683 4 2 10 2 305 441 1896 3691
12684 4 2 10 2 1046 1048 1047 3109
12685 4 2 10 2 651 2470 650 3441
12686 4 2 10 2 2270 2781 2364 3165
12687 4 2 10 2 2244 3523 2577 3630
12688 4 2 10 2 338 2622 336 3224
12689 4 2 10 2 1174 1098 1082 3566
12690 4 2 10 2 2388 3476 2698 3573
12691 4 2 10 2 2431 3318 2323 3455
12692 4 2 10 2 140 839 141 2731
12693 4 2 10 2 2380 3372 2745 3582
12694 4 2 10 2 1530 1531 1482 3409
12695 4 2 10 2 2429 3274 2500 3425
12696 4 2 10 2 1199 1151 1152 3551
12697 4 2 10 2 2207 2669 3314 3724
12698 4 2 10 2 589 2017 735 3417
12699 4 2 10 2 2571 3232 2962 3684
12700 4 2 10 2 2698 3476 2388 3655
12701 4 2 10 2 2088 3324 2937 3577
12702 4 2 10 2 1750 1821 1926 2898
12703 4 2 10 2 668 2564 783 3049
12704 4 2 10 2 2120 2482 2770 3461
12705 4 2 10 2 2572 3289 2329 3632
12706 4 2 10 2 2273 2899 2652 3322
12707 4 2 10 2 1974 3013 1773 3530
12708 4 2 10 2 2564 2915 2236 3051
12709 4 2 10 2 2202 2773 2372 3199
12710 4 2 10 2 1194 1239 2539 3190
12711 4 2 10 2 676 2803 674 3301
12712 4 2 10 2 1435 797 913 2690
12713 4 2 10 2 2151 3085 2920 3576
12714 4 2 10 2 579 887 811 2835
12715 4 2 10 2 2451 3103 2543 3402
12716 4 2 10 2 2438 2825 2198 3186
12717 4 2 10 2 1558 2956 2697 3621
12718 4 2 10 2 729 2717 3100 3368
12719 4 2 10 2 2129 2706 2383 3309
12720 4 2 10 2 1407 1207 2418 3266
12721 4 2 10 2 2504 2170 2888 3641
12722 4 2 10 2 2393 2307 3323 3710
12723 4 2 10 2 2436 2803 2210 3301
12724 4 2 10 2 1831 1599 1554 3748
12725 4 2 10 2 2107 2573 2723 3626
12726 4 2 10 2 1210 2674 278 2947
12727 4 2 10 2 2454 2656 2981 3746
12728 4 2 10 2 952 1269 970 2607
12729 4 2 10 2 2302 2491 2763 3734
12730 4 2 10 2 2084 2735 3314 3724
12731 4 2 10 2 2175 2681 2469 3331
12732 4 2 10 2 2397 2891 2140 3130
12733 4 2 10 2 2264 3006 3071 3337
12734 4 2 10 2 2106 2695 2488 3351
12735 4 2 10 2 1156 1021 2679 3298
12736 4 2 10 2 986 3508 3059 3661
12737 4 2 10 2 2273 2652 2899 3703
12738 4 2 10 2 1233 458 879 2526
12739 4 2 10 2 2542 3404 2853 3469
12740 4 2 10 2 1299 974 1314 2785
12741 4 2 10 2 299 512 514 2870
12742 4 2 10 2 2080 3078 2720 3203
12743 4 2 10 2 2481 2924 2315 3161
12744 4 2 10 2 2406 2292 3271 3419
12745 4 2 10 2 2576 2636 2184 2793
12746 4 2 10 2 468 2687 292 3564
12747 4 2 10 2 1497 2030 1967 2572
12748 4 2 10 2 2659 2149 3111 3196
12749 4 2 10 2 2141 2714 2559 3349
12750 4 2 10 2 985 983 1003 2541
12751 4 2 10 2 2474 2227 3593 3652
12752 4 2 10 2 2105 2534 2603 3340
12753 4 2 10 2 2390 2232 2890 3464
12754 4 2 10 2 2092 3009 2703 3509
12755 4 2 10 2 599 785 723 2428
12756 4 2 10 2 1886 2938 2406 3419
12757 4 2 10 2 2502 3075 2423 3663
12758 4 2 10 2 2231 2750 2383 3587
12759 4 2 10 2 1213 1106 1105 2495
12760 4 2 10 2 2649 2889 2514 3246
12761 4 2 10 2 2184 2636 2576 3281
12762 4 2 10 2 2167 2727 2373 3470
12763 4 2 10 2 2799 2337 3227 3610
12764 4 2 10 2 621 2461 622 3429
12765 4 2 10 2 2152 2703 2515 2985
12766 4 2 10 2 2630 2725 2261 3729
12767 4 2 10 2 1612 2550 2882 3435
12768 4 2 10 2 1090 2612 1031 3676
12769 4 2 10 2 3069 3381 2578 3577
12770 4 2 10 2 3042 3046 2221 3437
12771 4 2 10 2 2367 2960 2882 3344
12772 4 2 10 2 1853 1631 3016 3075
12773 4 2 10 2 668 2729 665 3413
12774 4 2 10 2 2606 3353 2986 3690
12775 4 2 10 2 2116 2633 3318 3378
12776 4 2 10 2 1852 2027 3016 3586
12777 4 2 10 2 2154 2518 2739 3202
12778 4 2 10 2 2469 3331 3076 3598
12779 4 2 10 2 2190 2824 2740 3098
12780 4 2 10 2 2393 3461 2716 3736
12781 4 2 10 2 1865 2049 1777 2506
12782 4 2 10 2 1752 2918 1776 3120
12783 4 2 10 2 689 2662 690 3226
12784 4 2 10 2 1918 1727 1841 2673
12785 4 2 10 2 1846 1783 1781 2652
12786 4 2 10 2 1254 1101 1100 2700
12787 4 2 10 2 1542 2948 2938 3748
12788 4 2 10 2 1447 1199 1426 2551
12789 4 2 10 2 1585 2827 3424 3484
12790 4 2 10 2 2269 3001 3209 3236
12791 4 2 10 2 2523 2669 2338 3135
12792 4 2 10 2 2259 2501 2935 3411
12793 4 2 10 2 2193 2853 2479 3300
12794 4 2 10 2 1338 3570 2968 3728
12795 4 2 10 2 2210 2415 3168 3459
12796 4 2 10 2 2269 2624 2613 3676
12797 4 2 10 2 2318 2397 3053 3726
12798 4 2 10 2 1553 3605 2709 3748
12799 4 2 10 2 528 529 2598 3361
12800 4 2 10 2 1594 1584 1880 3484
12801 4 2 10 2 2251 3351 2695 3491
12802 4 2 10 2 2269 2613 2612 3676
12803 4 2 10 2 2242 2638 2923 3218
12804 4 2 10 2 1730 2326 3082 3386
12805 4 2 10 2 2923 3442 2222 3496
12806 4 2 10 2 555 2493 3140 3691
12807 4 2 10 2 2691 3100 833 3563
12808 4 2 10 2 2155 2926 2544 3175
12809 4 2 10 2 2588 2815 2241 3213
12810 4 2 10 2 2259 2894 2912 3511
12811 4 2 10 2 2493 3677 1896 3691
12812 4 2 10 2 1069 1015 1016 3205
12813 4 2 10 2 1565 1531 1915 2537
12814 4 2 10 2 1205 3248 2807 3525
12815 4 2 10 2 264 3276 2399 3389
12816 4 2 10 2 1004 1157 1360 2574
12817 4 2 10 2 1928 2898 1592 3489
12818 4 2 10 2 1768 2649 3246 3303
12819 4 2 10 2 2355 2735 2489 3201
12820 4 2 10 2 2391 2811 2108 3473
12821 4 2 10 2 2394 2144 2753 3235
12822 4 2 10 2 2206 2997 2728 3630
12823 4 2 10 2 26 27 2689 3524
12824 4 2 10 2 2508 2833 2611 3754
12825 4 2 10 2 2504 2888 3174 3641
12826 4 2 10 2 922 1364 1281 3041
12827 4 2 10 2 2469 2953 2744 3254
12828 4 2 10 2 2064 3432 2965 3494
12829 4 2 10 2 2176 2957 2892 3198
12830 4 2 10 2 2307 3648 2701 3710
12831 4 2 10 2 3314 3333 3131 3455
12832 4 2 10 2 1099 2337 2955 3113
12833 4 2 10 2 2765 3363 2373 3456
12834 4 2 10 2 2113 3274 2429 3440
12835 4 2 10 2 1914 2756 1785 3346
12836 4 2 10 2 2104 2903 2775 3624
12837 4 2 10 2 1693 1694 3045 3727
12838 4 2 10 2 2793 3334 2284 3719
12839 4 2 10 2 1242 1240 1378 2468
12840 4 2 10 2 2077 3119 2534 3446
12841 4 2 10 2 2760 2944 2173 3525
12842 4 2 10 2 1885 1723 2514 3615
12843 4 2 10 2 2303 2424 2782 3193
12844 4 2 10 2 2231 2383 2768 3587
12845 4 2 10 2 2000 1526 2033 3343
12846 4 2 10 2 2270 3165 2364 3512
12847 4 2 10 2 2841 3106 771 3749
12848 4 2 10 2 277 2893 482 3453
12849 4 2 10 2 1768 3246 1889 3303
12850 4 2 10 2 1986 1769 2435 3465
12851 4 2 10 2 2208 3053 2847 3167
12852 4 2 10 2 1623 1755 1642 2670
12853 4 2 10 2 2202 2372 3514 3545
12854 4 2 10 2 1628 1836 3080 3420
12855 4 2 10 2 2229 2515 3009 3269
12856 4 2 10 2 2688 2858 2145 3203
12857 4 2 10 2 1462 1207 3266 3415
12858 4 2 10 2 3420 3489 1928 3657
12859 4 2 10 2 763 854 3749 3759
12860 4 2 10 2 1008 2859 2524 3185
12861 4 2 10 2 2854 2259 2935 3607
12862 4 2 10 2 278 2674 500 2947
12863 4 2 10 2 1319 1017 2482 3399
12864 4 2 10 2 1245 2749 1354 3056
12865 4 2 10 2 2332 3268 2954 3320
12866 4 2 10 2 2142 2459 2951 3747
12867 4 2 10 2 1914 2756 2568 3479
12868 4 2 10 2 2477 3020 2871 3483
12869 4 2 10 2 1351 802 1211 2944
12870 4 2 10 2 2213 3142 2893 3535
12871 4 2 10 2 1835 1602 2672 3397
12872 4 2 10 2 1884 1653 2812 3329
12873 4 2 10 2 946 2867 945 3553
12874 4 2 10 2 2387 2149 2726 3541
12875 4 2 10 2 1551 1543 1864 2924
12876 4 2 10 2 1187 2496 1185 3149
12877 4 2 10 2 2191 3228 2889 3407
12878 4 2 10 2 2204 2908 2611 3327
12879 4 2 10 2 2116 2633 2466 3318
12880 4 2 10 2 955 957 949 2826
12881 4 2 10 2 1200 2807 2944 3525
12882 4 2 10 2 2088 2929 2400 3477
12883 4 2 10 2 2152 2607 2985 3701
12884 4 2 10 2 2078 3026 2452 3212
12885 4 2 10 2 1160 2584 3278 3728
12886 4 2 10 2 2590 2890 2232 3464
12887 4 2 10 2 348 2851 349 3182
12888 4 2 10 2 2544 2788 2136 3071
12889 4 2 10 2 2494 1711 3244 3642
12890 4 2 10 2 1778 1779 3004 3082
12891 4 2 10 2 1303 3261 2375 3515
12892 4 2 10 2 2632 2647 2569 3679
12893 4 2 10 2 2192 2866 3302 3578
12894 4 2 10 2 1392 462 907 3042
12895 4 2 10 2 1806 2396 1805 3004
12896 4 2 10 2 1395 3105 2331 3515
12897 4 2 10 2 2215 2446 2759 3077
12898 4 2 10 2 2153 3434 2464 3539
12899 4 2 10 2 2304 2482 3205 3493
12900 4 2 10 2 2064 3309 2825 3432
12901 4 2 10 2 294 435 446 2834
12902 4 2 10 2 1761 1691 3068 3354
12903 4 2 10 2 1879 1644 2509 3657
12904 4 2 10 2 2463 2820 2133 3579
12905 4 2 10 2 2138 2583 2586 3598
12906 4 2 10 2 1495 2535 1874 2916
12907 4 2 10 2 2422 2260 2875 3346
12908 4 2 10 2 568 1512 1941 2742
12909 4 2 10 2 235 25 2437 3177
12910 4 2 10 2 1980 3620 2977 3697
12911 4 2 10 2 739 3050 2535 3429
12912 4 2 10 2 2756 663 3452 3609
12913 4 2 10 2 2120 2589 2521 3623
12914 4 2 10 2 1417 3393 2675 3723
12915 4 2 10 2 1109 3317 2500 3614
12916 4 2 10 2 355 354 356 2705
12917 4 2 10 2 2085 2707 3169 3360
12918 4 2 10 2 1022 3257 2634 3733
12919 4 2 10 2 2784 3176 2589 3380
12920 4 2 10 2 2325 3335 2922 3472
12921 4 2 10 2 2687 2943 2130 3043
12922 4 2 10 2 2430 2194 2870 3715
12923 4 2 10 2 1610 2054 2794 3496
12924 4 2 10 2 2074 2656 2588 3062
12925 4 2 10 2 1327 919 2529 3742
12926 4 2 10 2 2213 2893 3453 3535
12927 4 2 10 2 3062 3128 2672 3600
12928 4 2 10 2 2258 3115 3066 3688
12929 4 2 10 2 1765 1972 2904 3015
12930 4 2 10 2 934 3060 2459 3335
12931 4 2 10 2 959 3044 970 3701
12932 4 2 10 2 2109 2427 3409 3730
12933 4 2 10 2 2078 2579 3026 3212
12934 4 2 10 2 2634 3257 1020 3298
12935 4 2 10 2 696 709 2455 3554
12936 4 2 10 2 493 2865 411 3673
12937 4 2 10 2 1265 2747 1086 3298
12938 4 2 10 2 2120 2522 3030 3493
12939 4 2 10 2 652 650 651 2470
12940 4 2 10 2 471 333 2387 3541
12941 4 2 10 2 2129 2633 2466 3627
12942 4 2 10 2 834 902 1384 3098
12943 4 2 10 2 2177 2792 2692 3183
12944 4 2 10 2 2350 2797 2193 3116
12945 4 2 10 2 2081 2454 3008 3746
12946 4 2 10 2 1509 750 597 2823
12947 4 2 10 2 1760 1968 1971 2626
12948 4 2 10 2 2142 2951 2459 3221
12949 4 2 10 2 2159 3066 3115 3688
12950 4 2 10 2 882 1296 1221 2691
12951 4 2 10 2 973 2991 925 3072
12952 4 2 10 2 1742 1974 2011 3017
12953 4 2 10 2 1789 3206 3183 3642
12954 4 2 10 2 2746 2786 2407 3462
12955 4 2 10 2 2876 3018 2368 3412
12956 4 2 10 2 1473 1189 1346 3197
12957 4 2 10 2 2186 2658 2952 3227
12958 4 2 10 2 2676 2695 2199 3400
12959 4 2 10 2 2113 2429 3274 3682
12960 4 2 10 2 1734 1624 1625 2502
12961 4 2 10 2 1884 1840 2812 3519
12962 4 2 10 2 2675 2864 1310 3723
12963 4 2 10 2 719 672 792 3151
12964 4 2 10 2 2105 2778 2379 3340
12965 4 2 10 2 2394 2264 3006 3717
12966 4 2 10 2 2732 2923 2638 3218
12967 4 2 10 2 640 2444 641 3690
12968 4 2 10 2 2113 3173 2524 3684
12969 4 2 10 2 2344 3028 2450 3058
12970 4 2 10 2 13 244 239 3717
12971 4 2 10 2 1931 2640 1998 3068
12972 4 2 10 2 2065 2611 2508 3647
12973 4 2 10 2 3269 3424 2533 3612
12974 4 2 10 2 1838 2924 2440 3602
12975 4 2 10 2 2109 2487 2666 3411
12976 4 2 10 2 2562 2988 2314 3332
12977 4 2 10 2 650 3010 649 3441
12978 4 2 10 2 2336 2226 2881 3230
12979 4 2 10 2 2973 3370 817 3434
12980 4 2 10 2 2499 3000 1312 3683
12981 4 2 10 2 283 3150 3149 3559
12982 4 2 10 2 2096 2792 2445 3739
12983 4 2 10 2 1608 2810 1609 3435
12984 4 2 10 2 1103 2789 2539 3558
12985 4 2 10 2 1574 1929 1879 2509
12986 4 2 10 2 2140 3130 2783 3677
12987 4 2 10 2 2402 3029 2353 3531
12988 4 2 10 2 1926 1821 1864 2924
12989 4 2 10 2 1546 1549 1550 2956
12990 4 2 10 2 2442 2803 2210 2886
12991 4 2 10 2 2151 2803 2442 2886
12992 4 2 10 2 2828 3109 2340 3462
12993 4 2 10 2 2005 549 1485 3392
12994 4 2 10 2 2160 2459 2951 3060
12995 4 2 10 2 3064 3069 2352 3577
12996 4 2 10 2 2811 3473 2391 3516
12997 4 2 10 2 2965 3349 2064 3494
12998 4 2 10 2 2866 3307 2353 3578
12999 4 2 10 2 650 652 764 3010
13000 4 2 10 2 2253 3069 3064 3577
13001 4 2 10 2 2217 2594 2501 3271
13002 4 2 10 2 1426 2807 1205 3248
13003 4 2 10 2 2178 2775 2520 3164
13004 4 2 10 2 2491 3134 2711 3734
13005 4 2 10 2 1963 1816 2882 2960
13006 4 2 10 2 2417 3070 2352 3388
13007 4 2 10 2 2287 2888 2623 3174
13008 4 2 10 2 2269 3372 3166 3676
13009 4 2 10 2 2072 3341 3255 3752
13010 4 2 10 2 2545 3169 2707 3360
13011 4 2 10 2 2390 2989 2085 3033
13012 4 2 10 2 2394 3006 3668 3717
13013 4 2 10 2 2446 2283 2759 3638
13014 4 2 10 2 2719 3648 2362 3710
13015 4 2 10 2 13 2980 244 3717
13016 4 2 10 2 1844 2639 1858 3084
13017 4 2 10 2 2215 3010 2610 3609
13018 4 2 10 2 1086 2416 2747 3738
13019 4 2 10 2 2325 3063 2922 3482
13020 4 2 10 2 1797 2753 3017 3660
13021 4 2 10 2 2342 3019 2932 3508
13022 4 2 10 2 2568 2756 2215 3479
13023 4 2 10 2 1624 2502 1734 3486
13024 4 2 10 2 1641 2372 3199 3722
13025 4 2 10 2 2161 3248 2839 3275
13026 4 2 10 2 2780 2907 2457 3643
13027 4 2 10 2 935 936 937 3347
13028 4 2 10 2 2120 2770 2716 3461
13029 4 2 10 2 2196 2744 2508 2909
13030 4 2 10 2 787 1503 1923 3565
13031 4 2 10 2 2078 2362 2874 3284
13032 4 2 10 2 655 654 653 3325
13033 4 2 10 2 1305 1162 1313 2624
13034 4 2 10 2 1816 2942 2882 2960
13035 4 2 10 2 2854 3221 2142 3347
13036 4 2 10 2 403 2724 461 3046
13037 4 2 10 2 1524 13 2009 2694
13038 4 2 10 2 2099 3467 2398 3632
13039 4 2 10 2 2098 2921 2523 3718
13040 4 2 10 2 2452 3514 3212 3545
13041 4 2 10 2 2482 3057 2683 3399
13042 4 2 10 2 2269 3001 3236 3372
13043 4 2 10 2 2152 2784 2515 3009
13044 4 2 10 2 2227 2661 3412 3744
13045 4 2 10 2 1578 2533 1564 3580
13046 4 2 10 2 2324 2676 2442 3540
13047 4 2 10 2 1161 3067 1108 3425
13048 4 2 10 2 2258 3363 2765 3456
13049 4 2 10 2 1638 2446 1639 3638
13050 4 2 10 2 1370 3098 1458 3582
13051 4 2 10 2 2145 2642 2584 3611
13052 4 2 10 2 2338 2939 3135 3724
13053 4 2 10 2 2405 2688 2123 3490
13054 4 2 10 2 2954 3268 2179 3320
13055 4 2 10 2 700 2530 699 3396
13056 4 2 10 2 1502 291 465 3005
13057 4 2 10 2 2616 2958 1092 3633
13058 4 2 10 2 2401 2715 2108 3139
13059 4 2 10 2 2082 2400 2866 3108
13060 4 2 10 2 2856 2971 2354 3144
13061 4 2 10 2 538 2891 511 3130
13062 4 2 10 2 476 2892 2648 3287
13063 4 2 10 2 2079 3146 2713 3158
13064 4 2 10 2 740 725 736 2479
13065 4 2 10 2 864 702 2841 3427
13066 4 2 10 2 820 3090 851 3396
13067 4 2 10 2 2084 3135 3318 3711
13068 4 2 10 2 2235 3337 3316 3529
13069 4 2 10 2 2217 2367 2940 3671
13070 4 2 10 2 2217 2501 3538 3730
13071 4 2 10 2 2427 3271 2292 3419
13072 4 2 10 2 714 804 2531 2787
13073 4 2 10 2 1497 2030 2572 3478
13074 4 2 10 2 1690 1678 3587 3678
13075 4 2 10 2 335 2622 337 3304
13076 4 2 10 2 2814 2084 3314 3448
13077 4 2 10 2 581 1297 832 3731
13078 4 2 10 2 2951 2160 3211 3579
13079 4 2 10 2 3128 3600 3062 3757
13080 4 2 10 2 2148 2353 3029 3531
13081 4 2 10 2 2807 3248 1426 3520
13082 4 2 10 2 1500 451 1958 3564
13083 4 2 10 2 2850 3466 2478 3618
13084 4 2 10 2 2401 2785 2203 3421
13085 4 2 10 2 2069 2681 2587 3331
13086 4 2 10 2 1556 1550 1549 3138
13087 4 2 10 2 2474 2934 2791 3500
13088 4 2 10 2 2610 3010 2215 3622
13089 4 2 10 2 2129 2383 2768 3309
13090 4 2 10 2 2240 3096 2764 3556
13091 4 2 10 2 2588 2656 2201 3062
13092 4 2 10 2 2196 2414 2873 3512
13093 4 2 10 2 2470 2964 2143 3306
13094 4 2 10 2 1439 1444 519 3069
13095 4 2 10 2 2466 2814 2706 3571
13096 4 2 10 2 1824 2585 1823 3375
13097 4 2 10 2 2218 2391 3117 3473
13098 4 2 10 2 2906 3255 2289 3406
13099 4 2 10 2 2202 2605 3199 3545
13100 4 2 10 2 2339 2532 2810 3169
13101 4 2 10 2 2367 2217 2940 3538
13102 4 2 10 2 1052 2855 2449 3369
13103 4 2 10 2 1420 881 1236 2761
13104 4 2 10 2 2104 3212 2372 3545
13105 4 2 10 2 2136 2863 3073 3321
13106 4 2 10 2 1777 1865 2506 3294
13107 4 2 10 2 2231 2768 2383 3309
13108 4 2 10 2 2609 2176 3287 3578
13109 4 2 10 2 1965 288 432 3184
13110 4 2 10 2 2087 3236 3007 3572
13111 4 2 10 2 1846 2652 3561 3703
13112 4 2 10 2 717 3325 2835 3585
13113 4 2 10 2 1314 1117 1115 2785
13114 4 2 10 2 2442 2803 2151 3560
13115 4 2 10 2 1954 1777 2742 2970
13116 4 2 10 2 2394 2753 2235 2980
13117 4 2 10 2 2265 2975 2640 3330
13118 4 2 10 2 434 502 2969 3184
13119 4 2 10 2 1007 996 1008 2524
13120 4 2 10 2 1160 3278 1324 3728
13121 4 2 10 2 381 3179 2609 3302
13122 4 2 10 2 2177 2838 3183 3206
13123 4 2 10 2 2440 2249 3476 3702
13124 4 2 10 2 2121 2421 2846 3716
13125 4 2 10 2 2089 2698 3286 3573
13126 4 2 10 2 2200 2703 2475 3031
13127 4 2 10 2 2222 3218 2392 3569
13128 4 2 10 2 2326 2196 3327 3386
13129 4 2 10 2 2209 2857 2651 2987
13130 4 2 10 2 391 395 394 2465
13131 4 2 10 2 2301 3045 2987 3660
13132 4 2 10 2 2695 3351 2106 3491
13133 4 2 10 2 932 3335 2366 3472
13134 4 2 10 2 2619 2850 3618 3640
13135 4 2 10 2 617 736 725 2479
13136 4 2 10 2 1034 1104 1100 3601
13137 4 2 10 2 2159 3115 2654 3213
13138 4 2 10 2 2461 2185 3106 3427
13139 4 2 10 2 687 2645 713 3226
13140 4 2 10 2 736 3058 2479 3291
13141 4 2 10 2 1817 3079 2771 3256
13142 4 2 10 2 2026 829 1937 3034
13143 4 2 10 2 569 822 857 3132
13144 4 2 10 2 2383 2265 3159 3283
13145 4 2 10 2 1223 807 1191 2678
13146 4 2 10 2 2095 2577 2486 3662
13147 4 2 10 2 1543 1551 1545 3243
13148 4 2 10 2 333 471 2387 3304
13149 4 2 10 2 628 629 630 3061
13150 4 2 10 2 2496 3179 2598 3361
13151 4 2 10 2 2414 3089 2280 3656
13152 4 2 10 2 2550 2882 2367 3442
13153 4 2 10 2 1405 279 517 3118
13154 4 2 10 2 2227 2934 2474 3593
13155 4 2 10 2 2119 2765 2919 3363
13156 4 2 10 2 2224 2431 3341 3752
13157 4 2 10 2 2226 2946 2493 3140
13158 4 2 10 2 2475 2887 2545 3360
13159 4 2 10 2 2699 2806 2300 3756
13160 4 2 10 2 2145 2668 3316 3611
13161 4 2 10 2 263 27 261 3389
13162 4 2 10 2 2367 2882 2133 3344
13163 4 2 10 2 1544 1545 1546 3243
13164 4 2 10 2 1361 1352 1252 3607
13165 4 2 10 2 1263 1445 914 2417
13166 4 2 10 2 2398 2157 3061 3171
13167 4 2 10 2 557 552 405 2389
13168 4 2 10 2 2202 3286 2605 3545
13169 4 2 10 2 1189 1473 1310 3251
13170 4 2 10 2 1991 1512 741 2742
13171 4 2 10 2 2600 3442 1610 3496
13172 4 2 10 2 1341 1245 1354 3056
13173 4 2 10 2 2624 3166 1330 3676
13174 4 2 10 2 798 837 810 2708
13175 4 2 10 2 273 2417 493 3673
13176 4 2 10 2 28 870 2559 3524
13177 4 2 10 2 1402 1145 3064 3069
13178 4 2 10 2 2077 2759 2513 3306
13179 4 2 10 2 2485 3048 1352 3357
13180 4 2 10 2 786 768 592 2916
13181 4 2 10 2 2278 2871 3020 3483
13182 4 2 10 2 1348 2845 943 3544
13183 4 2 10 2 1345 1342 1188 3399
13184 4 2 10 2 653 652 651 3325
13185 4 2 10 2 2358 2936 2219 3371
13186 4 2 10 2 2699 3668 3006 3717
13187 4 2 10 2 952 970 959 3044
13188 4 2 10 2 1442 2693 999 3019
13189 4 2 10 2 2119 2569 2900 2959
13190 4 2 10 2 2170 2861 2372 3231
13191 4 2 10 2 2090 2369 3035 3292
13192 4 2 10 2 952 953 951 3044
13193 4 2 10 2 2562 2988 2233 3548
13194 4 2 10 2 784 573 2564 3051
13195 4 2 10 2 784 3051 2564 3413
13196 4 2 10 2 2255 2755 2413 3156
13197 4 2 10 2 1928 1926 1592 2898
13198 4 2 10 2 1160 2584 1364 3278
13199 4 2 10 2 2285 2500 3203 3317
13200 4 2 10 2 2135 2508 2953 3254
13201 4 2 10 2 2363 3099 2149 3683
13202 4 2 10 2 1244 1077 1086 3738
13203 4 2 10 2 274 912 2659 3196
13204 4 2 10 2 1509 1827 750 2823
13205 4 2 10 2 1779 2014 1806 3083
13206 4 2 10 2 1183 2661 1249 2831
13207 4 2 10 2 2491 2302 3134 3734
13208 4 2 10 2 2610 2212 3225 3565
13209 4 2 10 2 950 2922 1317 3282
13210 4 2 10 2 511 2891 538 3681
13211 4 2 10 2 1801 2450 1802 3364
13212 4 2 10 2 839 2731 140 3028
13213 4 2 10 2 2729 2804 2464 3413
13214 4 2 10 2 42 499 269 3167
13215 4 2 10 2 2699 3006 2264 3717
13216 4 2 10 2 528 2598 3179 3361
13217 4 2 10 2 2629 3390 2779 3719
13218 4 2 10 2 2159 2407 3066 3688
13219 4 2 10 2 655 3325 717 3585
13220 4 2 10 2 2187 2514 2781 3693
13221 4 2 10 2 2187 2649 2514 3693
13222 4 2 10 2 2121 2534 2603 3716
13223 4 2 10 2 2070 2501 2594 3271
13224 4 2 10 2 2810 2827 2156 3435
13225 4 2 10 2 3433 3470 2656 3746
13226 4 2 10 2 2297 2801 2754 3465
13227 4 2 10 2 1900 3127 1700 3594
13228 4 2 10 2 1911 2918 1907 3495
13229 4 2 10 2 2077 2964 2340 3119
13230 4 2 10 2 2318 2864 2675 3723
13231 4 2 10 2 2075 3412 2628 3593
13232 4 2 10 2 1204 2561 1225 3613
13233 4 2 10 2 1574 2509 1879 3124
13234 4 2 10 2 2350 2193 2797 3262
13235 4 2 10 2 2908 3116 2065 3207
13236 4 2 10 2 976 978 977 3536
13237 4 2 10 2 2510 2779 2476 3698
13238 4 2 10 2 2407 2786 2159 3462
13239 4 2 10 2 729 836 697 2717
13240 4 2 10 2 2087 3236 2380 3373
13241 4 2 10 2 1986 1825 1769 3465
13242 4 2 10 2 2118 2934 2474 3500
13243 4 2 10 2 2638 2863 2267 3073
13244 4 2 10 2 2112 2437 2801 2877
13245 4 2 10 2 1350 1469 1398 3453
13246 4 2 10 2 2194 3384 3326 3416
13247 4 2 10 2 2532 3169 2360 3410
13248 4 2 10 2 1274 1282 2658 3471
13249 4 2 10 2 1677 1826 1663 2781
13250 4 2 10 2 2281 3139 2811 3326
13251 4 2 10 2 376 2865 375 2928
13252 4 2 10 2 1889 1827 2823 3478
13253 4 2 10 2 2741 2796 2136 3597
13254 4 2 10 2 2535 3050 3027 3429
13255 4 2 10 2 2093 2529 3180 3666
13256 4 2 10 2 243 250 238 2667
13257 4 2 10 2 2941 3452 663 3609
13258 4 2 10 2 2048 3013 2536 3530
13259 4 2 10 2 1822 2532 1950 2810
13260 4 2 10 2 1781 1846 2652 3561
13261 4 2 10 2 2525 2961 2063 3073
13262 4 2 10 2 2434 2951 2322 3088
13263 4 2 10 2 2710 2856 2216 3559
13264 4 2 10 2 2209 2857 2622 3224
13265 4 2 10 2 250 249 3629 3756
13266 4 2 10 2 326 2458 2969 3664
13267 4 2 10 2 402 3053 2891 3167
13268 4 2 10 2 2402 2766 2957 3697
13269 4 2 10 2 1943 846 1522 2730
13270 4 2 10 2 1338 2968 1060 3728
13271 4 2 10 2 2058 2629 3235 3422
13272 4 2 10 2 2363 2072 3546 3718
13273 4 2 10 2 2214 2360 2911 3163
13274 4 2 10 2 2060 3071 3006 3337
13275 4 2 10 2 2191 2649 2889 3228
13276 4 2 10 2 1557 1560 1559 2697
13277 4 2 10 2 2233 2988 2562 3332
13278 4 2 10 2 2375 2849 2228 3113
13279 4 2 10 2 2219 2989 2358 3371
13280 4 2 10 2 2138 2456 3074 3215
13281 4 2 10 2 1273 2738 1215 2818
13282 4 2 10 2 2202 2874 2698 3284
13283 4 2 10 2 1731 1861 1987 3225
13284 4 2 10 2 1624 2982 2502 3486
13285 4 2 10 2 2269 3001 2612 3209
13286 4 2 10 2 2295 2901 2627 3415
13287 4 2 10 2 1842 1541 1583 2940
13288 4 2 10 2 282 557 463 3437
13289 4 2 10 2 2353 2148 3108 3531
13290 4 2 10 2 2412 2256 2949 3414
13291 4 2 10 2 669 2464 666 3434
13292 4 2 10 2 3041 3328 2291 3713
13293 4 2 10 2 1802 1801 1486 2450
13294 4 2 10 2 2480 2241 2815 3213
13295 4 2 10 2 583 803 802 2944
13296 4 2 10 2 2087 2413 2755 3156
13297 4 2 10 2 1929 2509 1574 3265
13298 4 2 10 2 2154 2855 2637 3743
13299 4 2 10 2 1122 1321 1119 2836
13300 4 2 10 2 585 730 836 3098
13301 4 2 10 2 2717 3554 3007 3572
13302 4 2 10 2 739 2535 692 3429
13303 4 2 10 2 978 2808 3536 3741
13304 4 2 10 2 2081 3539 3008 3639
13305 4 2 10 2 2434 3221 2682 3418
13306 4 2 10 2 263 261 33 3389
13307 4 2 10 2 1327 2936 1128 3742
13308 4 2 10 2 2144 2394 2753 3529
13309 4 2 10 2 2515 2985 2596 3380
13310 4 2 10 2 2635 2838 755 3498
13311 4 2 10 2 492 428 2439 3588
13312 4 2 10 2 1616 1617 1618 2773
13313 4 2 10 2 410 442 3140 3230
13314 4 2 10 2 581 905 1297 3731
13315 4 2 10 2 2583 2175 3331 3619
13316 4 2 10 2 458 407 500 2674
13317 4 2 10 2 583 802 1351 2944
13318 4 2 10 2 1380 2927 1138 2984
13319 4 2 10 2 2154 2935 2485 3240
13320 4 2 10 2 2192 2866 2354 3302
13321 4 2 10 2 1580 1588 1587 2504
13322 4 2 10 2 1612 3442 1807 3671
13323 4 2 10 2 2133 2882 2367 3260
13324 4 2 10 2 2455 3007 2717 3554
13325 4 2 10 2 393 322 439 2994
13326 4 2 10 2 1844 1579 1858 2639
13327 4 2 10 2 1360 2574 1157 3616
13328 4 2 10 2 1455 1231 1394 2389
13329 4 2 10 2 2024 1870 2034 3089
13330 4 2 10 2 2410 2301 2987 3660
13331 4 2 10 2 2308 2735 3127 3518
13332 4 2 10 2 2164 3177 2699 3756
13333 4 2 10 2 1221 3100 2745 3368
13334 4 2 10 2 2648 3287 2176 3578
13335 4 2 10 2 2102 2492 3310 3552
13336 4 2 10 2 2474 2934 2227 3652
13337 4 2 10 2 1917 1705 2497 3391
13338 4 2 10 2 2194 2557 2705 3384
13339 4 2 10 2 1975 2564 1983 3051
13340 4 2 10 2 16 2732 2638 3649
13341 4 2 10 2 2141 2965 2714 3349
13342 4 2 10 2 759 1488 1808 2756
13343 4 2 10 2 654 2941 2457 3452
13344 4 2 10 2 2301 2999 2540 3760
13345 4 2 10 2 2145 2858 2668 3203
13346 4 2 10 2 794 707 3336 3592
13347 4 2 10 2 1750 2498 1628 3430
13348 4 2 10 2 2144 2779 2510 3719
13349 4 2 10 2 2889 3228 2554 3407
13350 4 2 10 2 1025 1075 1289 2860
13351 4 2 10 2 2796 3163 2263 3665
13352 4 2 10 2 2126 2494 2904 3015
13353 4 2 10 2 987 3019 3508 3661
13354 4 2 10 2 1417 2675 1310 3723
13355 4 2 10 2 2712 3300 3262 3759
13356 4 2 10 2 2163 2987 2462 3383
13357 4 2 10 2 2478 2816 2083 3122
13358 4 2 10 2 1552 1548 1553 2709
13359 4 2 10 2 1638 1731 1639 2446
13360 4 2 10 2 740 2479 736 3058
13361 4 2 10 2 2556 3423 2248 3509
13362 4 2 10 2 2320 3096 2432 3175
13363 4 2 10 2 2177 2792 2445 3367
13364 4 2 10 2 2352 3069 2578 3577
13365 4 2 10 2 2401 2785 2715 3139
13366 4 2 10 2 1919 2568 1718 3397
13367 4 2 10 2 1820 1899 1909 2848
13368 4 2 10 2 2160 2951 2459 3747
13369 4 2 10 2 1682 2939 1681 3127
13370 4 2 10 2 1044 2429 1014 3614
13371 4 2 10 2 2616 2157 2958 3633
13372 4 2 10 2 2074 3115 2591 3213
13373 4 2 10 2 688 689 690 3226
13374 4 2 10 2 714 803 583 2787
13375 4 2 10 2 2640 3068 2265 3330
13376 4 2 10 2 1967 2030 1871 2572
13377 4 2 10 2 1068 1025 1289 3297
13378 4 2 10 2 1162 2624 1305 3645
13379 4 2 10 2 2645 3086 2644 3555
13380 4 2 10 2 1653 1662 2527 3567
13381 4 2 10 2 2226 3230 2336 3624
13382 4 2 10 2 748 1937 829 3034
13383 4 2 10 2 2223 2966 2761 3229
13384 4 2 10 2 605 841 744 2646
13385 4 2 10 2 310 437 306 2640
13386 4 2 10 2 2081 2488 2763 3746
13387 4 2 10 2 1786 1808 2040 2610
13388 4 2 10 2 1395 2955 3105 3515
13389 4 2 10 2 2235 2409 3316 3337
13390 4 2 10 2 2089 3222 2452 3286
13391 4 2 10 2 1255 1245 1011 3185
13392 4 2 10 2 2153 2804 2729 3292
13393 4 2 10 2 1976 2918 1911 3495
13394 4 2 10 2 1192 1159 1101 3358
13395 4 2 10 2 2703 2887 2248 3269
13396 4 2 10 2 2155 2788 2544 3547
13397 4 2 10 2 21 2620 22 3244
13398 4 2 10 2 2084 2814 2735 3342
13399 4 2 10 2 1951 1696 1974 3530
13400 4 2 10 2 2113 2829 2524 2859
13401 4 2 10 2 1893 1736 1856 2915
13402 4 2 10 2 2248 2533 3269 3424
13403 4 2 10 2 2416 3513 2276 3738
13404 4 2 10 2 2217 2702 2406 3241
13405 4 2 10 2 503 412 2880 3505
13406 4 2 10 2 2783 3130 538 3677
13407 4 2 10 2 1929 1918 1841 3265
13408 4 2 10 2 329 2538 331 3111
13409 4 2 10 2 1777 2970 1726 3294
13410 4 2 10 2 2742 2970 2305 3586
13411 4 2 10 2 1338 3278 3570 3728
13412 4 2 10 2 2120 2521 3323 3623
13413 4 2 10 2 2410 2987 3045 3660
13414 4 2 10 2 2641 1924 3054 3636
13415 4 2 10 2 1465 1224 1206 2490
13416 4 2 10 2 337 335 336 2622
13417 4 2 10 2 672 673 674 2436
13418 4 2 10 2 2302 2763 2491 3134
13419 4 2 10 2 2076 3176 2784 3352
13420 4 2 10 2 2256 2816 2662 3745
13421 4 2 10 2 416 2928 2892 3287
13422 4 2 10 2 518 420 364 3381
13423 4 2 10 2 2381 2948 2246 3146
13424 4 2 10 2 1400 277 892 3453
13425 4 2 10 2 2624 3110 2900 3645
13426 4 2 10 2 2899 3322 2273 3707
13427 4 2 10 2 2305 3097 2530 3554
13428 4 2 10 2 2433 2674 2225 3447
13429 4 2 10 2 368 487 365 3210
13430 4 2 10 2 2112 2801 2664 2877
13431 4 2 10 2 2217 3014 2600 3730
13432 4 2 10 2 1037 999 1442 2693
13433 4 2 10 2 1100 3358 1035 3601
13434 4 2 10 2 1100 2700 3358 3601
13435 4 2 10 2 758 2756 1808 3479
13436 4 2 10 2 2061 2725 3194 3247
13437 4 2 10 2 2202 3216 2605 3573
13438 4 2 10 2 2661 2885 2368 3412
13439 4 2 10 2 842 734 609 3405
13440 4 2 10 2 1246 2539 1239 3155
13441 4 2 10 2 2899 2273 3703 3707
13442 4 2 10 2 1309 3461 2393 3736
13443 4 2 10 2 1246 1103 1239 2539
13444 4 2 10 2 2137 2976 2413 3497
13445 4 2 10 2 907 462 539 2724
13446 4 2 10 2 1887 1871 2030 3615
13447 4 2 10 2 2317 2746 2485 2935
13448 4 2 10 2 2106 2412 2933 3540
13449 4 2 10 2 1233 879 1234 2526
13450 4 2 10 2 1715 2711 1598 3734
13451 4 2 10 2 1091 1330 3372 3676
13452 4 2 10 2 1652 1654 1651 3379
13453 4 2 10 2 611 2450 737 3291
13454 4 2 10 2 1842 1541 2940 3686
13455 4 2 10 2 1502 1784 291 3005
13456 4 2 10 2 1685 2514 1706 3693
13457 4 2 10 2 2260 3125 2907 3452
13458 4 2 10 2 3060 3544 1316 3653
13459 4 2 10 2 2494 2620 2162 3244
13460 4 2 10 2 1070 1071 1087 2553
13461 4 2 10 2 1884 1653 1860 3519
13462 4 2 10 2 2622 2857 2365 3224
13463 4 2 10 2 1183 2661 2831 3229
13464 4 2 10 2 2516 2723 2283 3606
13465 4 2 10 2 1547 1888 1539 2948
13466 4 2 10 2 762 796 704 2357
13467 4 2 10 2 2375 3261 3126 3515
13468 4 2 10 2 2253 3381 3069 3577
13469 4 2 10 2 1110 3317 1109 3614
13470 4 2 10 2 695 3100 2717 3563
13471 4 2 10 2 2125 2850 2478 3618
13472 4 2 10 2 2270 2873 2414 3512
13473 4 2 10 2 2019 3013 1772 3162
13474 4 2 10 2 3126 3261 2331 3515
13475 4 2 10 2 2099 2889 2628 3652
13476 4 2 10 2 716 777 3151 3576
13477 4 2 10 2 310 2640 1932 3737
13478 4 2 10 2 269 554 2891 3167
13479 4 2 10 2 803 3217 643 3355
13480 4 2 10 2 2140 2982 2783 3486
13481 4 2 10 2 2434 3221 939 3653
13482 4 2 10 2 2289 2906 2795 3255
13483 4 2 10 2 1979 2467 3004 3032
13484 4 2 10 2 1366 2665 1365 3374
13485 4 2 10 2 1862 2037 1955 3225
13486 4 2 10 2 364 361 362 2685
13487 4 2 10 2 25 2877 2437 3177
13488 4 2 10 2 2669 3333 3314 3455
13489 4 2 10 2 617 2479 725 3300
13490 4 2 10 2 2229 3269 3009 3509
13491 4 2 10 2 730 2824 820 3396
13492 4 2 10 2 676 674 2803 3151
13493 4 2 10 2 1195 2517 1198 3460
13494 4 2 10 2 1667 1988 1671 3083
13495 4 2 10 2 752 731 588 2606
13496 4 2 10 2 1037 1039 1038 3018
13497 4 2 10 2 1917 2906 1898 3391
13498 4 2 10 2 1917 2497 1721 3703
13499 4 2 10 2 2079 2570 2837 3721
13500 4 2 10 2 2529 2291 3328 3713
13501 4 2 10 2 2127 2706 2680 3342
13502 4 2 10 2 2422 2875 2260 3035
13503 4 2 10 2 1168 1330 1162 3110
13504 4 2 10 2 724 725 734 3132
13505 4 2 10 2 2099 2507 3101 3467
13506 4 2 10 2 2750 2231 3181 3587
13507 4 2 10 2 283 3149 531 3559
13508 4 2 10 2 1640 2421 1862 3225
13509 4 2 10 2 1250 1154 1356 3377
13510 4 2 10 2 2134 2498 2819 3055
13511 4 2 10 2 2200 3031 2671 3121
13512 4 2 10 2 2123 2694 3162 3490
13513 4 2 10 2 1247 1377 3186 3733
13514 4 2 10 2 2182 2843 2460 3501
13515 4 2 10 2 1803 1802 1486 2450
13516 4 2 10 2 2184 3281 2527 3567
13517 4 2 10 2 2198 3186 2825 3432
13518 4 2 10 2 2898 3489 2286 3721
13519 4 2 10 2 1362 945 2555 3450
13520 4 2 10 2 1791 1614 1800 2840
13521 4 2 10 2 2267 2732 2392 2917
13522 4 2 10 2 2542 2853 3404 3510
13523 4 2 10 2 2471 3160 2282 3243
13524 4 2 10 2 1263 2830 1262 3388
13525 4 2 10 2 863 2803 678 3499
13526 4 2 10 2 2381 3489 2898 3721
13527 4 2 10 2 1370 1458 1415 3582
13528 4 2 10 2 2251 2809 3252 3433
13529 4 2 10 2 1440 1450 1229 2601
13530 4 2 10 2 3081 3127 2207 3594
13531 4 2 10 2 2313 2633 2486 3599
13532 4 2 10 2 2422 3035 2428 3154
13533 4 2 10 2 2064 3283 3332 3571
13534 4 2 10 2 2477 3288 2346 3377
13535 4 2 10 2 2066 2798 2445 2896
13536 4 2 10 2 1006 3170 2549 3536
13537 4 2 10 2 418 2575 491 2805
13538 4 2 10 2 1221 1381 3100 3368
13539 4 2 10 2 1948 2957 1732 3198
13540 4 2 10 2 1515 2532 1719 2796
13541 4 2 10 2 2083 2949 3209 3491
13542 4 2 10 2 2420 2156 2827 3435
13543 4 2 10 2 2188 2476 2668 3611
13544 4 2 10 2 1875 2535 2017 3417
13545 4 2 10 2 555 2493 543 3130
13546 4 2 10 2 2390 2890 2232 3033
13547 4 2 10 2 2081 2996 2804 3290
13548 4 2 10 2 925 2991 923 3072
13549 4 2 10 2 2138 3074 2364 3675
13550 4 2 10 2 2353 2148 3029 3108
13551 4 2 10 2 2615 2961 2769 3350
13552 4 2 10 2 2223 2507 2966 3101
13553 4 2 10 2 2436 2210 2996 3301
13554 4 2 10 2 380 411 377 2865
13555 4 2 10 2 1705 1721 1917 2497
13556 4 2 10 2 868 140 141 2731
13557 4 2 10 2 2774 2846 2421 3716
13558 4 2 10 2 502 3527 387 3664
13559 4 2 10 2 2073 2820 2596 3550
13560 4 2 10 2 2029 2057 3296 3732
13561 4 2 10 2 429 3189 2864 3295
13562 4 2 10 2 2371 2825 3186 3432
13563 4 2 10 2 2217 3538 3014 3730
13564 4 2 10 2 2698 3222 2452 3284
13565 4 2 10 2 2114 3047 2625 3562
13566 4 2 10 2 1727 1841 2673 3640
13567 4 2 10 2 2495 2996 2818 3539
13568 4 2 10 2 1290 3248 2483 3275
13569 4 2 10 2 2074 3188 2647 3470
13570 4 2 10 2 2271 3019 2601 3661
13571 4 2 10 2 2562 3285 2988 3548
13572 4 2 10 2 2822 3216 2384 3506
13573 4 2 10 2 2176 2609 3145 3578
13574 4 2 10 2 290 470 504 2536
13575 4 2 10 2 668 662 2729 3507
13576 4 2 10 2 1352 3048 2485 3607
13577 4 2 10 2 541 406 472 3196
13578 4 2 10 2 1263 1186 1262 2830
13579 4 2 10 2 2224 3341 2512 3752
13580 4 2 10 2 2502 2976 2423 3075
13581 4 2 10 2 2735 3711 2308 3724
13582 4 2 10 2 2152 2758 2784 3352
13583 4 2 10 2 2223 3101 2966 3229
13584 4 2 10 2 2291 2974 3095 3505
13585 4 2 10 2 2305 3466 3007 3572
13586 4 2 10 2 277 479 482 2893
13587 4 2 10 2 1103 2539 1246 3558
13588 4 2 10 2 2488 2122 2763 3746
13589 4 2 10 2 654 2457 655 3452
13590 4 2 10 2 1816 1850 2942 2960
13591 4 2 10 2 2556 3141 1605 3484
13592 4 2 10 2 2616 2789 1102 3558
13593 4 2 10 2 2534 2774 2603 3716
13594 4 2 10 2 1641 3199 2670 3722
13595 4 2 10 2 1669 1670 3587 3619
13596 4 2 10 2 552 2389 444 3687
13597 4 2 10 2 2327 3480 2831 3613
13598 4 2 10 2 2320 2961 2525 3562
13599 4 2 10 2 2048 1974 1773 3530
13600 4 2 10 2 2750 3678 3181 3694
13601 4 2 10 2 476 1964 562 2648
13602 4 2 10 2 2103 2599 3039 3123
13603 4 2 10 2 2619 2343 2850 3640
13604 4 2 10 2 2159 2654 3066 3109
13605 4 2 10 2 2661 2885 3412 3744
13606 4 2 10 2 2150 2844 2602 3088
13607 4 2 10 2 2818 2996 2266 3539
13608 4 2 10 2 2601 3002 2271 3661
13609 4 2 10 2 326 327 2458 3664
13610 4 2 10 2 2671 2358 3258 3387
13611 4 2 10 2 988 3059 986 3508
13612 4 2 10 2 2371 3432 3186 3733
13613 4 2 10 2 933 3335 932 3472
13614 4 2 10 2 2527 2095 3542 3589
13615 4 2 10 2 1232 3136 1248 3186
13616 4 2 10 2 2495 2818 2266 3539
13617 4 2 10 2 2882 2960 2133 3344
13618 4 2 10 2 1533 1535 1534 3241
13619 4 2 10 2 2155 2762 2386 2991
13620 4 2 10 2 924 925 923 3072
13621 4 2 10 2 458 500 278 2674
13622 4 2 10 2 2105 3670 2445 3739
13623 4 2 10 2 2140 2783 3130 3681
13624 4 2 10 2 2118 2800 2932 3500
13625 4 2 10 2 1643 2722 2861 3722
13626 4 2 10 2 2250 2577 2967 3542
13627 4 2 10 2 2084 3711 2735 3724
13628 4 2 10 2 2311 3195 2832 3617
13629 4 2 10 2 2190 2331 3090 3126
13630 4 2 10 2 1232 2371 3136 3186
13631 4 2 10 2 1090 1091 3372 3676
13632 4 2 10 2 2241 2727 2654 3532
13633 4 2 10 2 1623 1642 1641 2670
13634 4 2 10 2 1120 2607 1269 3282
13635 4 2 10 2 2114 2625 3468 3562
13636 4 2 10 2 630 2902 793 3279
13637 4 2 10 2 1071 2553 3205 3421
13638 4 2 10 2 2495 2860 2296 3008
13639 4 2 10 2 2124 2865 2609 3145
13640 4 2 10 2 450 449 392 3054
13641 4 2 10 2 2132 2743 2460 2843
13642 4 2 10 2 281 510 417 2870
13643 4 2 10 2 1862 2421 3012 3225
13644 4 2 10 2 2542 2065 3116 3207
13645 4 2 10 2 2225 2947 2880 3447
13646 4 2 10 2 1431 2601 1450 3275
13647 4 2 10 2 1225 1183 2831 3229
13648 4 2 10 2 724 725 3132 3300
13649 4 2 10 2 456 354 363 2557
13650 4 2 10 2 2149 3196 2659 3214
13651 4 2 10 2 2211 3207 2396 3510
13652 4 2 10 2 2544 3073 2267 3321
13653 4 2 10 2 669 667 666 2464
13654 4 2 10 2 2138 2909 2582 3254
13655 4 2 10 2 1706 2514 3246 3693
13656 4 2 10 2 1053 2597 2950 3471
13657 4 2 10 2 2393 3323 2307 3736
13658 4 2 10 2 898 2726 467 3345
13659 4 2 10 2 1200 2944 1201 3525
13660 4 2 10 2 465 1809 2590 3588
13661 4 2 10 2 2445 2896 2798 3603
13662 4 2 10 2 2107 3502 2573 3617
13663 4 2 10 2 2088 2391 2929 3324
13664 4 2 10 2 2908 2925 2350 3178
13665 4 2 10 2 2107 2723 3502 3606
13666 4 2 10 2 2079 2837 3055 3721
13667 4 2 10 2 10 2629 241 3668
13668 4 2 10 2 2568 2215 3077 3479
13669 4 2 10 2 2485 2637 2168 3357
13670 4 2 10 2 2424 2782 2139 3120
13671 4 2 10 2 1120 1267 1266 3148
13672 4 2 10 2 2367 2940 2960 3344
13673 4 2 10 2 2085 2358 3371 3468
13674 4 2 10 2 631 770 848 3171
13675 4 2 10 2 2074 2647 3363 3470
13676 4 2 10 2 2615 2114 2961 3350
13677 4 2 10 2 1657 1833 1654 3023
13678 4 2 10 2 2414 3268 2833 3754
13679 4 2 10 2 2830 2937 2553 3388
13680 4 2 10 2 2194 3416 2879 3575
13681 4 2 10 2 2213 2893 2448 3398
13682 4 2 10 2 1937 3034 2604 3401
13683 4 2 10 2 2160 3065 2361 3482
13684 4 2 10 2 2569 2647 2119 2919
13685 4 2 10 2 799 42 567 3090
13686 4 2 10 2 2235 2980 2753 3017
13687 4 2 10 2 2186 3222 2799 3227
13688 4 2 10 2 972 1285 1026 2809
13689 4 2 10 2 1320 2758 1118 3348
13690 4 2 10 2 1834 1550 1558 2956
13691 4 2 10 2 2163 2651 2857 2987
13692 4 2 10 2 2135 3020 2631 3172
13693 4 2 10 2 1132 2511 1343 3704
13694 4 2 10 2 1035 1158 3056 3358
13695 4 2 10 2 1833 1654 3023 3379
13696 4 2 10 2 3047 3468 2625 3562
13697 4 2 10 2 808 3090 2824 3654
13698 4 2 10 2 1252 2637 1363 3743
13699 4 2 10 2 331 2538 332 3541
13700 4 2 10 2 2245 2784 2758 3623
13701 4 2 10 2 1338 1324 3278 3728
13702 4 2 10 2 2248 2887 2475 3360
13703 4 2 10 2 2807 3248 2483 3525
13704 4 2 10 2 2413 2165 3123 3239
13705 4 2 10 2 2268 2502 2976 3107
13706 4 2 10 2 698 699 700 2530
13707 4 2 10 2 2183 2804 2454 3292
13708 4 2 10 2 2006 1758 1980 2977
13709 4 2 10 2 394 2465 395 3295
13710 4 2 10 2 644 643 645 3217
13711 4 2 10 2 1771 1912 1643 2722
13712 4 2 10 2 1574 3124 1930 3265
13713 4 2 10 2 2210 3168 2442 3459
13714 4 2 10 2 970 2607 1120 3121
13715 4 2 10 2 1207 1454 1407 2418
13716 4 2 10 2 902 3098 585 3368
13717 4 2 10 2 1161 1288 1256 3059
13718 4 2 10 2 2353 3029 2504 3108
13719 4 2 10 2 405 2389 552 3285
13720 4 2 10 2 2717 2745 2169 3100
13721 4 2 10 2 1206 1224 885 2870
13722 4 2 10 2 2085 2358 2989 3371
13723 4 2 10 2 2134 2898 2481 2924
13724 4 2 10 2 2373 3363 2403 3470
13725 4 2 10 2 2062 3107 2976 3143
13726 4 2 10 2 2690 3336 1453 3633
13727 4 2 10 2 2758 2784 2334 3623
13728 4 2 10 2 2682 3221 2434 3646
13729 4 2 10 2 2275 2842 2385 3592
13730 4 2 10 2 2404 3160 3065 3579
13731 4 2 10 2 260 262 36 3223
13732 4 2 10 2 250 249 238 3629
13733 4 2 10 2 2808 3570 2261 3729
13734 4 2 10 2 1350 2893 1469 3398
13735 4 2 10 2 281 885 1224 2870
13736 4 2 10 2 1880 1605 1594 3484
13737 4 2 10 2 2627 2901 2312 3415
13738 4 2 10 2 1160 1364 1324 3278
13739 4 2 10 2 2494 2162 2792 3244
13740 4 2 10 2 1410 2531 1261 3454
13741 4 2 10 2 859 763 854 3749
13742 4 2 10 2 369 2578 421 3381
13743 4 2 10 2 1641 1904 1892 3722
13744 4 2 10 2 620 621 622 3429
13745 4 2 10 2 2150 3088 2845 3695
13746 4 2 10 2 1394 2389 1231 3687
13747 4 2 10 2 2291 2947 2677 3505
13748 4 2 10 2 137 609 822 2660
13749 4 2 10 2 2400 3145 2866 3578
13750 4 2 10 2 887 2835 1380 3708
13751 4 2 10 2 2075 2833 2909 3512
13752 4 2 10 2 2137 3016 2423 3075
13753 4 2 10 2 1218 2415 2978 3555
13754 4 2 10 2 1814 1715 1736 2915
13755 4 2 10 2 2550 2615 2222 3608
13756 4 2 10 2 2742 3586 2305 3720
13757 4 2 10 2 3005 3259 2303 3504
13758 4 2 10 2 763 3262 854 3759
13759 4 2 10 2 1978 1810 1788 3003
13760 4 2 10 2 2567 2378 2932 3500
13761 4 2 10 2 2404 3065 3160 3344
13762 4 2 10 2 2239 3047 3468 3634
13763 4 2 10 2 392 546 450 3144
13764 4 2 10 2 2828 3119 2379 3522
13765 4 2 10 2 961 1311 953 2701
13766 4 2 10 2 1751 1752 1776 3120
13767 4 2 10 2 654 2941 653 3325
13768 4 2 10 2 2218 2626 2505 3495
13769 4 2 10 2 1700 3081 1757 3127
13770 4 2 10 2 2192 2862 3307 3578
13771 4 2 10 2 2972 2977 2218 3117
13772 4 2 10 2 1913 1922 2862 3636
13773 4 2 10 2 581 3086 905 3731
13774 4 2 10 2 2741 2796 2263 3665
13775 4 2 10 2 1377 1095 3186 3733
13776 4 2 10 2 684 691 3233 3414
13777 4 2 10 2 282 463 3042 3437
13778 4 2 10 2 251 2806 2699 3756
13779 4 2 10 2 1705 1721 2497 3488
13780 4 2 10 2 1804 2636 1946 3235
13781 4 2 10 2 2191 2649 2435 3303
13782 4 2 10 2 1095 2657 1094 3308
13783 4 2 10 2 641 2444 640 3557
13784 4 2 10 2 2220 3258 2989 3387
13785 4 2 10 2 1810 1719 1822 3003
13786 4 2 10 2 2108 2913 2401 3139
13787 4 2 10 2 1188 1187 1396 3150
13788 4 2 10 2 323 3142 2621 3535
13789 4 2 10 2 1768 2649 1706 3246
13790 4 2 10 2 2278 3020 2631 3483
13791 4 2 10 2 2447 3384 2194 3416
13792 4 2 10 2 2902 3061 2398 3320
13793 4 2 10 2 2220 2663 2989 3258
13794 4 2 10 2 1433 2958 2767 3633
13795 4 2 10 2 1640 1861 3079 3225
13796 4 2 10 2 784 2564 668 3413
13797 4 2 10 2 1268 1266 1280 3148
13798 4 2 10 2 1900 1700 1757 3594
13799 4 2 10 2 2429 3040 1014 3614
13800 4 2 10 2 1562 2832 1563 3124
13801 4 2 10 2 2709 3605 2573 3748
13802 4 2 10 2 617 2797 613 3291
13803 4 2 10 2 2469 3076 2566 3598
13804 4 2 10 2 2403 2905 2122 3188
13805 4 2 10 2 1340 3170 2764 3369
13806 4 2 10 2 2248 3360 2475 3423
13807 4 2 10 2 1935 2687 1921 3043
13808 4 2 10 2 1374 3069 1439 3070
13809 4 2 10 2 2179 2643 2572 2902
13810 4 2 10 2 1246 2539 3155 3558
13811 4 2 10 2 757 2572 686 2902
13812 4 2 10 2 2636 2753 2144 3235
13813 4 2 10 2 2228 3113 2849 3227
13814 4 2 10 2 2185 2789 2539 3190
13815 4 2 10 2 956 1365 3110 3450
13816 4 2 10 2 2315 3426 2924 3602
13817 4 2 10 2 2145 3316 2642 3611
13818 4 2 10 2 1267 1322 3148 3282
13819 4 2 10 2 2268 2976 2502 3075
13820 4 2 10 2 672 3485 2436 3534
13821 4 2 10 2 1824 1762 1992 2664
13822 4 2 10 2 1015 2482 1017 3461
13823 4 2 10 2 2416 2276 2853 3738
13824 4 2 10 2 2125 2619 2850 3618
13825 4 2 10 2 1607 1845 1591 2972
13826 4 2 10 2 2536 2209 2802 3530
13827 4 2 10 2 2083 2905 2632 3122
13828 4 2 10 2 2224 2728 2574 3378
13829 4 2 10 2 2227 3412 3652 3744
13830 4 2 10 2 2104 2718 2617 3591
13831 4 2 10 2 2069 2869 2587 2897
13832 4 2 10 2 320 435 2994 3201
13833 4 2 10 2 2108 2715 2430 3326
13834 4 2 10 2 2901 2995 2312 3415
13835 4 2 10 2 2943 3043 2687 3564
13836 4 2 10 2 534 429 2864 3295
13837 4 2 10 2 1858 2684 1590 3084
13838 4 2 10 2 2071 2404 2951 3579
13839 4 2 10 2 867 138 870 2660
13840 4 2 10 2 715 807 2678 3249
13841 4 2 10 2 2795 2906 2273 3255
13842 4 2 10 2 2170 2990 2579 3463
13843 4 2 10 2 2512 3293 3000 3546
13844 4 2 10 2 2196 2734 2414 3754
13845 4 2 10 2 770 2767 848 3171
13846 4 2 10 2 2221 3042 2724 3046
13847 4 2 10 2 2429 2859 1014 3040
13848 4 2 10 2 2271 3508 3019 3661
13849 4 2 10 2 2207 2994 2834 3201
13850 4 2 10 2 2194 2430 2879 3326
13851 4 2 10 2 1035 1158 1354 3056
13852 4 2 10 2 2083 2348 3122 3280
13853 4 2 10 2 2055 1853 2027 2730
13854 4 2 10 2 1068 1164 1163 3297
13855 4 2 10 2 1285 1302 1113 2809
13856 4 2 10 2 1757 2834 2032 3594
13857 4 2 10 2 295 310 1932 3737
13858 4 2 10 2 1214 1454 1318 2995
13859 4 2 10 2 2259 3347 3037 3511
13860 4 2 10 2 1232 1377 1095 3186
13861 4 2 10 2 753 644 728 2986
13862 4 2 10 2 2170 2888 2990 3463
13863 4 2 10 2 2338 3127 2939 3724
13864 4 2 10 2 2502 3107 2268 3486
13865 4 2 10 2 2215 2759 2446 3622
13866 4 2 10 2 2273 3255 2906 3406
13867 4 2 10 2 1098 1083 1082 3566
13868 4 2 10 2 2493 2946 2140 3130
13869 4 2 10 2 326 325 324 2969
13870 4 2 10 2 2659 3453 404 3535
13871 4 2 10 2 2679 2953 2135 3155
13872 4 2 10 2 1596 2827 1608 3435
13873 4 2 10 2 1849 2882 1816 2942
13874 4 2 10 2 2168 2746 2407 3462
13875 4 2 10 2 2288 2928 2865 3145
13876 4 2 10 2 1886 1743 2938 3419
13877 4 2 10 2 852 2646 741 3720
13878 4 2 10 2 1894 1944 1521 2428
13879 4 2 10 2 2126 3015 2435 3366
13880 4 2 10 2 831 687 713 3226
13881 4 2 10 2 1432 2690 1453 3633
13882 4 2 10 2 2565 2968 2100 3631
13883 4 2 10 2 2094 3476 2822 3506
13884 4 2 10 2 392 389 385 2856
13885 4 2 10 2 750 2823 1827 3478
13886 4 2 10 2 2430 3204 2705 3715
13887 4 2 10 2 2112 2437 3390 3445
13888 4 2 10 2 2556 2883 2424 3509
13889 4 2 10 2 782 1969 1994 3049
13890 4 2 10 2 1015 969 1016 2770
13891 4 2 10 2 28 2559 870 3680
13892 4 2 10 2 365 3210 367 3381
13893 4 2 10 2 1981 2802 2651 3530
13894 4 2 10 2 2700 3131 2221 3358
13895 4 2 10 2 403 479 565 3142
13896 4 2 10 2 834 585 902 3098
13897 4 2 10 2 946 942 945 2867
13898 4 2 10 2 2481 3161 2315 3243
13899 4 2 10 2 680 678 679 3168
13900 4 2 10 2 2565 3631 2100 3698
13901 4 2 10 2 2179 2572 3615 3632
13902 4 2 10 2 392 2856 385 3144
13903 4 2 10 2 3065 3344 2404 3538
13904 4 2 10 2 1264 3048 2407 3357
13905 4 2 10 2 2219 3338 2663 3528
13906 4 2 10 2 2593 2786 2107 3438
13907 4 2 10 2 2548 2791 2378 3658
13908 4 2 10 2 1302 3252 1030 3709
13909 4 2 10 2 1370 2740 3098 3582
13910 4 2 10 2 1562 1563 1569 3124
13911 4 2 10 2 1327 1357 1128 2936
13912 4 2 10 2 2183 2422 3035 3449
13913 4 2 10 2 2219 2911 2390 2989
13914 4 2 10 2 351 352 2408 3504
13915 4 2 10 2 1705 2497 3391 3488
13916 4 2 10 2 1490 1991 605 2646
13917 4 2 10 2 393 439 459 3672
13918 4 2 10 2 448 2881 553 3230
13919 4 2 10 2 950 951 938 2922
13920 4 2 10 2 2228 2849 2388 3227
13921 4 2 10 2 2378 3444 2932 3500
13922 4 2 10 2 669 2464 3485 3534
13923 4 2 10 2 762 899 1389 2767
13924 4 2 10 2 614 616 618 3178
13925 4 2 10 2 2514 2954 2884 3615
13926 4 2 10 2 504 379 453 2802
13927 4 2 10 2 2093 3163 2788 3665
13928 4 2 10 2 1937 1936 1792 3401
13929 4 2 10 2 2064 3309 3432 3494
13930 4 2 10 2 2455 2197 2816 3007
13931 4 2 10 2 2376 2218 3473 3516
13932 4 2 10 2 1238 891 1446 2689
13933 4 2 10 2 1379 743 2712 3759
13934 4 2 10 2 2525 2788 2155 3503
13935 4 2 10 2 2100 2779 2510 3698
13936 4 2 10 2 656 655 2457 3452
13937 4 2 10 2 2787 3551 2341 3739
13938 4 2 10 2 351 2408 3319 3443
13939 4 2 10 2 2609 2865 2124 3179
13940 4 2 10 2 1156 1265 1021 3298
13941 4 2 10 2 2062 2976 2413 3239
13942 4 2 10 2 1946 2636 1832 3422
13943 4 2 10 2 2134 2898 2498 3055
13944 4 2 10 2 2161 2839 2541 3275
13945 4 2 10 2 2108 2685 2913 3473
13946 4 2 10 2 1664 3281 2560 3567
13947 4 2 10 2 2201 2684 2491 3192
13948 4 2 10 2 1112 2683 1319 3705
13949 4 2 10 2 2163 2497 3391 3406
13950 4 2 10 2 302 2575 418 3343
13951 4 2 10 2 303 875 1477 2663
13952 4 2 10 2 2716 3323 2393 3736
13953 4 2 10 2 299 514 419 2430
13954 4 2 10 2 403 461 319 3046
13955 4 2 10 2 2064 3283 3159 3349
13956 4 2 10 2 511 402 401 2891
13957 4 2 10 2 1970 1481 1799 2923
13958 4 2 10 2 970 2607 3121 3701
13959 4 2 10 2 877 2531 1410 3249
13960 4 2 10 2 2194 3273 2447 3416
13961 4 2 10 2 2398 3467 3289 3632
13962 4 2 10 2 2109 3014 2501 3730
13963 4 2 10 2 2303 2782 2424 3590
13964 4 2 10 2 2102 2720 2433 3403
13965 4 2 10 2 672 2436 674 3151
13966 4 2 10 2 2203 2929 2522 3030
13967 4 2 10 2 2219 2390 2911 3528
13968 4 2 10 2 2371 2657 3432 3733
13969 4 2 10 2 1116 2715 1195 3460
13970 4 2 10 2 2342 3232 2821 3508
13971 4 2 10 2 1282 2950 2658 3471
13972 4 2 10 2 677 678 2803 3168
13973 4 2 10 2 2392 3496 2222 3569
13974 4 2 10 2 2355 3046 2221 3314
13975 4 2 10 2 2123 3013 2752 3162
13976 4 2 10 2 1931 3024 2640 3068
13977 4 2 10 2 632 633 634 2398
13978 4 2 10 2 2052 1949 1985 2916
13979 4 2 10 2 2911 3180 2360 3371
13980 4 2 10 2 1512 568 741 2742
13981 4 2 10 2 2180 2665 3166 3311
13982 4 2 10 2 1664 1692 2560 3281
13983 4 2 10 2 2424 2139 2782 3193
13984 4 2 10 2 2204 2535 3027 3429
13985 4 2 10 2 590 2610 764 3609
13986 4 2 10 2 1517 2052 1979 2467
13987 4 2 10 2 2226 3140 2881 3230
13988 4 2 10 2 2173 2425 3355 3517
13989 4 2 10 2 2107 2723 2573 3502
13990 4 2 10 2 2060 3316 2476 3611
13991 4 2 10 2 26 869 27 3524
13992 4 2 10 2 2849 3113 2337 3227
13993 4 2 10 2 2108 3473 2811 3516
13994 4 2 10 2 1008 1255 3185 3616
13995 4 2 10 2 2084 3342 2735 3711
13996 4 2 10 2 1347 943 2434 3544
13997 4 2 10 2 2482 2120 2770 3493
13998 4 2 10 2 1616 1866 1556 3138
13999 4 2 10 2 1573 2623 1560 3231
14000 4 2 10 2 2784 3030 2076 3699
14001 4 2 10 2 349 2851 350 3443
14002 4 2 10 2 2339 3141 2890 3423
14003 4 2 10 2 2890 3141 2232 3423
14004 4 2 10 2 1721 3043 2497 3488
14005 4 2 10 2 2715 2785 2281 3139
14006 4 2 10 2 2192 3144 2998 3302
14007 4 2 10 2 2479 3058 2450 3291
14008 4 2 10 2 2098 2608 2921 3718
14009 4 2 10 2 2343 3618 2850 3640
14010 4 2 10 2 2198 2587 2869 2897
14011 4 2 10 2 2104 2452 2903 3212
14012 4 2 10 2 2081 2454 2804 3639
14013 4 2 10 2 2139 2811 2447 2914
14014 4 2 10 2 2575 3343 2033 3697
14015 4 2 10 2 2064 3283 2706 3309
14016 4 2 10 2 2334 3030 2784 3699
14017 4 2 10 2 1640 1966 1862 2421
14018 4 2 10 2 2170 2718 2579 3212
14019 4 2 10 2 2570 3055 2837 3721
14020 4 2 10 2 1330 3110 1168 3166
14021 4 2 10 2 737 2450 3058 3291
14022 4 2 10 2 1109 3425 1044 3614
14023 4 2 10 2 1935 1921 2899 3043
14024 4 2 10 2 18 17 240 2917
14025 4 2 10 2 1669 3587 2790 3619
14026 4 2 10 2 2463 2133 3160 3579
14027 4 2 10 2 2353 3307 2862 3578
14028 4 2 10 2 764 2610 3010 3609
14029 4 2 10 2 2476 2779 2144 3529
14030 4 2 10 2 1493 782 783 3049
14031 4 2 10 2 2353 3108 2400 3531
14032 4 2 10 2 978 3536 1006 3741
14033 4 2 10 2 832 1297 882 2691
14034 4 2 10 2 764 2610 726 3010
14035 4 2 10 2 2418 2995 2901 3415
14036 4 2 10 2 2478 2269 3236 3373
14037 4 2 10 2 2150 3088 2602 3646
14038 4 2 10 2 2322 3060 2751 3211
14039 4 2 10 2 2175 2790 2396 3650
14040 4 2 10 2 1360 997 2574 3492
14041 4 2 10 2 1690 1818 1678 3678
14042 4 2 10 2 2367 2133 3260 3344
14043 4 2 10 2 2181 3159 2714 3694
14044 4 2 10 2 1990 749 1517 3032
14045 4 2 10 2 2714 3159 2181 3349
14046 4 2 10 2 2257 3247 2630 3520
14047 4 2 10 2 2330 2468 3094 3190
14048 4 2 10 2 2112 2437 2877 3390
14049 4 2 10 2 714 583 804 2787
14050 4 2 10 2 2444 3036 2872 3407
14051 4 2 10 2 2118 2932 3444 3500
14052 4 2 10 2 2112 2801 2437 3445
14053 4 2 10 2 2133 3160 3065 3344
14054 4 2 10 2 1123 2671 1124 3263
14055 4 2 10 2 2087 3497 3156 3572
14056 4 2 10 2 2088 2913 2391 3324
14057 4 2 10 2 2224 2749 2574 3616
14058 4 2 10 2 2607 2985 2316 3063
14059 4 2 10 2 3131 3314 2084 3448
14060 4 2 10 2 2178 3189 2520 3295
14061 4 2 10 2 2609 2176 2928 3287
14062 4 2 10 2 2733 3277 2199 3280
14063 4 2 10 2 332 331 330 2538
14064 4 2 10 2 425 424 433 3285
14065 4 2 10 2 2246 2938 2406 2948
14066 4 2 10 2 1041 1037 2693 3018
14067 4 2 10 2 631 633 3061 3171
14068 4 2 10 2 1350 1398 3398 3453
14069 4 2 10 2 2168 2379 3119 3522
14070 4 2 10 2 2759 3306 2077 3622
14071 4 2 10 2 2602 3088 2434 3646
14072 4 2 10 2 1400 2893 277 3453
14073 4 2 10 2 1092 1102 1072 3558
14074 4 2 10 2 2824 3098 2190 3396
14075 4 2 10 2 2515 3009 2784 3176
14076 4 2 10 2 2171 2509 2709 3208
14077 4 2 10 2 2130 2943 2387 3362
14078 4 2 10 2 2174 2921 2614 3718
14079 4 2 10 2 2324 3540 2442 3560
14080 4 2 10 2 1502 1978 1788 2590
14081 4 2 10 2 1437 2824 1208 3261
14082 4 2 10 2 2193 2853 2747 3469
14083 4 2 10 2 2197 3122 2673 3294
14084 4 2 10 2 2518 2992 2739 3202
14085 4 2 10 2 1107 1252 1363 3743
14086 4 2 10 2 266 2721 262 3732
14087 4 2 10 2 2579 2718 2170 3436
14088 4 2 10 2 1609 2550 1612 3435
14089 4 2 10 2 1251 995 992 2595
14090 4 2 10 2 545 461 2724 3042
14091 4 2 10 2 977 2473 2808 3570
14092 4 2 10 2 1723 1960 3246 3615
14093 4 2 10 2 860 1528 775 2920
14094 4 2 10 2 2064 2706 3283 3571
14095 4 2 10 2 1857 1878 1910 2586
14096 4 2 10 2 445 1485 549 2783
14097 4 2 10 2 2740 3156 2274 3582
14098 4 2 10 2 24 2437 25 2877
14099 4 2 10 2 948 2555 945 3450
14100 4 2 10 2 2278 2876 2631 3172
14101 4 2 10 2 1636 1637 3079 3638
14102 4 2 10 2 1744 2516 1903 3397
14103 4 2 10 2 2428 2907 2260 3125
14104 4 2 10 2 1673 1666 1665 2795
14105 4 2 10 2 1302 1285 1030 3252
14106 4 2 10 2 2390 2232 2851 3033
14107 4 2 10 2 2542 3116 2065 3469
14108 4 2 10 2 1572 1564 1578 2533
14109 4 2 10 2 2646 2730 2137 3097
14110 4 2 10 2 615 614 2797 3178
14111 4 2 10 2 2791 3228 2934 3652
14112 4 2 10 2 448 3230 556 3242
14113 4 2 10 2 22 23 1959 2620
14114 4 2 10 2 1880 1839 1605 2556
14115 4 2 10 2 1433 2767 2690 3633
14116 4 2 10 2 2168 2407 2746 3357
14117 4 2 10 2 793 686 2643 2902
14118 4 2 10 2 2019 2048 1773 3013
14119 4 2 10 2 802 576 1211 2760
14120 4 2 10 2 1320 974 1295 3348
14121 4 2 10 2 1247 1022 1377 3733
14122 4 2 10 2 2066 2445 2798 3367
14123 4 2 10 2 2220 2671 3258 3387
14124 4 2 10 2 2216 3057 2683 3234
14125 4 2 10 2 1952 2648 1947 3198
14126 4 2 10 2 1283 1132 1085 3369
14127 4 2 10 2 1589 2491 1597 3734
14128 4 2 10 2 1107 1363 2637 3743
14129 4 2 10 2 2612 2251 3491 3709
14130 4 2 10 2 1109 2500 3425 3614
14131 4 2 10 2 1916 3129 1840 3519
14132 4 2 10 2 2471 2960 2282 3160
14133 4 2 10 2 2725 3194 2261 3753
14134 4 2 10 2 572 733 793 2643
14135 4 2 10 2 2211 3004 2467 3032
14136 4 2 10 2 2104 2452 2775 2903
14137 4 2 10 2 1252 1136 1363 3357
14138 4 2 10 2 679 681 680 3168
14139 4 2 10 2 2479 3132 2853 3431
14140 4 2 10 2 1768 1707 2649 3303
14141 4 2 10 2 2282 2960 2471 3243
14142 4 2 10 2 2544 2788 3071 3547
14143 4 2 10 2 1534 1532 1533 3409
14144 4 2 10 2 476 1527 2648 2892
14145 4 2 10 2 311 436 437 2975
14146 4 2 10 2 1879 2509 1929 3657
14147 4 2 10 2 368 486 487 2505
14148 4 2 10 2 737 3058 736 3291
14149 4 2 10 2 2170 2990 2623 3231
14150 4 2 10 2 769 586 899 2767
14151 4 2 10 2 327 325 326 2458
14152 4 2 10 2 1976 1776 1911 2918
14153 4 2 10 2 2180 2900 2624 3110
14154 4 2 10 2 427 283 3150 3197
14155 4 2 10 2 2421 3012 2294 3256
14156 4 2 10 2 2138 2586 2744 3598
14157 4 2 10 2 2286 3208 2509 3568
14158 4 2 10 2 3186 3432 2198 3733
14159 4 2 10 2 362 2685 360 3092
14160 4 2 10 2 633 632 631 3061
14161 4 2 10 2 2804 2236 3134 3290
14162 4 2 10 2 2068 2793 2510 3719
14163 4 2 10 2 1325 2778 1422 3220
14164 4 2 10 2 332 2538 330 3527
14165 4 2 10 2 2146 3023 2456 3379
14166 4 2 10 2 804 1427 603 2531
14167 4 2 10 2 2125 2569 2632 2959
14168 4 2 10 2 2239 3468 3047 3562
14169 4 2 10 2 475 293 561 2998
14170 4 2 10 2 2182 2843 2666 3481
14171 4 2 10 2 728 2838 755 3206
14172 4 2 10 2 347 348 349 3182
14173 4 2 10 2 2692 2776 2294 3237
14174 4 2 10 2 1920 1917 1721 3703
14175 4 2 10 2 2661 2831 2227 3480
14176 4 2 10 2 1068 2627 1164 3297
14177 4 2 10 2 2191 2507 3137 3407
14178 4 2 10 2 44 498 308 3681
14179 4 2 10 2 901 536 1382 2864
14180 4 2 10 2 825 571 1416 2738
14181 4 2 10 2 2881 3230 448 3637
14182 4 2 10 2 1004 1360 997 2574
14183 4 2 10 2 439 435 2834 2994
14184 4 2 10 2 2836 2879 2281 3416
14185 4 2 10 2 359 360 361 2685
14186 4 2 10 2 555 543 2493 3677
14187 4 2 10 2 1164 1165 1179 2627
14188 4 2 10 2 2337 3393 2955 3726
14189 4 2 10 2 872 2057 31 3732
14190 4 2 10 2 1561 1566 1568 3174
14191 4 2 10 2 2193 2479 2853 3510
14192 4 2 10 2 2207 2735 2489 3594
14193 4 2 10 2 2230 2789 2616 3558
14194 4 2 10 2 1454 2418 1207 3415
14195 4 2 10 2 2647 2403 3363 3470
14196 4 2 10 2 1069 1070 1111 3705
14197 4 2 10 2 1194 1193 1424 3190
14198 4 2 10 2 2472 2283 3606 3714
14199 4 2 10 2 1801 3028 2450 3364
14200 4 2 10 2 2232 2390 2851 3464
14201 4 2 10 2 746 853 709 3745
14202 4 2 10 2 2232 3033 2890 3423
14203 4 2 10 2 669 670 667 3534
14204 4 2 10 2 2264 2394 3006 3337
14205 4 2 10 2 2108 2391 2913 3139
14206 4 2 10 2 2480 2815 2513 3213
14207 4 2 10 2 820 2824 808 3090
14208 4 2 10 2 2152 2784 3009 3352
14209 4 2 10 2 2816 2478 3209 3236
14210 4 2 10 2 404 327 3111 3535
14211 4 2 10 2 1750 1926 1928 2898
14212 4 2 10 2 2880 2947 412 3447
14213 4 2 10 2 2267 2806 3321 3696
14214 4 2 10 2 1779 1806 3004 3083
14215 4 2 10 2 1165 1179 2627 3415
14216 4 2 10 2 2241 2981 2727 3297
14217 4 2 10 2 2453 2180 2755 3537
14218 4 2 10 2 810 706 700 3097
14219 4 2 10 2 1842 1538 1541 3686
14220 4 2 10 2 2129 2466 2706 3627
14221 4 2 10 2 2877 3177 2629 3390
14222 4 2 10 2 2061 2725 2655 2931
14223 4 2 10 2 2219 2936 2529 3180
14224 4 2 10 2 2171 2647 3195 3679
14225 4 2 10 2 1373 1404 909 2993
14226 4 2 10 2 2173 2944 2760 3355
14227 4 2 10 2 254 253 258 2699
14228 4 2 10 2 2771 3079 2421 3256
14229 4 2 10 2 2182 2460 2843 3481
14230 4 2 10 2 2147 2681 2542 3404
14231 4 2 10 2 3262 3749 2468 3759
14232 4 2 10 2 2453 3055 2286 3568
14233 4 2 10 2 1098 1369 1083 3311
14234 4 2 10 2 2149 3099 2499 3683
14235 4 2 10 2 419 514 357 3715
14236 4 2 10 2 2441 2107 2786 3438
14237 4 2 10 2 2650 3426 3299 3659
14238 4 2 10 2 642 640 641 3690
14239 4 2 10 2 2444 3137 640 3557
14240 4 2 10 2 1913 1922 1848 2862
14241 4 2 10 2 410 3140 547 3230
14242 4 2 10 2 2527 3589 2184 3628
14243 4 2 10 2 2207 3127 2735 3518
14244 4 2 10 2 13 239 2741 3717
14245 4 2 10 2 2796 3410 2136 3597
14246 4 2 10 2 951 1277 938 2751
14247 4 2 10 2 2108 2913 2391 3473
14248 4 2 10 2 2596 2985 3550 3574
14249 4 2 10 2 1924 2641 1922 3636
14250 4 2 10 2 2750 3296 2042 3678
14251 4 2 10 2 2684 3084 2302 3734
14252 4 2 10 2 694 696 709 2455
14253 4 2 10 2 2273 3322 3596 3707
14254 4 2 10 2 2088 2929 2391 3117
14255 4 2 10 2 1386 898 467 3345
14256 4 2 10 2 2267 3649 2917 3696
14257 4 2 10 2 2536 2752 2123 3013
14258 4 2 10 2 2137 2423 2976 3075
14259 4 2 10 2 2063 3073 2961 3218
14260 4 2 10 2 1535 1537 3241 3419
14261 4 2 10 2 554 402 511 2891
14262 4 2 10 2 2113 2540 3274 3440
14263 4 2 10 2 2111 3176 2515 3380
14264 4 2 10 2 2088 2766 3117 3533
14265 4 2 10 2 2060 3071 2409 3547
14266 4 2 10 2 2207 2382 2834 2994
14267 4 2 10 2 1806 1686 1805 2396
14268 4 2 10 2 2140 3130 2891 3681
14269 4 2 10 2 3159 3494 2714 3694
14270 4 2 10 2 2046 558 450 3054
14271 4 2 10 2 702 3106 2841 3427
14272 4 2 10 2 1155 2679 1021 3377
14273 4 2 10 2 2115 2460 2743 3501
14274 4 2 10 2 2509 3208 2569 3568
14275 4 2 10 2 1112 1319 1069 3705
14276 4 2 10 2 414 3528 3338 3666
14277 4 2 10 2 2648 2892 1947 3198
14278 4 2 10 2 596 749 1990 3032
14279 4 2 10 2 1157 2749 1245 3616
14280 4 2 10 2 308 2783 3392 3681
14281 4 2 10 2 860 1962 1528 2920
14282 4 2 10 2 1447 2551 1426 3520
14283 4 2 10 2 405 557 2389 3437
14284 4 2 10 2 2535 2916 692 3429
14285 4 2 10 2 819 1476 587 3735
14286 4 2 10 2 2391 2913 2088 3117
14287 4 2 10 2 2846 2895 2212 3622
14288 4 2 10 2 241 2629 3177 3668
14289 4 2 10 2 712 802 803 2944
14290 4 2 10 2 1220 2955 2847 3105
14291 4 2 10 2 2363 3000 3293 3546
14292 4 2 10 2 2162 2792 2692 3367
14293 4 2 10 2 1416 1273 1456 2738
14294 4 2 10 2 1417 1149 2675 3393
14295 4 2 10 2 2243 2805 2575 3343
14296 4 2 10 2 2169 2717 2455 3007
14297 4 2 10 2 1160 1271 3425 3728
14298 4 2 10 2 733 793 2643 3279
14299 4 2 10 2 2516 2128 2759 3397
14300 4 2 10 2 2457 2780 2295 3585
14301 4 2 10 2 2149 3111 2726 3541
14302 4 2 10 2 2207 2382 2994 3692
14303 4 2 10 2 1934 3277 1615 3401
14304 4 2 10 2 2528 3247 2257 3603
14305 4 2 10 2 694 2455 709 3745
14306 4 2 10 2 2469 2566 3254 3598
14307 4 2 10 2 2121 3256 2421 3716
14308 4 2 10 2 2259 2935 2501 3037
14309 4 2 10 2 1222 1137 3214 3683
14310 4 2 10 2 1874 1495 2017 2535
14311 4 2 10 2 2061 2910 2552 3445
14312 4 2 10 2 2706 2814 2466 3342
14313 4 2 10 2 1013 1292 966 2727
14314 4 2 10 2 1534 1977 1610 3671
14315 4 2 10 2 777 1505 602 2563
14316 4 2 10 2 2216 3361 3149 3559
14317 4 2 10 2 2840 3277 2199 3401
14318 4 2 10 2 1059 1058 3113 3270
14319 4 2 10 2 2113 2859 2524 3173
14320 4 2 10 2 2491 2915 2711 3134
14321 4 2 10 2 2635 3114 2838 3498
14322 4 2 10 2 1361 2930 1358 3607
14323 4 2 10 2 2136 2863 2638 3073
14324 4 2 10 2 1008 996 1255 3616
14325 4 2 10 2 2571 3542 2095 3589
14326 4 2 10 2 2769 3350 2961 3725
14327 4 2 10 2 2266 2464 3485 3735
14328 4 2 10 2 2060 2409 3316 3547
14329 4 2 10 2 1022 1020 2634 3257
14330 4 2 10 2 576 1460 1211 2760
14331 4 2 10 2 2654 2727 2241 3093
14332 4 2 10 2 414 345 3528 3666
14333 4 2 10 2 2359 2891 2208 3167
14334 4 2 10 2 1196 1451 1195 2715
14335 4 2 10 2 2042 3296 2750 3354
14336 4 2 10 2 846 1943 744 2730
14337 4 2 10 2 396 397 398 3189
14338 4 2 10 2 2260 2875 2618 3643
14339 4 2 10 2 767 1391 908 2841
14340 4 2 10 2 1574 2509 3124 3265
14341 4 2 10 2 410 547 397 3230
14342 4 2 10 2 2429 2188 3274 3425
14343 4 2 10 2 2478 2816 2197 3007
14344 4 2 10 2 2212 3010 2519 3498
14345 4 2 10 2 1395 3105 1419 3654
14346 4 2 10 2 2169 2691 2662 3563
14347 4 2 10 2 2394 2980 2264 3717
14348 4 2 10 2 1870 1763 2034 3089
14349 4 2 10 2 2175 3083 2583 3598
14350 4 2 10 2 2107 2737 2472 3606
14351 4 2 10 2 331 329 330 2538
14352 4 2 10 2 2157 2398 3061 3320
14353 4 2 10 2 2639 3277 1933 3526
14354 4 2 10 2 471 3304 460 3345
14355 4 2 10 2 1360 2574 2997 3492
14356 4 2 10 2 948 945 2555 3553
14357 4 2 10 2 1616 1618 1892 2773
14358 4 2 10 2 2314 2988 2562 3285
14359 4 2 10 2 2677 2947 1253 3505
14360 4 2 10 2 2248 2703 3269 3509
14361 4 2 10 2 2264 2980 2394 3337
14362 4 2 10 2 2229 2704 2533 3580
14363 4 2 10 2 1872 2783 1485 3677
14364 4 2 10 2 927 928 926 3556
14365 4 2 10 2 2197 2816 2478 3122
14366 4 2 10 2 736 617 613 3291
14367 4 2 10 2 395 2465 556 3230
14368 4 2 10 2 1375 2631 1246 3155
14369 4 2 10 2 2113 2524 3264 3684
14370 4 2 10 2 2704 3359 2533 3621
14371 4 2 10 2 2152 2515 2784 2985
14372 4 2 10 2 1010 2859 1008 3185
14373 4 2 10 2 1648 2576 1649 3329
14374 4 2 10 2 1230 1232 1144 3136
14375 4 2 10 2 1917 2906 2497 3703
14376 4 2 10 2 2046 450 1925 3054
14377 4 2 10 2 2139 2424 2914 3193
14378 4 2 10 2 12 11 237 2980
14379 4 2 10 2 239 14 2741 2863
14380 4 2 10 2 928 2696 1294 3556
14381 4 2 10 2 578 2572 757 3478
14382 4 2 10 2 2402 2977 2972 3117
14383 4 2 10 2 2372 2202 3199 3545
14384 4 2 10 2 1301 944 1340 2764
14385 4 2 10 2 2222 2923 2550 3442
14386 4 2 10 2 2175 2681 3331 3650
14387 4 2 10 2 1949 592 761 2916
14388 4 2 10 2 1407 2418 577 3266
14389 4 2 10 2 931 933 932 3472
14390 4 2 10 2 957 1276 2826 3066
14391 4 2 10 2 2260 2907 2428 3035
14392 4 2 10 2 2668 2858 2235 2999
14393 4 2 10 2 2067 3228 2872 3407
14394 4 2 10 2 928 930 1294 2696
14395 4 2 10 2 1172 3166 2380 3372
14396 4 2 10 2 2383 2265 3068 3354
14397 4 2 10 2 2084 3318 3131 3448
14398 4 2 10 2 2106 2933 2442 3540
14399 4 2 10 2 1205 2807 1200 3525
14400 4 2 10 2 792 777 2563 3151
14401 4 2 10 2 1496 11 2753 3235
14402 4 2 10 2 2248 3424 2827 3484
14403 4 2 10 2 2461 3050 622 3429
14404 4 2 10 2 570 755 2635 3206
14405 4 2 10 2 2093 2788 2409 3665
14406 4 2 10 2 1219 3086 1390 3555
14407 4 2 10 2 1974 2410 3013 3530
14408 4 2 10 2 1379 743 904 2712
14409 4 2 10 2 2508 2833 2196 2909
14410 4 2 10 2 2258 3066 2654 3456
14411 4 2 10 2 1600 2516 1744 3502
14412 4 2 10 2 1756 1980 2977 3697
14413 4 2 10 2 2295 3266 2418 3415
14414 4 2 10 2 2951 3221 2434 3653
14415 4 2 10 2 2390 2219 2989 3528
14416 4 2 10 2 1411 1420 1225 2761
14417 4 2 10 2 2087 2850 2478 3373
14418 4 2 10 2 2059 1999 1505 2563
14419 4 2 10 2 1031 2612 1090 3709
14420 4 2 10 2 2710 3150 2581 3197
14421 4 2 10 2 1600 1599 1635 2723
14422 4 2 10 2 741 852 605 2646
14423 4 2 10 2 2330 3094 2539 3190
14424 4 2 10 2 2628 3652 3412 3744
14425 4 2 10 2 2312 2981 2454 3755
14426 4 2 10 2 1037 1442 1041 2693
14427 4 2 10 2 3021 3053 2397 3726
14428 4 2 10 2 2108 2811 2391 3139
14429 4 2 10 2 1273 2738 2818 2993
14430 4 2 10 2 3035 3292 2183 3449
14431 4 2 10 2 693 2662 689 3731
14432 4 2 10 2 2418 3266 1207 3415
14433 4 2 10 2 739 622 3050 3429
14434 4 2 10 2 2124 2400 2937 3145
14435 4 2 10 2 1445 2417 1263 3388
14436 4 2 10 2 1290 3275 2483 3613
14437 4 2 10 2 2065 2953 3094 3647
14438 4 2 10 2 2708 3097 2530 3497
14439 4 2 10 2 2311 3062 3600 3757
14440 4 2 10 2 2227 3018 2876 3412
14441 4 2 10 2 2148 3117 2929 3531
14442 4 2 10 2 2092 2447 3193 3273
14443 4 2 10 2 1040 1072 1246 3558
14444 4 2 10 2 2419 2754 2067 3238
14445 4 2 10 2 2346 3288 2477 3523
14446 4 2 10 2 1419 550 40 3654
14447 4 2 10 2 3476 3506 2698 3573
14448 4 2 10 2 2987 3045 2301 3383
14449 4 2 10 2 2234 3086 2645 3226
14450 4 2 10 2 2599 3143 2249 3476
14451 4 2 10 2 2229 2424 2883 3509
14452 4 2 10 2 365 367 366 3381
14453 4 2 10 2 251 250 252 2806
14454 4 2 10 2 2265 2383 3159 3354
14455 4 2 10 2 2196 2873 3386 3675
14456 4 2 10 2 3127 3518 2207 3594
14457 4 2 10 2 303 1477 505 3338
14458 4 2 10 2 1834 1546 1550 2956
14459 4 2 10 2 2516 3077 1903 3397
14460 4 2 10 2 1552 1879 2709 3605
14461 4 2 10 2 2710 3475 2856 3559
14462 4 2 10 2 2284 2793 2576 3334
14463 4 2 10 2 1720 1705 1695 3391
14464 4 2 10 2 2207 2834 2382 3081
14465 4 2 10 2 2070 2746 2593 3250
14466 4 2 10 2 820 2824 3090 3396
14467 4 2 10 2 1745 1731 2040 3479
14468 4 2 10 2 1594 1585 1584 3484
14469 4 2 10 2 2513 2143 2964 3306
14470 4 2 10 2 2211 2908 3004 3207
14471 4 2 10 2 1260 1259 3454 3751
14472 4 2 10 2 1465 2490 1206 3575
14473 4 2 10 2 2061 2552 3152 3445
14474 4 2 10 2 2121 2534 2846 3714
14475 4 2 10 2 2308 3711 3135 3724
14476 4 2 10 2 1903 1744 1600 2516
14477 4 2 10 2 1576 1570 1575 3128
14478 4 2 10 2 2348 2673 3122 3294
14479 4 2 10 2 1290 1449 3248 3275
14480 4 2 10 2 2094 3476 2698 3655
14481 4 2 10 2 2784 3380 2589 3623
14482 4 2 10 2 1736 1975 1814 2915
14483 4 2 10 2 2322 2434 3088 3544
14484 4 2 10 2 570 2635 1923 3206
14485 4 2 10 2 1421 895 1466 2598
14486 4 2 10 2 1675 1846 3561 3703
14487 4 2 10 2 2302 3085 2711 3734
14488 4 2 10 2 2638 3073 2732 3218
14489 4 2 10 2 476 477 2892 3287
14490 4 2 10 2 2235 2753 2394 3529
14491 4 2 10 2 1415 3368 2745 3582
14492 4 2 10 2 1576 3128 1586 3192
14493 4 2 10 2 2076 2784 2589 3030
14494 4 2 10 2 2220 3031 2671 3387
14495 4 2 10 2 1202 1290 1205 3525
14496 4 2 10 2 1951 2651 1695 3045
14497 4 2 10 2 1204 1203 2561 3525
14498 4 2 10 2 2881 3140 2226 3691
14499 4 2 10 2 2226 2775 2520 3624
14500 4 2 10 2 1164 1068 1165 2627
14501 4 2 10 2 2267 2732 2638 3073
14502 4 2 10 2 595 882 835 3100
14503 4 2 10 2 2825 3309 2706 3627
14504 4 2 10 2 1333 1178 1413 3674
14505 4 2 10 2 1138 1076 1063 2927
14506 4 2 10 2 2139 2914 2447 3193
14507 4 2 10 2 2197 2478 3007 3466
14508 4 2 10 2 461 463 3046 3437
14509 4 2 10 2 1040 1246 1375 2631
14510 4 2 10 2 619 2925 616 3106
14511 4 2 10 2 2060 2409 3071 3337
14512 4 2 10 2 577 2418 1407 3370
14513 4 2 10 2 1006 1270 3170 3536
14514 4 2 10 2 2055 1853 2730 3075
14515 4 2 10 2 2195 3022 2581 3399
14516 4 2 10 2 494 3474 2687 3527
14517 4 2 10 2 1174 1303 3261 3566
14518 4 2 10 2 2191 2889 2649 3246
14519 4 2 10 2 850 724 842 2712
14520 4 2 10 2 2892 2928 2176 3287
14521 4 2 10 2 2168 3119 2828 3522
14522 4 2 10 2 712 2760 802 2944
14523 4 2 10 2 2316 2985 2607 3044
14524 4 2 10 2 2177 3012 2692 3367
14525 4 2 10 2 2389 3285 2653 3521
14526 4 2 10 2 1918 1753 1727 2673
14527 4 2 10 2 1648 1647 1649 2576
14528 4 2 10 2 3159 3349 2714 3494
14529 4 2 10 2 2280 3050 2535 3417
14530 4 2 10 2 2450 3032 2211 3291
14531 4 2 10 2 2107 3438 2573 3626
14532 4 2 10 2 1336 1163 1164 3532
14533 4 2 10 2 2317 2485 2746 3048
14534 4 2 10 2 2625 3468 3047 3634
14535 4 2 10 2 3076 3254 2566 3598
14536 4 2 10 2 1638 3079 2446 3638
14537 4 2 10 2 1735 2692 1710 3012
14538 4 2 10 2 2178 2864 2675 3164
14539 4 2 10 2 2231 3181 2790 3650
14540 4 2 10 2 24 25 1762 2877
14541 4 2 10 2 2264 2741 2980 3458
14542 4 2 10 2 2627 2815 2241 3755
14543 4 2 10 2 2592 2911 2390 3528
14544 4 2 10 2 2111 2697 3157 3359
14545 4 2 10 2 503 3095 2974 3505
14546 4 2 10 2 390 3475 2710 3559
14547 4 2 10 2 1180 1472 2767 3635
14548 4 2 10 2 414 3338 2974 3666
14549 4 2 10 2 2907 3452 2457 3643
14550 4 2 10 2 1612 2882 1611 3435
14551 4 2 10 2 1667 2583 1659 3619
14552 4 2 10 2 1884 1840 1652 2812
14553 4 2 10 2 2521 2990 2589 3463
14554 4 2 10 2 2067 3036 2554 3407
14555 4 2 10 2 2213 2921 2614 3398
14556 4 2 10 2 1903 3077 2516 3638
14557 4 2 10 2 1439 3069 289 3070
14558 4 2 10 2 972 1026 1025 2860
14559 4 2 10 2 2420 3424 1837 3435
14560 4 2 10 2 2071 2463 2772 3299
14561 4 2 10 2 2158 3138 2956 3157
14562 4 2 10 2 832 882 595 2691
14563 4 2 10 2 2181 3296 2721 3354
14564 4 2 10 2 1835 1919 1718 3397
14565 4 2 10 2 612 613 614 3178
14566 4 2 10 2 2504 3174 1580 3641
14567 4 2 10 2 1917 1898 1705 3391
14568 4 2 10 2 2762 2239 3180 3742
14569 4 2 10 2 1180 2767 2958 3635
14570 4 2 10 2 2179 3615 2884 3632
14571 4 2 10 2 29 2559 28 3680
14572 4 2 10 2 2186 2952 2658 3584
14573 4 2 10 2 948 2555 3450 3553
14574 4 2 10 2 2286 3489 3420 3657
14575 4 2 10 2 512 1393 885 2870
14576 4 2 10 2 2164 2629 3177 3390
14577 4 2 10 2 556 3230 2465 3242
14578 4 2 10 2 864 702 862 2841
14579 4 2 10 2 2664 2801 2112 3658
14580 4 2 10 2 2320 3047 2696 3725
14581 4 2 10 2 1925 2641 1924 3054
14582 4 2 10 2 1120 970 1269 2607
14583 4 2 10 2 2096 2425 3011 3102
14584 4 2 10 2 2177 2692 2792 3367
14585 4 2 10 2 2482 3399 1017 3461
14586 4 2 10 2 1354 1157 1012 2749
14587 4 2 10 2 1693 2560 3045 3391
14588 4 2 10 2 330 2538 329 3664
14589 4 2 10 2 1869 1559 1561 2704
14590 4 2 10 2 26 263 265 2689
14591 4 2 10 2 1199 2551 1447 3551
14592 4 2 10 2 361 359 2685 3204
14593 4 2 10 2 342 2686 470 3312
14594 4 2 10 2 459 97 1492 1956
14595 4 2 10 2 603 1427 877 2531
14596 4 2 10 2 1232 1104 1248 3136
14597 4 2 10 2 1216 912 1468 3196
14598 4 2 10 2 2280 3027 2414 3656
14599 4 2 10 2 2522 2888 2148 3108
14600 4 2 10 2 2529 2291 2974 3666
14601 4 2 10 2 2040 1731 1987 2610
14602 4 2 10 2 2754 2801 2297 3658
14603 4 2 10 2 470 379 504 2536
14604 4 2 10 2 462 1392 564 3042
14605 4 2 10 2 1300 1138 1336 2984
14606 4 2 10 2 1419 3105 550 3654
14607 4 2 10 2 2977 3620 2243 3697
14608 4 2 10 2 2254 2531 3249 3454
14609 4 2 10 2 2114 2961 3350 3725
14610 4 2 10 2 3131 3318 2323 3448
14611 4 2 10 2 2265 3223 2975 3330
14612 4 2 10 2 1936 2733 1754 3277
14613 4 2 10 2 1040 3219 1072 3558
14614 4 2 10 2 327 3111 2458 3664
14615 4 2 10 2 2133 2882 2420 2942
14616 4 2 10 2 2384 2202 2874 3506
14617 4 2 10 2 2238 2419 2754 3366
14618 4 2 10 2 16 1481 1749 2923
14619 4 2 10 2 1930 1574 1569 3124
14620 4 2 10 2 1110 1169 1109 3317
14621 4 2 10 2 1853 1852 2027 3016
14622 4 2 10 2 2605 3216 2319 3573
14623 4 2 10 2 1991 1854 1512 2742
14624 4 2 10 2 2397 2140 2946 3130
14625 4 2 10 2 1500 3043 1787 3564
14626 4 2 10 2 2647 3188 2403 3470
14627 4 2 10 2 2088 2400 2929 3531
14628 4 2 10 2 2024 1871 1870 3089
14629 4 2 10 2 2382 2207 3081 3692
14630 4 2 10 2 1706 3246 2649 3693
14631 4 2 10 2 1781 1783 1782 2652
14632 4 2 10 2 592 191 1517 1949
14633 4 2 10 2 987 3508 986 3661
14634 4 2 10 2 1053 2950 1282 3471
14635 4 2 10 2 2476 2188 2668 3428
14636 4 2 10 2 1014 2859 1010 3040
14637 4 2 10 2 329 2538 3111 3664
14638 4 2 10 2 2434 3418 2682 3646
14639 4 2 10 2 1128 2936 1323 3742
14640 4 2 10 2 839 140 738 3028
14641 4 2 10 2 2203 2770 3030 3493
14642 4 2 10 2 2244 3288 2595 3492
14643 4 2 10 2 710 594 2761 2966
14644 4 2 10 2 2275 3336 2690 3633
14645 4 2 10 2 1280 3148 2625 3634
14646 4 2 10 2 2816 3007 2478 3236
14647 4 2 10 2 2590 3003 2214 3588
14648 4 2 10 2 1096 1238 1217 3308
14649 4 2 10 2 2117 2463 3211 3550
14650 4 2 10 2 2060 3316 2409 3337
14651 4 2 10 2 276 2598 529 3361
14652 4 2 10 2 2635 3498 755 3565
14653 4 2 10 2 2615 2361 3350 3608
14654 4 2 10 2 776 2920 775 3576
14655 4 2 10 2 2318 3189 2864 3723
14656 4 2 10 2 457 460 2526 3345
14657 4 2 10 2 1759 2972 1607 2977
14658 4 2 10 2 2167 3470 3433 3746
14659 4 2 10 2 2326 3004 2908 3207
14660 4 2 10 2 2102 2736 2499 3552
14661 4 2 10 2 1799 1610 3442 3496
14662 4 2 10 2 1313 2624 1330 3676
14663 4 2 10 2 2193 2797 2479 3510
14664 4 2 10 2 1140 2644 1219 3555
14665 4 2 10 2 1251 2871 1036 3483
14666 4 2 10 2 767 765 1391 2841
14667 4 2 10 2 2227 2831 2661 3744
14668 4 2 10 2 2144 2636 2793 3760
14669 4 2 10 2 862 2841 771 3749
14670 4 2 10 2 2407 2786 2131 3688
14671 4 2 10 2 427 533 283 3197
14672 4 2 10 2 1361 1358 1291 3607
14673 4 2 10 2 2138 3254 3076 3598
14674 4 2 10 2 1964 2648 1952 2998
14675 4 2 10 2 1560 1566 1561 2623
14676 4 2 10 2 434 288 502 3184
14677 4 2 10 2 1371 1401 1464 2558
14678 4 2 10 2 1437 1332 1387 3654
14679 4 2 10 2 1195 1116 1117 2715
14680 4 2 10 2 1130 3471 1348 3544
14681 4 2 10 2 1383 2870 2879 3575
14682 4 2 10 2 2087 3007 2478 3466
14683 4 2 10 2 405 317 2653 3285
14684 4 2 10 2 2829 2859 2262 3185
14685 4 2 10 2 1577 1549 2983 3138
14686 4 2 10 2 2988 3038 2233 3548
14687 4 2 10 2 1628 2498 3080 3430
14688 4 2 10 2 2651 2802 2209 3530
14689 4 2 10 2 2435 3015 1986 3465
14690 4 2 10 2 702 862 2841 3106
14691 4 2 10 2 262 2721 260 3276
14692 4 2 10 2 1501 2721 2028 3750
14693 4 2 10 2 1641 2670 1642 3722
14694 4 2 10 2 1963 2940 1583 2960
14695 4 2 10 2 2087 2413 3156 3191
14696 4 2 10 2 691 747 2604 3414
14697 4 2 10 2 1458 3098 902 3368
14698 4 2 10 2 1332 1395 1387 3654
14699 4 2 10 2 2113 2962 3264 3272
14700 4 2 10 2 1744 3502 2516 3600
14701 4 2 10 2 2202 3506 3216 3573
14702 4 2 10 2 1366 1134 2665 3374
14703 4 2 10 2 1726 2970 1634 3640
14704 4 2 10 2 1772 3013 2694 3162
14705 4 2 10 2 1919 1745 1914 3479
14706 4 2 10 2 243 3385 2667 3700
14707 4 2 10 2 470 2752 488 3312
14708 4 2 10 2 1326 2991 1129 3278
14709 4 2 10 2 1812 2042 2750 3354
14710 4 2 10 2 2566 3076 2138 3254
14711 4 2 10 2 2583 3076 2345 3331
14712 4 2 10 2 2527 3542 2812 3589
14713 4 2 10 2 2189 3247 2798 3603
14714 4 2 10 2 2061 3194 2725 3753
14715 4 2 10 2 2113 2540 2962 3272
14716 4 2 10 2 2227 2554 2831 3744
14717 4 2 10 2 577 2418 815 3266
14718 4 2 10 2 2083 2695 2905 3280
14719 4 2 10 2 1551 2924 1838 3602
14720 4 2 10 2 1939 2783 1872 3486
14721 4 2 10 2 2554 3228 2889 3652
14722 4 2 10 2 701 700 699 3396
14723 4 2 10 2 748 2604 747 3133
14724 4 2 10 2 2073 3359 2596 3612
14725 4 2 10 2 2497 2899 2130 3043
14726 4 2 10 2 2102 3099 2387 3362
14727 4 2 10 2 2459 3511 2366 3747
14728 4 2 10 2 2510 2793 2068 2962
14729 4 2 10 2 623 2842 624 3050
14730 4 2 10 2 1820 2848 1908 3651
14731 4 2 10 2 1219 1140 1333 2644
14732 4 2 10 2 2112 2801 2754 3658
14733 4 2 10 2 1369 2380 3311 3582
14734 4 2 10 2 2532 2242 2810 3169
14735 4 2 10 2 2117 2463 2772 3211
14736 4 2 10 2 2079 2837 2570 3583
14737 4 2 10 2 473 276 529 3361
14738 4 2 10 2 2163 3045 2987 3383
14739 4 2 10 2 1643 1642 2722 3722
14740 4 2 10 2 2884 3615 2954 3632
14741 4 2 10 2 1965 1995 288 3184
14742 4 2 10 2 957 1045 1276 3066
14743 4 2 10 2 2487 2769 2240 2894
14744 4 2 10 2 2233 2988 2399 3389
14745 4 2 10 2 2395 2913 2685 3473
14746 4 2 10 2 2179 2902 2398 3320
14747 4 2 10 2 2517 3118 1198 3460
14748 4 2 10 2 2043 1791 3034 3401
14749 4 2 10 2 1573 1566 1560 2623
14750 4 2 10 2 2299 2903 2452 3026
14751 4 2 10 2 2411 2113 2829 3264
14752 4 2 10 2 2094 2698 3476 3506
14753 4 2 10 2 2726 3196 2149 3214
14754 4 2 10 2 259 252 2917 3696
14755 4 2 10 2 2842 3091 2461 3427
14756 4 2 10 2 725 740 857 3132
14757 4 2 10 2 567 810 851 2708
14758 4 2 10 2 1735 1514 1710 2692
14759 4 2 10 2 2550 2923 1970 3442
14760 4 2 10 2 2196 2833 2508 3754
14761 4 2 10 2 1186 1185 1111 2830
14762 4 2 10 2 2528 2061 3247 3267
14763 4 2 10 2 2097 2611 3091 3376
14764 4 2 10 2 427 3197 2710 3295
14765 4 2 10 2 1421 2598 1466 3673
14766 4 2 10 2 2677 3203 2500 3317
14767 4 2 10 2 2004 305 1896 3677
14768 4 2 10 2 1447 1050 2551 3520
14769 4 2 10 2 1647 1946 1832 3422
14770 4 2 10 2 646 648 755 3498
14771 4 2 10 2 787 570 755 2635
14772 4 2 10 2 2579 3436 2170 3463
14773 4 2 10 2 2131 2867 2826 3553
14774 4 2 10 2 350 2851 426 3504
14775 4 2 10 2 2155 2544 2926 3547
14776 4 2 10 2 2397 2946 2140 3021
14777 4 2 10 2 2550 3442 2367 3608
14778 4 2 10 2 739 692 622 3429
14779 4 2 10 2 1586 3128 2672 3192
14780 4 2 10 2 1955 2635 1923 3565
14781 4 2 10 2 2073 3269 2515 3359
14782 4 2 10 2 2260 3452 2907 3643
14783 4 2 10 2 2766 2805 2243 3533
14784 4 2 10 2 696 695 2717 3563
14785 4 2 10 2 2572 3478 2030 3615
14786 4 2 10 2 1226 1225 2831 3613
14787 4 2 10 2 2436 3151 2803 3301
14788 4 2 10 2 2162 2776 2692 3700
14789 4 2 10 2 1067 1066 1065 2543
14790 4 2 10 2 732 638 751 3137
14791 4 2 10 2 2062 3143 2976 3239
14792 4 2 10 2 2479 3132 725 3300
14793 4 2 10 2 1590 3084 2684 3734
14794 4 2 10 2 1331 1028 1080 3000
14795 4 2 10 2 466 561 546 3144
14796 4 2 10 2 2597 3644 2307 3648
14797 4 2 10 2 652 653 2941 3325
14798 4 2 10 2 2119 2900 2569 2919
14799 4 2 10 2 1431 3275 1290 3613
14800 4 2 10 2 313 315 317 2653
14801 4 2 10 2 34 33 261 3389
14802 4 2 10 2 1742 2694 1772 3013
14803 4 2 10 2 2123 2694 3013 3162
14804 4 2 10 2 1932 2640 1931 3737
14805 4 2 10 2 1573 1560 1866 3231
14806 4 2 10 2 2922 3060 938 3335
14807 4 2 10 2 2472 3606 2737 3714
14808 4 2 10 2 2483 3525 1290 3613
14809 4 2 10 2 2071 2772 2650 3299
14810 4 2 10 2 1185 1111 2830 3705
14811 4 2 10 2 1571 1834 1558 3621
14812 4 2 10 2 1905 2619 1633 3420
14813 4 2 10 2 595 2691 882 3100
14814 4 2 10 2 1298 1007 1279 3173
14815 4 2 10 2 2489 3518 1942 3594
14816 4 2 10 2 452 2802 379 3224
14817 4 2 10 2 2868 817 3370 3434
14818 4 2 10 2 2658 2952 2228 3402
14819 4 2 10 2 1192 1392 907 3042
14820 4 2 10 2 1829 1626 3339 3430
14821 4 2 10 2 1380 1223 1143 2678
14822 4 2 10 2 1611 1816 1849 2882
14823 4 2 10 2 2120 3323 2716 3623
14824 4 2 10 2 2864 3164 2178 3189
14825 4 2 10 2 2239 3371 2936 3634
14826 4 2 10 2 2187 2474 3165 3652
14827 4 2 10 2 607 2824 730 3098
14828 4 2 10 2 964 1023 961 3736
14829 4 2 10 2 2169 2816 3209 3236
14830 4 2 10 2 386 476 2648 3287
14831 4 2 10 2 2436 2266 2996 3485
14832 4 2 10 2 2804 2996 2081 3539
14833 4 2 10 2 1160 3425 2584 3728
14834 4 2 10 2 3341 3546 2512 3752
14835 4 2 10 2 890 519 1444 3069
14836 4 2 10 2 1599 2723 1600 3502
14837 4 2 10 2 1666 1860 1662 2748
14838 4 2 10 2 1990 1803 1486 3032
14839 4 2 10 2 515 516 279 2517
14840 4 2 10 2 726 3010 2610 3498
14841 4 2 10 2 2452 2104 2775 3545
14842 4 2 10 2 1619 1621 1868 3216
14843 4 2 10 2 2069 3331 2587 3356
14844 4 2 10 2 850 724 2712 3300
14845 4 2 10 2 2658 2228 3103 3402
14846 4 2 10 2 2029 1813 2028 3296
14847 4 2 10 2 2169 3007 2816 3236
14848 4 2 10 2 2168 2485 2746 3240
14849 4 2 10 2 762 594 796 2357
14850 4 2 10 2 1320 1295 2758 3348
14851 4 2 10 2 1215 2738 896 3581
14852 4 2 10 2 662 665 668 2729
14853 4 2 10 2 2803 3499 2151 3560
14854 4 2 10 2 731 753 3353 3690
14855 4 2 10 2 1627 3080 2423 3663
14856 4 2 10 2 2171 2569 2647 3679
14857 4 2 10 2 1395 2955 1220 3105
14858 4 2 10 2 1081 1075 1026 2860
14859 4 2 10 2 2230 3376 2539 3647
14860 4 2 10 2 2066 2798 2776 3367
14861 4 2 10 2 2653 2355 3437 3521
14862 4 2 10 2 2169 2455 2717 3563
14863 4 2 10 2 2656 3062 2074 3188
14864 4 2 10 2 1140 1302 1333 2644
14865 4 2 10 2 1592 1547 1552 3489
14866 4 2 10 2 926 944 1301 3556
14867 4 2 10 2 1942 2489 443 3737
14868 4 2 10 2 2169 2455 2816 3007
14869 4 2 10 2 2115 2808 2549 3536
14870 4 2 10 2 2235 2409 3337 3458
14871 4 2 10 2 1233 457 2526 3345
14872 4 2 10 2 620 768 2925 3429
14873 4 2 10 2 2732 2923 2222 3496
14874 4 2 10 2 2639 2905 2122 3400
14875 4 2 10 2 2320 3562 3047 3725
14876 4 2 10 2 269 554 511 2891
14877 4 2 10 2 2226 2520 3230 3624
14878 4 2 10 2 2363 3546 3310 3552
14879 4 2 10 2 27 3389 2689 3524
14880 4 2 10 2 2665 3110 2180 3166
14881 4 2 10 2 2197 2478 3466 3618
14882 4 2 10 2 2330 3094 2953 3647
14883 4 2 10 2 1243 2747 2712 3738
14884 4 2 10 2 498 511 538 3681
14885 4 2 10 2 2101 2582 2800 3020
14886 4 2 10 2 481 274 912 2659
14887 4 2 10 2 2206 3232 2571 3684
14888 4 2 10 2 2562 3548 1403 3687
14889 4 2 10 2 2228 2952 2658 3227
14890 4 2 10 2 1938 1734 3075 3486
14891 4 2 10 2 2282 3161 2481 3243
14892 4 2 10 2 2087 2478 3007 3236
14893 4 2 10 2 1320 1295 1118 2758
14894 4 2 10 2 2515 2703 2152 3009
14895 4 2 10 2 2023 2752 2019 3162
14896 4 2 10 2 1723 1706 1685 2514
14897 4 2 10 2 2520 2178 3164 3189
14898 4 2 10 2 2417 2865 2288 3305
14899 4 2 10 2 1067 2543 1065 3566
14900 4 2 10 2 1633 2619 3394 3420
14901 4 2 10 2 2190 2530 3156 3497
14902 4 2 10 2 2379 2637 3340 3751
14903 4 2 10 2 2057 1766 3296 3732
14904 4 2 10 2 2188 3067 2429 3440
14905 4 2 10 2 1729 1730 3082 3386
14906 4 2 10 2 2182 2432 2764 3096
14907 4 2 10 2 2610 3498 2212 3565
14908 4 2 10 2 2577 3112 2728 3630
14909 4 2 10 2 309 3038 2988 3548
14910 4 2 10 2 2234 2949 2662 3226
14911 4 2 10 2 1300 1388 1380 2984
14912 4 2 10 2 1175 1092 2958 3633
14913 4 2 10 2 1259 3522 2379 3751
14914 4 2 10 2 2454 2183 3292 3449
14915 4 2 10 2 1949 761 1495 2916
14916 4 2 10 2 1174 1082 1303 3566
14917 4 2 10 2 2337 2955 2849 3726
14918 4 2 10 2 2849 2955 2208 3726
14919 4 2 10 2 2143 2815 2480 2984
14920 4 2 10 2 380 2609 381 3179
14921 4 2 10 2 2294 2692 3012 3367
14922 4 2 10 2 925 973 923 2991
14923 4 2 10 2 459 439 294 2834
14924 4 2 10 2 1470 1198 3118 3460
14925 4 2 10 2 1690 3587 2750 3678
14926 4 2 10 2 2264 3071 2741 3458
14927 4 2 10 2 2080 2858 2668 2999
14928 4 2 10 2 2311 3062 2377 3195
14929 4 2 10 2 2470 2895 2254 2964
14930 4 2 10 2 2431 2224 3378 3752
14931 4 2 10 2 2493 2226 3140 3691
14932 4 2 10 2 1564 2533 1572 3621
14933 4 2 10 2 1014 1010 1331 3040
14934 4 2 10 2 2597 2950 3471 3584
14935 4 2 10 2 738 737 3028 3058
14936 4 2 10 2 1813 2721 2028 3296
14937 4 2 10 2 29 28 870 3680
14938 4 2 10 2 2117 2751 2701 3574
14939 4 2 10 2 2368 3018 2876 3219
14940 4 2 10 2 2539 2185 3094 3376
14941 4 2 10 2 2150 3025 2555 3583
14942 4 2 10 2 257 235 24 2437
14943 4 2 10 2 312 443 490 2489
14944 4 2 10 2 2207 3201 2834 3594
14945 4 2 10 2 498 538 2783 3681
14946 4 2 10 2 2442 2886 2210 3459
14947 4 2 10 2 1737 1923 2635 3206
14948 4 2 10 2 2462 2757 2163 3383
14949 4 2 10 2 2377 3062 2311 3757
14950 4 2 10 2 1141 2852 1237 3513
14951 4 2 10 2 2761 2966 2223 3557
14952 4 2 10 2 787 2635 755 3565
14953 4 2 10 2 2558 2789 2275 3091
14954 4 2 10 2 1064 3113 1142 3515
14955 4 2 10 2 3027 3268 2414 3754
14956 4 2 10 2 2989 3033 2390 3182
14957 4 2 10 2 1878 1857 1660 3074
14958 4 2 10 2 498 2783 308 3681
14959 4 2 10 2 2740 2824 2190 3261
14960 4 2 10 2 1723 3246 2514 3615
14961 4 2 10 2 2230 2508 3376 3647
14962 4 2 10 2 2377 2311 3195 3757
14963 4 2 10 2 777 1505 2563 3576
14964 4 2 10 2 1719 1713 2796 3315
14965 4 2 10 2 2171 2709 2509 3605
14966 4 2 10 2 615 2797 617 3300
14967 4 2 10 2 1348 3471 2845 3544
14968 4 2 10 2 2388 2089 3021 3573
14969 4 2 10 2 2222 3442 2550 3608
14970 4 2 10 2 390 394 2710 3475
14971 4 2 10 2 2219 2911 2592 3528
14972 4 2 10 2 1016 3205 1299 3421
14973 4 2 10 2 2087 2478 3236 3373
14974 4 2 10 2 2732 2917 2267 3649
14975 4 2 10 2 833 2691 595 3100
14976 4 2 10 2 1615 1934 1844 3277
14977 4 2 10 2 1729 3082 2734 3386
14978 4 2 10 2 2080 2999 2668 3274
14979 4 2 10 2 1844 1933 2639 3277
14980 4 2 10 2 2179 2398 2902 3632
14981 4 2 10 2 96 294 446 1956
14982 4 2 10 2 2822 3426 2384 3602
14983 4 2 10 2 1417 1149 1310 2675
14984 4 2 10 2 1916 1909 1689 3129
14985 4 2 10 2 901 298 536 2864
14986 4 2 10 2 2223 2554 3036 3407
14987 4 2 10 2 1348 1286 943 2845
14988 4 2 10 2 2067 2754 2548 3238
14989 4 2 10 2 927 924 1323 3047
14990 4 2 10 2 2154 2511 3411 3669
14991 4 2 10 2 2150 2434 3088 3646
14992 4 2 10 2 2120 2482 2945 3493
14993 4 2 10 2 978 980 2808 3741
14994 4 2 10 2 1706 2514 1723 3246
14995 4 2 10 2 1610 3442 2600 3671
14996 4 2 10 2 2379 2105 3340 3446
14997 4 2 10 2 2084 2466 2814 3711
14998 4 2 10 2 2440 3426 2822 3602
14999 4 2 10 2 427 283 532 3150
15000 4 2 10 2 2631 2230 3219 3558
15001 4 2 10 2 2577 3112 2967 3542
15002 4 2 10 2 2220 3033 2989 3182
15003 4 2 10 2 2936 3371 2358 3634
15004 4 2 10 2 2535 3417 1875 3656
15005 4 2 10 2 1834 1571 1849 2942
15006 4 2 10 2 1198 1463 1406 2517
15007 4 2 10 2 2415 2993 2210 3168
15008 4 2 10 2 1961 3315 3003 3588
15009 4 2 10 2 2166 2466 2814 3448
15010 4 2 10 2 2441 3438 2171 3617
15011 4 2 10 2 2284 2576 2793 3422
15012 4 2 10 2 1600 1903 2516 3638
15013 4 2 10 2 2121 2992 2518 3487
15014 4 2 10 2 2294 2776 2692 3367
15015 4 2 10 2 618 620 768 2925
15016 4 2 10 2 2653 2814 2355 3521
15017 4 2 10 2 1879 3124 2509 3605
15018 4 2 10 2 1879 1929 1644 3657
15019 4 2 10 2 537 398 400 3189
15020 4 2 10 2 1981 2651 1951 3530
15021 4 2 10 2 2138 2744 2909 3254
15022 4 2 10 2 1824 1891 1823 2585
15023 4 2 10 2 2543 3039 2375 3566
15024 4 2 10 2 921 2762 920 3742
15025 4 2 10 2 2469 2175 3331 3598
15026 4 2 10 2 2259 2894 2501 3411
15027 4 2 10 2 2078 2521 2719 3710
15028 4 2 10 2 2277 3202 2739 3340
15029 4 2 10 2 818 3051 784 3413
15030 4 2 10 2 2121 2537 2992 3487
15031 4 2 10 2 1633 3394 1836 3420
15032 4 2 10 2 2139 2914 2424 3120
15033 4 2 10 2 2510 2779 2547 3719
15034 4 2 10 2 2675 3393 2318 3723
15035 4 2 10 2 2077 3119 2737 3714
15036 4 2 10 2 2446 2846 2212 3622
15037 4 2 10 2 2269 3209 2478 3236
15038 4 2 10 2 2380 3166 2180 3373
15039 4 2 10 2 1100 2700 1101 3358
15040 4 2 10 2 2989 3258 2358 3387
15041 4 2 10 2 1171 3317 1110 3614
15042 4 2 10 2 1157 1245 1255 3616
15043 4 2 10 2 2639 2905 2348 3526
15044 4 2 10 2 1931 1739 3024 3068
15045 4 2 10 2 2534 2739 2603 3340
15046 4 2 10 2 984 2541 985 3661
15047 4 2 10 2 2036 1973 1839 3005
15048 4 2 10 2 2310 3333 2669 3692
15049 4 2 10 2 2611 3094 2185 3376
15050 4 2 10 2 3156 3497 2413 3740
15051 4 2 10 2 869 2660 867 3524
15052 4 2 10 2 1321 1197 1320 3348
15053 4 2 10 2 251 2806 252 3696
15054 4 2 10 2 1836 3394 3080 3420
15055 4 2 10 2 137 136 609 3405
15056 4 2 10 2 1439 519 289 3069
15057 4 2 10 2 1322 2625 1280 3148
15058 4 2 10 2 2717 2530 3554 3572
15059 4 2 10 2 255 2699 3668 3756
15060 4 2 10 2 2243 2402 2977 3697
15061 4 2 10 2 2550 3260 2882 3435
15062 4 2 10 2 2253 2913 2395 3577
15063 4 2 10 2 2088 2395 2913 3577
15064 4 2 10 2 2662 2691 2234 3731
15065 4 2 10 2 325 2458 327 3535
15066 4 2 10 2 1254 2700 1100 3543
15067 4 2 10 2 2351 3183 2838 3206
15068 4 2 10 2 25 24 235 2437
15069 4 2 10 2 1057 1274 1282 2658
15070 4 2 10 2 2181 2344 3678 3694
15071 4 2 10 2 311 2640 310 3737
15072 4 2 10 2 782 668 783 3049
15073 4 2 10 2 2272 3157 2697 3359
15074 4 2 10 2 1929 2509 3265 3657
15075 4 2 10 2 2117 3550 2751 3574
15076 4 2 10 2 1188 1112 1187 2683
15077 4 2 10 2 2461 3106 2925 3427
15078 4 2 10 2 1975 1736 1893 2915
15079 4 2 10 2 2194 2879 2870 3575
15080 4 2 10 2 2459 3221 2951 3653
15081 4 2 10 2 2089 2946 2397 3021
15082 4 2 10 2 2255 3156 2413 3740
15083 4 2 10 2 2100 2476 2779 3698
15084 4 2 10 2 345 414 3095 3666
15085 4 2 10 2 2113 2962 2540 3440
15086 4 2 10 2 1777 2049 1941 2506
15087 4 2 10 2 465 291 426 3005
15088 4 2 10 2 2092 2475 3031 3604
15089 4 2 10 2 649 647 806 3408
15090 4 2 10 2 386 2609 378 3287
15091 4 2 10 2 1768 1707 1706 2649
15092 4 2 10 2 778 3125 760 3452
15093 4 2 10 2 1705 3391 1720 3488
15094 4 2 10 2 2220 2851 3033 3182
15095 4 2 10 2 2106 3351 2488 3459
15096 4 2 10 2 2488 3351 2296 3459
15097 4 2 10 2 2144 2510 2793 3719
15098 4 2 10 2 2756 2941 2215 3609
15099 4 2 10 2 837 744 841 2730
15100 4 2 10 2 2203 2522 2929 3477
15101 4 2 10 2 1187 1112 1185 3705
15102 4 2 10 2 1265 1086 1061 3298
15103 4 2 10 2 258 254 2699 3717
15104 4 2 10 2 1648 2576 3329 3689
15105 4 2 10 2 1725 1634 1726 2970
15106 4 2 10 2 309 2988 433 3548
15107 4 2 10 2 40 509 41 3654
15108 4 2 10 2 1771 2722 1770 3636
15109 4 2 10 2 1193 1102 1371 2789
15110 4 2 10 2 801 2761 2760 3557
15111 4 2 10 2 2084 2814 2466 3448
15112 4 2 10 2 2099 2554 2889 3652
15113 4 2 10 2 552 3285 2389 3687
15114 4 2 10 2 2282 3243 2481 3686
15115 4 2 10 2 2249 2819 2599 3702
15116 4 2 10 2 1027 1280 1322 2625
15117 4 2 10 2 241 10 1 2629
15118 4 2 10 2 3065 3160 2133 3579
15119 4 2 10 2 2102 3310 3395 3552
15120 4 2 10 2 2638 2242 3073 3218
15121 4 2 10 2 2241 3297 2727 3532
15122 4 2 10 2 1409 911 819 2868
15123 4 2 10 2 2365 2857 2622 3362
15124 4 2 10 2 1764 2020 1789 3353
15125 4 2 10 2 1492 2834 2031 3672
15126 4 2 10 2 1123 1121 1124 2671
15127 4 2 10 2 2924 3426 2440 3602
15128 4 2 10 2 1233 2526 1235 3345
15129 4 2 10 2 2432 2115 3501 3536
15130 4 2 10 2 1901 3024 2489 3737
15131 4 2 10 2 1226 3480 1228 3613
15132 4 2 10 2 2454 2981 2312 3008
15133 4 2 10 2 308 498 538 2783
15134 4 2 10 2 2549 3501 2115 3536
15135 4 2 10 2 469 494 2687 3527
15136 4 2 10 2 2662 3563 693 3745
15137 4 2 10 2 2596 3380 2985 3574
15138 4 2 10 2 2773 2874 2202 3514
15139 4 2 10 2 2207 3518 2735 3594
15140 4 2 10 2 339 407 2433 3447
15141 4 2 10 2 3216 3506 2319 3573
15142 4 2 10 2 1251 1036 1250 3483
15143 4 2 10 2 2112 2754 2548 3658
15144 4 2 10 2 492 2021 272 3588
15145 4 2 10 2 3156 3191 2413 3497
15146 4 2 10 2 2212 2895 2519 3010
15147 4 2 10 2 2640 3024 1931 3737
15148 4 2 10 2 2020 754 1789 3353
15149 4 2 10 2 603 2531 877 3249
15150 4 2 10 2 1826 1823 1891 2585
15151 4 2 10 2 890 3069 1402 3118
15152 4 2 10 2 2096 3011 2792 3102
15153 4 2 10 2 2240 2764 2511 3704
15154 4 2 10 2 496 3245 428 3588
15155 4 2 10 2 1765 1986 1972 3015
15156 4 2 10 2 2279 2968 2565 3631
15157 4 2 10 2 2210 2803 2442 3168
15158 4 2 10 2 1757 3081 2834 3594
15159 4 2 10 2 2864 3189 2178 3295
15160 4 2 10 2 2390 2989 3182 3528
15161 4 2 10 2 1742 2694 3013 3017
15162 4 2 10 2 2776 2798 2162 3367
15163 4 2 10 2 310 1932 93 295
15164 4 2 10 2 947 1291 940 2854
15165 4 2 10 2 2068 2567 2932 3232
15166 4 2 10 2 2424 2883 2556 3590
15167 4 2 10 2 1885 1723 1685 2514
15168 4 2 10 2 2215 2470 3306 3622
15169 4 2 10 2 2504 3029 2148 3108
15170 4 2 10 2 2750 3181 2231 3694
15171 4 2 10 2 2159 3115 2786 3688
15172 4 2 10 2 813 3266 3585 3708
15173 4 2 10 2 2708 3090 2359 3126
15174 4 2 10 2 2182 2764 2432 3170
15175 4 2 10 2 2559 2714 2181 3349
15176 4 2 10 2 2590 2890 2214 3003
15177 4 2 10 2 1258 1260 1259 3454
15178 4 2 10 2 1659 2583 1658 3215
15179 4 2 10 2 988 990 2821 3508
15180 4 2 10 2 1482 2054 18 2794
15181 4 2 10 2 2203 2770 3205 3421
15182 4 2 10 2 1312 3000 1078 3683
15183 4 2 10 2 1570 1858 1579 3313
15184 4 2 10 2 2326 3083 2586 3386
15185 4 2 10 2 1586 1881 2672 3128
15186 4 2 10 2 1615 1613 2840 3084
15187 4 2 10 2 1276 1334 946 2867
15188 4 2 10 2 2188 2429 3274 3440
15189 4 2 10 2 1573 1566 2623 3641
15190 4 2 10 2 2344 2091 3181 3694
15191 4 2 10 2 2203 2522 3477 3493
15192 4 2 10 2 1749 1796 1950 2810
15193 4 2 10 2 270 447 1511 2881
15194 4 2 10 2 1142 3113 2955 3515
15195 4 2 10 2 2277 2449 2896 3220
15196 4 2 10 2 1586 1602 1601 3192
15197 4 2 10 2 916 2974 2529 3713
15198 4 2 10 2 3143 3476 2599 3655
15199 4 2 10 2 756 732 750 3478
15200 4 2 10 2 1576 1586 1589 3192
15201 4 2 10 2 1922 1924 1925 2641
15202 4 2 10 2 923 920 921 2762
15203 4 2 10 2 3003 3315 2214 3588
15204 4 2 10 2 2662 3414 2256 3745
15205 4 2 10 2 2493 543 3130 3677
15206 4 2 10 2 1964 476 1527 2648
15207 4 2 10 2 1089 1090 2612 3709
15208 4 2 10 2 2619 2165 3394 3420
15209 4 2 10 2 1819 1931 1739 3024
15210 4 2 10 2 668 3049 782 3507
15211 4 2 10 2 2245 3323 2521 3623
15212 4 2 10 2 2454 2981 3008 3746
15213 4 2 10 2 2148 3029 2402 3531
15214 4 2 10 2 1826 1891 1833 3023
15215 4 2 10 2 979 3570 2808 3729
15216 4 2 10 2 2208 3053 3021 3726
15217 4 2 10 2 1329 1331 1080 2736
15218 4 2 10 2 534 2864 298 3197
15219 4 2 10 2 2001 1529 2024 2643
15220 4 2 10 2 2701 2751 2117 3644
15221 4 2 10 2 2820 3065 2133 3579
15222 4 2 10 2 2951 2160 3579 3747
15223 4 2 10 2 819 2868 911 3735
15224 4 2 10 2 320 318 435 3201
15225 4 2 10 2 1855 1715 1815 2711
15226 4 2 10 2 2186 2658 3227 3270
15227 4 2 10 2 840 629 708 3592
15228 4 2 10 2 342 343 341 2880
15229 4 2 10 2 776 3499 2920 3576
15230 4 2 10 2 2286 3055 2898 3721
15231 4 2 10 2 1074 1423 1447 3551
15232 4 2 10 2 2816 2949 2083 3280
15233 4 2 10 2 2130 2899 2497 3707
15234 4 2 10 2 1162 1330 1313 2624
15235 4 2 10 2 2523 3255 2072 3341
15236 4 2 10 2 111 291 465 1502
15237 4 2 10 2 962 964 961 3736
15238 4 2 10 2 2081 3008 2454 3639
15239 4 2 10 2 2829 3185 2262 3546
15240 4 2 10 2 2036 1790 1867 3439
15241 4 2 10 2 1596 1837 3424 3435
15242 4 2 10 2 1674 1673 1681 2939
15243 4 2 10 2 1290 3525 1202 3613
15244 4 2 10 2 191 1517 749 592
15245 4 2 10 2 1442 1041 2693 3480
15246 4 2 10 2 2077 2846 2534 3714
15247 4 2 10 2 2102 2857 2492 3362
15248 4 2 10 2 1154 1155 1021 3377
15249 4 2 10 2 1027 1280 2625 3634
15250 4 2 10 2 2085 2475 3033 3387
15251 4 2 10 2 2357 2885 3101 3467
15252 4 2 10 2 2668 3274 2999 3428
15253 4 2 10 2 2972 2977 1759 3495
15254 4 2 10 2 1935 1921 1920 2899
15255 4 2 10 2 1020 1061 2634 3298
15256 4 2 10 2 1321 1119 2836 3701
15257 4 2 10 2 2560 3045 2163 3383
15258 4 2 10 2 2065 2508 2953 3647
15259 4 2 10 2 667 3413 2464 3534
15260 4 2 10 2 2071 3160 2404 3579
15261 4 2 10 2 1900 3518 3127 3594
15262 4 2 10 2 2037 3012 1710 3183
15263 4 2 10 2 2211 3178 2797 3291
15264 4 2 10 2 2477 1250 3377 3483
15265 4 2 10 2 2398 2179 3320 3632
15266 4 2 10 2 615 3262 2797 3300
15267 4 2 10 2 1904 3231 2861 3641
15268 4 2 10 2 954 3553 3450 3645
15269 4 2 10 2 726 3498 2610 3565
15270 4 2 10 2 1346 888 1441 3197
15271 4 2 10 2 1287 1102 1092 2616
15272 4 2 10 2 613 2797 614 3178
15273 4 2 10 2 2086 2894 3037 3511
15274 4 2 10 2 2255 2413 3039 3740
15275 4 2 10 2 2630 2839 2261 3194
15276 4 2 10 2 449 3242 3054 3637
15277 4 2 10 2 929 1027 1322 2625
15278 4 2 10 2 1194 1239 1103 2539
15279 4 2 10 2 192 592 761 1949
15280 4 2 10 2 2013 1793 1767 3678
15281 4 2 10 2 2549 3170 2182 3501
15282 4 2 10 2 508 510 281 2490
15283 4 2 10 2 2091 2853 2479 3510
15284 4 2 10 2 2217 3104 2940 3538
15285 4 2 10 2 2120 2945 2522 3493
15286 4 2 10 2 415 510 508 3443
15287 4 2 10 2 1024 1307 2813 3736
15288 4 2 10 2 1223 579 807 2678
15289 4 2 10 2 2168 2746 2485 3357
15290 4 2 10 2 1686 1678 1818 2790
15291 4 2 10 2 2256 2949 2816 3280
15292 4 2 10 2 1765 1711 1959 3015
15293 4 2 10 2 2493 3549 2226 3691
15294 4 2 10 2 1089 1031 1090 3709
15295 4 2 10 2 301 518 3069 3118
15296 4 2 10 2 2612 3676 2613 3709
15297 4 2 10 2 498 3382 43 3681
15298 4 2 10 2 2751 3550 2316 3574
15299 4 2 10 2 2696 3047 2320 3556
15300 4 2 10 2 1124 2671 1266 3258
15301 4 2 10 2 1956 1518 2032 2834
15302 4 2 10 2 2068 2962 3232 3595
15303 4 2 10 2 1801 2010 1767 3028
15304 4 2 10 2 2131 2786 2441 3688
15305 4 2 10 2 686 757 791 2572
15306 4 2 10 2 2315 3299 2650 3426
15307 4 2 10 2 2220 2989 2663 3182
15308 4 2 10 2 2434 2322 2951 3653
15309 4 2 10 2 2658 2228 3227 3270
15310 4 2 10 2 2431 3341 2523 3455
15311 4 2 10 2 495 2659 3111 3196
15312 4 2 10 2 493 377 411 2865
15313 4 2 10 2 1310 2675 1126 3251
15314 4 2 10 2 2546 3334 2576 3689
15315 4 2 10 2 1226 2831 3480 3613
15316 4 2 10 2 2776 3237 2667 3385
15317 4 2 10 2 2512 3185 2829 3546
15318 4 2 10 2 1262 1111 1070 2830
15319 4 2 10 2 1370 2740 1208 3098
15320 4 2 10 2 1935 2899 1920 3043
15321 4 2 10 2 2187 3165 2628 3652
15322 4 2 10 2 2615 2961 2242 3218
15323 4 2 10 2 1130 2597 1053 3471
15324 4 2 10 2 1693 1664 1692 2560
15325 4 2 10 2 2088 2937 3324 3477
15326 4 2 10 2 2187 2791 2474 3652
15327 4 2 10 2 1794 1508 1795 2802
15328 4 2 10 2 2305 3554 2530 3572
15329 4 2 10 2 2358 3148 2625 3468
15330 4 2 10 2 1031 975 2613 3709
15331 4 2 10 2 1233 457 458 2526
15332 4 2 10 2 388 3475 390 3559
15333 4 2 10 2 821 3581 3485 3735
15334 4 2 10 2 2190 3090 2708 3126
15335 4 2 10 2 2886 2996 2210 3459
15336 4 2 10 2 381 386 474 3302
15337 4 2 10 2 2692 2776 2162 3367
15338 4 2 10 2 1222 1312 1137 3683
15339 4 2 10 2 794 625 707 3592
15340 4 2 10 2 984 986 1288 3059
15341 4 2 10 2 2563 2151 3499 3576
15342 4 2 10 2 1951 1720 1695 2651
15343 4 2 10 2 1078 3000 1028 3293
15344 4 2 10 2 2235 2694 2980 3017
15345 4 2 10 2 2636 2793 2576 3422
15346 4 2 10 2 2101 2567 2967 3112
15347 4 2 10 2 1079 2614 1137 3293
15348 4 2 10 2 343 2880 342 3312
15349 4 2 10 2 2095 3378 2817 3599
15350 4 2 10 2 1041 3018 2693 3480
15351 4 2 10 2 3207 3510 2542 3650
15352 4 2 10 2 2570 3146 2381 3721
15353 4 2 10 2 1524 1741 2980 3017
15354 4 2 10 2 2563 2151 3151 3499
15355 4 2 10 2 1884 1650 1653 3329
15356 4 2 10 2 414 507 505 3528
15357 4 2 10 2 856 853 747 3745
15358 4 2 10 2 1631 1632 3016 3394
15359 4 2 10 2 380 378 381 2609
15360 4 2 10 2 1612 1807 1963 3671
15361 4 2 10 2 2216 2971 3057 3234
15362 4 2 10 2 2044 290 1516 2752
15363 4 2 10 2 2259 3037 2894 3511
15364 4 2 10 2 1701 1681 1883 3561
15365 4 2 10 2 2097 3268 3027 3754
15366 4 2 10 2 2135 2953 2469 3254
15367 4 2 10 2 2217 2594 3104 3538
15368 4 2 10 2 1704 1908 1820 2848
15369 4 2 10 2 448 3242 449 3637
15370 4 2 10 2 360 362 361 2685
15371 4 2 10 2 2101 2967 2577 3112
15372 4 2 10 2 2974 3095 414 3666
15373 4 2 10 2 1227 1226 1228 3613
15374 4 2 10 2 649 648 647 2519
15375 4 2 10 2 1181 1337 1249 2661
15376 4 2 10 2 1136 1264 1047 3357
15377 4 2 10 2 2284 3422 2793 3719
15378 4 2 10 2 815 2418 720 2973
15379 4 2 10 2 294 97 459 1956
15380 4 2 10 2 2635 2177 2838 3114
15381 4 2 10 2 2626 2918 2218 3516
15382 4 2 10 2 1316 938 1277 3060
15383 4 2 10 2 2319 2982 2502 3339
15384 4 2 10 2 2083 2949 2816 3209
15385 4 2 10 2 1179 1462 1388 3708
15386 4 2 10 2 2610 3010 2212 3498
15387 4 2 10 2 1402 1374 1145 3069
15388 4 2 10 2 2204 3027 2734 3754
15389 4 2 10 2 813 3585 2835 3708
15390 4 2 10 2 2516 3502 2723 3606
15391 4 2 10 2 1056 2799 1306 3270
15392 4 2 10 2 2176 2892 2648 3198
15393 4 2 10 2 2806 2917 252 3696
15394 4 2 10 2 348 346 496 3464
15395 4 2 10 2 2419 3011 2126 3366
15396 4 2 10 2 3232 3595 2962 3684
15397 4 2 10 2 1710 3012 2692 3183
15398 4 2 10 2 2186 3227 2799 3270
15399 4 2 10 2 2501 2894 2259 3037
15400 4 2 10 2 1744 2516 3397 3600
15401 4 2 10 2 1995 3184 2007 3474
15402 4 2 10 2 2303 3439 2782 3590
15403 4 2 10 2 1376 3258 2663 3263
15404 4 2 10 2 2070 2746 2935 3240
15405 4 2 10 2 2341 2896 2445 3739
15406 4 2 10 2 2782 3439 1790 3590
15407 4 2 10 2 2597 3471 2205 3584
15408 4 2 10 2 1895 3549 2493 3691
15409 4 2 10 2 757 634 756 3289
15410 4 2 10 2 1659 1655 1840 3215
15411 4 2 10 2 2073 2703 2515 3269
15412 4 2 10 2 677 2803 676 3301
15413 4 2 10 2 1170 2677 1169 3317
15414 4 2 10 2 543 538 3130 3677
15415 4 2 10 2 235 247 25 3177
15416 4 2 10 2 2035 530 293 2998
15417 4 2 10 2 465 272 1809 3588
15418 4 2 10 2 1148 1254 1100 3543
15419 4 2 10 2 297 451 1500 3564
15420 4 2 10 2 345 2592 347 3528
15421 4 2 10 2 453 379 452 2802
15422 4 2 10 2 1502 465 1809 2590
15423 4 2 10 2 1796 1970 2550 2923
15424 4 2 10 2 2010 3028 1801 3364
15425 4 2 10 2 1285 972 971 3252
15426 4 2 10 2 2404 3160 2282 3344
15427 4 2 10 2 1271 1060 1288 2565
15428 4 2 10 2 2986 3353 753 3690
15429 4 2 10 2 481 912 1429 2659
15430 4 2 10 2 699 836 730 3396
15431 4 2 10 2 2432 3072 2320 3175
15432 4 2 10 2 684 687 688 3226
15433 4 2 10 2 2515 3176 2784 3380
15434 4 2 10 2 1334 1276 1264 3048
15435 4 2 10 2 771 2841 862 3106
15436 4 2 10 2 2511 2764 2182 3369
15437 4 2 10 2 2363 3293 2512 3546
15438 4 2 10 2 743 850 604 2712
15439 4 2 10 2 349 350 351 3443
15440 4 2 10 2 2242 3169 2532 3410
15441 4 2 10 2 2609 3179 2354 3302
15442 4 2 10 2 1481 2923 2732 3496
15443 4 2 10 2 443 2489 312 3737
15444 4 2 10 2 1078 1028 1029 3293
15445 4 2 10 2 1075 1105 1106 2495
15446 4 2 10 2 1981 1508 1945 2802
15447 4 2 10 2 2556 2883 2248 3484
15448 4 2 10 2 2095 3378 2728 3685
15449 4 2 10 2 726 2610 590 3565
15450 4 2 10 2 2220 3033 2851 3604
15451 4 2 10 2 2485 2935 2746 3240
15452 4 2 10 2 2208 2955 2847 3726
15453 4 2 10 2 1791 1499 2043 3034
15454 4 2 10 2 2447 2811 2139 3384
15455 4 2 10 2 2212 2519 3114 3498
15456 4 2 10 2 1940 1511 447 2881
15457 4 2 10 2 1884 2812 1650 3329
15458 4 2 10 2 2735 2814 2127 3342
15459 4 2 10 2 2232 3259 3033 3423
15460 4 2 10 2 2437 3177 2877 3390
15461 4 2 10 2 430 521 2847 3053
15462 4 2 10 2 2539 3376 3094 3647
15463 4 2 10 2 2495 3539 2995 3639
15464 4 2 10 2 1674 1682 1704 2939
15465 4 2 10 2 1119 3121 2836 3701
15466 4 2 10 2 2549 1006 3536 3741
15467 4 2 10 2 607 876 2824 3098
15468 4 2 10 2 1658 1667 1671 2583
15469 4 2 10 2 492 272 428 3588
15470 4 2 10 2 985 1003 1450 3661
15471 4 2 10 2 2222 2923 2732 3218
15472 4 2 10 2 1563 1570 1569 3313
15473 4 2 10 2 421 3069 518 3381
15474 4 2 10 2 1216 2659 912 3196
15475 4 2 10 2 881 800 594 2761
15476 4 2 10 2 25 1992 1762 2877
15477 4 2 10 2 2099 2554 3652 3744
15478 4 2 10 2 1577 1556 1549 3138
15479 4 2 10 2 2770 3205 2482 3493
15480 4 2 10 2 2658 3471 2950 3584
15481 4 2 10 2 376 378 377 2865
15482 4 2 10 2 783 784 573 2564
15483 4 2 10 2 593 226 1484 1941
15484 4 2 10 2 863 678 685 3560
15485 4 2 10 2 248 2620 238 3629
15486 4 2 10 2 1331 2736 1329 3040
15487 4 2 10 2 2138 2583 3076 3215
15488 4 2 10 2 2255 3039 2543 3566
15489 4 2 10 2 929 927 1027 3047
15490 4 2 10 2 2070 2594 3052 3271
15491 4 2 10 2 1383 1206 2870 3575
15492 4 2 10 2 339 407 337 2433
15493 4 2 10 2 111 1502 1784 291
15494 4 2 10 2 214 782 1493 1969
15495 4 2 10 2 1093 1175 1092 2958
15496 4 2 10 2 1596 3424 2827 3435
15497 4 2 10 2 1204 1202 3525 3613
15498 4 2 10 2 1177 1374 1445 3070
15499 4 2 10 2 496 2590 465 3464
15500 4 2 10 2 622 623 624 3050
15501 4 2 10 2 729 2717 695 3100
15502 4 2 10 2 758 590 764 3609
15503 4 2 10 2 694 693 3563 3745
15504 4 2 10 2 293 1498 2035 2998
15505 4 2 10 2 492 290 2044 2752
15506 4 2 10 2 760 2756 663 3452
15507 4 2 10 2 1 10 2058 2629
15508 4 2 10 2 2365 2622 2943 3362
15509 4 2 10 2 2573 2171 3438 3617
15510 4 2 10 2 2895 3306 2470 3622
15511 4 2 10 2 2675 2799 2299 3610
15512 4 2 10 2 1180 2767 1433 2958
15513 4 2 10 2 2090 2454 3292 3449
15514 4 2 10 2 1881 1835 2672 3600
15515 4 2 10 2 2088 3533 2395 3577
15516 4 2 10 2 2504 2148 2888 3108
15517 4 2 10 2 1428 2893 1350 3398
15518 4 2 10 2 1298 988 990 2821
15519 4 2 10 2 2750 2231 3494 3694
15520 4 2 10 2 2183 2915 2491 3134
15521 4 2 10 2 713 687 683 2645
15522 4 2 10 2 2142 2434 3221 3646
15523 4 2 10 2 2202 2605 3286 3573
15524 4 2 10 2 1947 2892 1948 3198
15525 4 2 10 2 345 343 344 3095
15526 4 2 10 2 3181 3494 2231 3694
15527 4 2 10 2 2181 3159 2750 3354
15528 4 2 10 2 2141 2852 2689 3524
15529 4 2 10 2 2460 2843 2743 3501
15530 4 2 10 2 2727 3093 2373 3470
15531 4 2 10 2 2604 3233 691 3414
15532 4 2 10 2 2675 2864 2178 3251
15533 4 2 10 2 2087 3191 3156 3497
15534 4 2 10 2 1813 2721 3296 3354
15535 4 2 10 2 745 227 1941 568
15536 4 2 10 2 1956 446 96 1518
15537 4 2 10 2 2627 3297 2241 3532
15538 4 2 10 2 1910 2586 1671 3083
15539 4 2 10 2 1100 1101 1035 3358
15540 4 2 10 2 410 442 547 3140
15541 4 2 10 2 1700 1682 1681 3127
15542 4 2 10 2 1865 1754 2733 3294
15543 4 2 10 2 356 358 2705 3625
15544 4 2 10 2 1418 1397 2852 3405
15545 4 2 10 2 574 828 827 2415
15546 4 2 10 2 1528 2003 584 3576
15547 4 2 10 2 1480 3042 1192 3543
15548 4 2 10 2 1774 2606 1972 3303
15549 4 2 10 2 1020 1001 1002 3257
15550 4 2 10 2 2249 2599 3476 3702
15551 4 2 10 2 2288 2578 2805 3533
15552 4 2 10 2 2516 2759 3077 3397
15553 4 2 10 2 568 741 2742 3720
15554 4 2 10 2 840 770 631 3061
15555 4 2 10 2 2114 2545 2707 3468
15556 4 2 10 2 2099 3101 2885 3467
15557 4 2 10 2 1237 1141 1397 2852
15558 4 2 10 2 522 289 3069 3070
15559 4 2 10 2 1204 1202 1203 3525
15560 4 2 10 2 3080 3394 2165 3420
15561 4 2 10 2 2127 2640 3024 3068
15562 4 2 10 2 2171 2509 3208 3679
15563 4 2 10 2 2292 2427 3419 3487
15564 4 2 10 2 961 2701 1023 3644
15565 4 2 10 2 2301 3045 2560 3383
15566 4 2 10 2 1235 1233 1234 2526
15567 4 2 10 2 984 985 986 3661
15568 4 2 10 2 2228 3227 2388 3655
15569 4 2 10 2 2181 2750 3296 3354
15570 4 2 10 2 349 3182 2851 3443
15571 4 2 10 2 1883 1675 1846 3561
15572 4 2 10 2 2536 3013 2410 3530
15573 4 2 10 2 1771 1770 1924 3636
15574 4 2 10 2 2470 2254 2895 3441
15575 4 2 10 2 2428 3049 1894 3154
15576 4 2 10 2 2581 2710 2216 3150
15577 4 2 10 2 2628 3165 2474 3652
15578 4 2 10 2 916 2529 919 3713
15579 4 2 10 2 1504 286 478 2892
15580 4 2 10 2 926 1301 925 3072
15581 4 2 10 2 1985 1778 2052 3082
15582 4 2 10 2 1373 1139 1218 2978
15583 4 2 10 2 2286 2509 3208 3489
15584 4 2 10 2 2198 2634 2897 3257
15585 4 2 10 2 882 1221 1381 3100
15586 4 2 10 2 2395 2685 3092 3473
15587 4 2 10 2 1890 1582 1902 2777
15588 4 2 10 2 2243 2977 2505 3620
15589 4 2 10 2 3382 3392 2268 3681
15590 4 2 10 2 2253 2395 3381 3577
15591 4 2 10 2 2464 2804 2153 3539
15592 4 2 10 2 659 718 815 2780
15593 4 2 10 2 3108 3307 2082 3436
15594 4 2 10 2 2082 2945 2718 3057
15595 4 2 10 2 987 988 986 3508
15596 4 2 10 2 388 2856 3475 3559
15597 4 2 10 2 2085 2707 2545 3468
15598 4 2 10 2 1897 1646 1648 3689
15599 4 2 10 2 2081 2804 3539 3639
15600 4 2 10 2 1159 1428 1350 3398
15601 4 2 10 2 11 12 1741 2980
15602 4 2 10 2 2245 2758 2985 3044
15603 4 2 10 2 2223 3101 2554 3407
15604 4 2 10 2 435 294 439 2834
15605 4 2 10 2 1817 1637 2771 3079
15606 4 2 10 2 2218 2505 2977 3495
15607 4 2 10 2 1267 1317 1322 3282
15608 4 2 10 2 2226 2520 3140 3230
15609 4 2 10 2 1315 967 1292 2654
15610 4 2 10 2 1462 1179 1207 3415
15611 4 2 10 2 2649 3228 2297 3375
15612 4 2 10 2 675 676 674 3301
15613 4 2 10 2 1954 1512 1854 2742
15614 4 2 10 2 1155 1156 1021 2679
15615 4 2 10 2 2579 2945 2718 3436
15616 4 2 10 2 1951 1695 1696 3045
15617 4 2 10 2 769 848 2767 3171
15618 4 2 10 2 2063 2544 2743 3175
15619 4 2 10 2 2058 2629 10 3235
15620 4 2 10 2 1500 1945 297 3564
15621 4 2 10 2 2357 2885 2661 3101
15622 4 2 10 2 2321 2623 2990 3231
15623 4 2 10 2 1718 2568 1914 3346
15624 4 2 10 2 2064 2706 2825 3309
15625 4 2 10 2 1674 2939 1704 3451
15626 4 2 10 2 2406 2938 2292 3419
15627 4 2 10 2 2490 3319 2408 3443
15628 4 2 10 2 2431 3378 2817 3752
15629 4 2 10 2 1577 2983 1877 3602
15630 4 2 10 2 545 461 462 2724
15631 4 2 10 2 1362 948 945 3450
15632 4 2 10 2 2154 2739 2518 3240
15633 4 2 10 2 1913 1912 1771 3636
15634 4 2 10 2 2330 2539 3094 3647
15635 4 2 10 2 1072 1042 1092 3219
15636 4 2 10 2 2209 2720 2857 2987
15637 4 2 10 2 867 869 137 2660
15638 4 2 10 2 2077 3306 2895 3622
15639 4 2 10 2 2206 3112 2571 3232
15640 4 2 10 2 2145 3041 2386 3328
15641 4 2 10 2 1590 1858 1576 2684
15642 4 2 10 2 2394 2980 2235 3337
15643 4 2 10 2 1738 1908 2680 3651
15644 4 2 10 2 2829 2859 2113 3682
15645 4 2 10 2 715 807 809 2678
15646 4 2 10 2 1500 1787 1945 3564
15647 4 2 10 2 2204 2734 3327 3754
15648 4 2 10 2 2273 2906 2497 3406
15649 4 2 10 2 995 992 2595 3492
15650 4 2 10 2 456 356 354 3625
15651 4 2 10 2 2164 2394 3006 3668
15652 4 2 10 2 2326 3327 3082 3386
15653 4 2 10 2 931 929 1322 3472
15654 4 2 10 2 1932 1489 295 3737
15655 4 2 10 2 1886 1537 1535 3419
15656 4 2 10 2 555 3140 442 3691
15657 4 2 10 2 2347 3025 2555 3450
15658 4 2 10 2 2092 2408 3259 3604
15659 4 2 10 2 2126 3011 2419 3517
15660 4 2 10 2 3094 3376 2611 3647
15661 4 2 10 2 2088 3324 2929 3477
15662 4 2 10 2 2312 2860 2495 3008
15663 4 2 10 2 2404 3538 3037 3747
15664 4 2 10 2 3008 3539 2495 3639
15665 4 2 10 2 1476 3581 587 3735
15666 4 2 10 2 2205 2451 2845 3695
15667 4 2 10 2 413 531 3149 3559
15668 4 2 10 2 2359 3090 2331 3126
15669 4 2 10 2 2446 3077 1639 3638
15670 4 2 10 2 2092 3273 2408 3604
15671 4 2 10 2 3113 3227 2228 3270
15672 4 2 10 2 1881 1835 1602 2672
15673 4 2 10 2 2171 3208 2569 3679
15674 4 2 10 2 2074 3115 3093 3363
15675 4 2 10 2 2099 3652 2628 3744
15676 4 2 10 2 756 578 757 3478
15677 4 2 10 2 1527 1947 2648 2892
15678 4 2 10 2 402 521 3053 3167
15679 4 2 10 2 2446 2846 2283 3079
15680 4 2 10 2 2018 2881 1859 3549
15681 4 2 10 2 1518 2032 2834 3594
15682 4 2 10 2 863 685 3499 3560
15683 4 2 10 2 2213 2448 3333 3398
15684 4 2 10 2 1095 1094 1096 3308
15685 4 2 10 2 2776 3237 2692 3700
15686 4 2 10 2 2057 1766 2029 3296
15687 4 2 10 2 1330 3166 1172 3372
15688 4 2 10 2 1963 1583 1816 2960
15689 4 2 10 2 243 236 250 2667
15690 4 2 10 2 676 3151 2803 3499
15691 4 2 10 2 2160 2820 3482 3550
15692 4 2 10 2 1835 3397 2672 3600
15693 4 2 10 2 2083 2695 2949 3491
15694 4 2 10 2 340 470 342 2686
15695 4 2 10 2 672 671 3485 3534
15696 4 2 10 2 1442 999 1440 3019
15697 4 2 10 2 2249 2440 3430 3702
15698 4 2 10 2 1204 1290 1202 3613
15699 4 2 10 2 2728 3112 2206 3630
15700 4 2 10 2 1052 1085 2855 3369
15701 4 2 10 2 235 2437 257 3629
15702 4 2 10 2 1391 908 147 767
15703 4 2 10 2 2152 2836 3352 3416
15704 4 2 10 2 2533 2883 2229 3580
15705 4 2 10 2 2280 3417 2535 3656
15706 4 2 10 2 2803 3168 2210 3301
15707 4 2 10 2 2114 3350 2696 3725
15708 4 2 10 2 2142 3221 2682 3646
15709 4 2 10 2 2268 3075 2502 3486
15710 4 2 10 2 451 468 292 3564
15711 4 2 10 2 310 92 1513 306
15712 4 2 10 2 2566 3020 2135 3254
15713 4 2 10 2 1738 1819 1739 2680
15714 4 2 10 2 1871 2024 1529 2643
15715 4 2 10 2 2139 3193 2447 3384
15716 4 2 10 2 2615 3260 2361 3608
15717 4 2 10 2 462 545 2724 3042
15718 4 2 10 2 2226 2605 2946 3286
15719 4 2 10 2 2252 2905 2639 3526
15720 4 2 10 2 2208 3021 2849 3726
15721 4 2 10 2 616 615 763 3262
15722 4 2 10 2 2454 3008 2312 3639
15723 4 2 10 2 2201 2422 3192 3449
15724 4 2 10 2 2089 3164 3610 3726
15725 4 2 10 2 2061 3152 2552 3753
15726 4 2 10 2 1299 2785 1115 3421
15727 4 2 10 2 2095 2817 3378 3685
15728 4 2 10 2 1375 2631 3377 3483
15729 4 2 10 2 2117 3211 2751 3550
15730 4 2 10 2 1053 2597 1114 3644
15731 4 2 10 2 2106 2978 2644 3351
15732 4 2 10 2 2189 2896 2449 3365
15733 4 2 10 2 2434 2150 3418 3646
15734 4 2 10 2 1424 1464 908 2841
15735 4 2 10 2 683 681 828 2933
15736 4 2 10 2 2115 2808 2473 3253
15737 4 2 10 2 2071 2844 2602 3161
15738 4 2 10 2 2573 2171 2832 3605
15739 4 2 10 2 2143 2835 2678 3325
15740 4 2 10 2 2062 2413 3039 3239
15741 4 2 10 2 2194 2408 3273 3319
15742 4 2 10 2 279 2517 420 3118
15743 4 2 10 2 3104 3344 2940 3538
15744 4 2 10 2 2750 3494 3159 3694
15745 4 2 10 2 2142 2854 2682 3221
15746 4 2 10 2 2276 2852 2660 3405
15747 4 2 10 2 1508 106 504 1794
15748 4 2 10 2 1939 1485 1872 2783
15749 4 2 10 2 2518 2992 2537 3487
15750 4 2 10 2 1728 1753 1754 3294
15751 4 2 10 2 2739 3202 2603 3340
15752 4 2 10 2 2729 2804 2183 3292
15753 4 2 10 2 2247 2971 2856 3144
15754 4 2 10 2 2126 2872 2444 3517
15755 4 2 10 2 2102 3099 2492 3552
15756 4 2 10 2 1049 3357 2828 3522
15757 4 2 10 2 2529 2974 2291 3713
15758 4 2 10 2 1136 2828 1049 3357
15759 4 2 10 2 2602 2844 2071 3088
15760 4 2 10 2 949 2826 1276 3553
15761 4 2 10 2 1673 1665 1675 2795
15762 4 2 10 2 2193 3262 2712 3300
15763 4 2 10 2 1797 2753 1741 3017
15764 4 2 10 2 2467 2908 2204 3082
15765 4 2 10 2 2082 3108 2866 3307
15766 4 2 10 2 1061 1022 1020 2634
15767 4 2 10 2 787 755 3498 3565
15768 4 2 10 2 2539 3094 2185 3190
15769 4 2 10 2 1687 2649 1707 3375
15770 4 2 10 2 2906 3391 2497 3406
15771 4 2 10 2 2510 2962 2335 3440
15772 4 2 10 2 553 2881 270 3691
15773 4 2 10 2 2153 2995 3539 3639
15774 4 2 10 2 2335 2962 2510 3595
15775 4 2 10 2 2169 3209 3001 3236
15776 4 2 10 2 761 192 1949 1495
15777 4 2 10 2 793 686 812 2643
15778 4 2 10 2 680 681 682 2933
15779 4 2 10 2 2611 3376 2508 3647
15780 4 2 10 2 1709 3183 2692 3244
15781 4 2 10 2 949 1276 946 3553
15782 4 2 10 2 2091 3404 2853 3510
15783 4 2 10 2 1658 3074 1656 3215
15784 4 2 10 2 347 345 346 2592
15785 4 2 10 2 2174 2523 3341 3455
15786 4 2 10 2 396 3189 429 3295
15787 4 2 10 2 782 1994 599 3049
15788 4 2 10 2 1517 2467 1979 3032
15789 4 2 10 2 266 262 2721 3750
15790 4 2 10 2 226 593 745 1941
15791 4 2 10 2 775 2920 1528 3576
15792 4 2 10 2 2938 2948 2246 3748
15793 4 2 10 2 597 201 750 1509
15794 4 2 10 2 1693 2560 1692 3727
15795 4 2 10 2 1204 3525 2561 3613
15796 4 2 10 2 1238 1237 891 2689
15797 4 2 10 2 1017 1342 1339 3399
15798 4 2 10 2 2239 2707 3371 3468
15799 4 2 10 2 1722 1789 3183 3642
15800 4 2 10 2 2721 3276 262 3732
15801 4 2 10 2 428 3245 2439 3588
15802 4 2 10 2 2437 2300 3629 3756
15803 4 2 10 2 2239 2762 3180 3503
15804 4 2 10 2 2084 2669 3314 3455
15805 4 2 10 2 2277 2603 3202 3340
15806 4 2 10 2 1921 1935 1958 2687
15807 4 2 10 2 1602 1718 1716 3346
15808 4 2 10 2 1998 1931 1932 2640
15809 4 2 10 2 2631 3155 1375 3377
15810 4 2 10 2 1573 2623 3231 3641
15811 4 2 10 2 2334 3352 3348 3699
15812 4 2 10 2 2349 3273 3031 3604
15813 4 2 10 2 2109 2600 2794 3569
15814 4 2 10 2 2064 2825 3332 3432
15815 4 2 10 2 2895 2964 2470 3306
15816 4 2 10 2 2141 2660 2852 3524
15817 4 2 10 2 334 332 468 2943
15818 4 2 10 2 710 2966 2761 3557
15819 4 2 10 2 1630 1872 1873 2982
15820 4 2 10 2 1921 2687 1996 3474
15821 4 2 10 2 636 637 638 2507
15822 4 2 10 2 427 2710 394 3295
15823 4 2 10 2 759 1808 209 758
15824 4 2 10 2 2125 2478 3122 3618
15825 4 2 10 2 466 3144 383 3302
15826 4 2 10 2 2779 3390 2547 3719
15827 4 2 10 2 690 2662 693 3745
15828 4 2 10 2 3343 3620 2015 3697
15829 4 2 10 2 778 656 2907 3452
15830 4 2 10 2 798 2708 567 3382
15831 4 2 10 2 2245 2521 3380 3623
15832 4 2 10 2 653 651 809 3325
15833 4 2 10 2 247 2877 25 3177
15834 4 2 10 2 963 962 960 2716
15835 4 2 10 2 2839 3248 1293 3275
15836 4 2 10 2 1006 1270 1308 3170
15837 4 2 10 2 1573 3231 1904 3641
15838 4 2 10 2 2589 3030 2784 3623
15839 4 2 10 2 1615 1844 1613 3084
15840 4 2 10 2 2434 3544 2322 3653
15841 4 2 10 2 2449 2182 3369 3669
15842 4 2 10 2 2188 2429 3067 3425
15843 4 2 10 2 1123 1465 1206 3575
15844 4 2 10 2 2667 3237 2776 3700
15845 4 2 10 2 2249 3143 2599 3239
15846 4 2 10 2 2245 2985 2784 3380
15847 4 2 10 2 2062 2599 3143 3239
15848 4 2 10 2 1577 1616 1556 3138
15849 4 2 10 2 1453 2690 913 3336
15850 4 2 10 2 1817 1966 1640 3256
15851 4 2 10 2 1137 3293 2614 3683
15852 4 2 10 2 2390 3033 2851 3182
15853 4 2 10 2 361 516 359 3204
15854 4 2 10 2 738 737 606 3028
15855 4 2 10 2 2821 2335 3595 3684
15856 4 2 10 2 2821 3595 3232 3684
15857 4 2 10 2 1022 2634 1061 3733
15858 4 2 10 2 1466 1474 1186 2598
15859 4 2 10 2 1719 1515 1950 2532
15860 4 2 10 2 2169 3001 2745 3236
15861 4 2 10 2 2769 2240 3350 3725
15862 4 2 10 2 1314 1115 1299 2785
15863 4 2 10 2 2449 3481 2182 3669
15864 4 2 10 2 1261 1410 877 2531
15865 4 2 10 2 2504 2888 2170 3436
15866 4 2 10 2 2074 3188 3062 3195
15867 4 2 10 2 386 381 378 2609
15868 4 2 10 2 553 442 2881 3691
15869 4 2 10 2 2095 3589 2527 3628
15870 4 2 10 2 1764 2904 2025 3353
15871 4 2 10 2 2495 2995 2312 3639
15872 4 2 10 2 1870 1697 1763 3089
15873 4 2 10 2 509 3105 521 3167
15874 4 2 10 2 2133 2960 2471 3160
15875 4 2 10 2 2473 3278 2279 3570
15876 4 2 10 2 1568 1581 2878 3174
15877 4 2 10 2 2735 3342 2308 3711
15878 4 2 10 2 1491 1688 1992 2664
15879 4 2 10 2 363 464 454 3439
15880 4 2 10 2 1200 1152 1201 2944
15881 4 2 10 2 2426 3217 2425 3457
15882 4 2 10 2 1060 2565 1271 3728
15883 4 2 10 2 2270 2884 2514 2954
15884 4 2 10 2 772 713 828 2645
15885 4 2 10 2 2136 2544 3071 3321
15886 4 2 10 2 2103 2837 2453 3537
15887 4 2 10 2 2762 2991 2155 3072
15888 4 2 10 2 959 2758 3044 3701
15889 4 2 10 2 2835 3325 2457 3585
15890 4 2 10 2 2090 3292 3035 3449
15891 4 2 10 2 2496 2830 2304 3705
15892 4 2 10 2 1738 1908 1819 2680
15893 4 2 10 2 2127 3024 2680 3068
15894 4 2 10 2 1567 3502 1744 3600
15895 4 2 10 2 2556 3259 2232 3423
15896 4 2 10 2 489 1526 302 3343
15897 4 2 10 2 2162 2667 2776 3700
15898 4 2 10 2 2554 2227 2934 3652
15899 4 2 10 2 1889 1960 1827 3478
15900 4 2 10 2 2120 2522 2945 3463
15901 4 2 10 2 2311 2573 3502 3617
15902 4 2 10 2 1911 1907 1759 3495
15903 4 2 10 2 2279 2968 3570 3728
15904 4 2 10 2 2207 3127 3081 3724
15905 4 2 10 2 477 416 2892 3287
15906 4 2 10 2 2651 3045 2163 3391
15907 4 2 10 2 2159 2786 2737 3462
15908 4 2 10 2 2489 3024 1901 3518
15909 4 2 10 2 2519 3010 2895 3441
15910 4 2 10 2 2631 2876 2230 3172
15911 4 2 10 2 2558 2841 2185 3427
15912 4 2 10 2 799 820 808 3090
15913 4 2 10 2 534 3197 427 3295
15914 4 2 10 2 934 938 3060 3335
15915 4 2 10 2 341 2880 412 3447
15916 4 2 10 2 1094 1095 1062 2657
15917 4 2 10 2 274 2659 495 3196
15918 4 2 10 2 1656 1660 1657 3074
15919 4 2 10 2 1629 3080 1836 3394
15920 4 2 10 2 2659 3196 1216 3214
15921 4 2 10 2 2253 2401 3064 3460
15922 4 2 10 2 2480 2927 2143 2984
15923 4 2 10 2 2966 3101 2507 3467
15924 4 2 10 2 2334 2784 3030 3623
15925 4 2 10 2 2384 3506 2874 3659
15926 4 2 10 2 1675 2906 1917 3703
15927 4 2 10 2 2084 3314 3131 3455
15928 4 2 10 2 1184 3551 1423 3667
15929 4 2 10 2 2399 3276 2559 3389
15930 4 2 10 2 44 3382 498 3681
15931 4 2 10 2 2283 3606 2759 3638
15932 4 2 10 2 283 1425 3149 3150
15933 4 2 10 2 2479 2797 2193 3300
15934 4 2 10 2 2291 3095 2974 3666
15935 4 2 10 2 692 739 735 2535
15936 4 2 10 2 1839 2556 1880 3590
15937 4 2 10 2 1012 1157 1004 2963
15938 4 2 10 2 2086 3037 3538 3747
15939 4 2 10 2 2455 694 3563 3745
15940 4 2 10 2 1970 1609 1796 2550
15941 4 2 10 2 813 2835 811 3708
15942 4 2 10 2 2419 3366 2126 3517
15943 4 2 10 2 539 462 565 2724
15944 4 2 10 2 2445 2896 2341 3670
15945 4 2 10 2 1919 3077 2568 3397
15946 4 2 10 2 1758 2006 1760 3495
15947 4 2 10 2 894 816 1407 3370
15948 4 2 10 2 2217 2702 2940 3104
15949 4 2 10 2 2367 2940 3344 3538
15950 4 2 10 2 2299 3026 2452 3222
15951 4 2 10 2 1777 1941 1512 2742
15952 4 2 10 2 1032 1050 1018 3365
15953 4 2 10 2 102 292 494 1996
15954 4 2 10 2 1321 2836 1118 3701
15955 4 2 10 2 1980 2015 3620 3697
15956 4 2 10 2 2745 3236 3001 3372
15957 4 2 10 2 18 2917 242 3385
15958 4 2 10 2 1233 1386 457 3345
15959 4 2 10 2 2571 3264 2411 3685
15960 4 2 10 2 2072 2829 3310 3546
15961 4 2 10 2 619 618 616 2925
15962 4 2 10 2 2118 2474 2800 3500
15963 4 2 10 2 2080 2540 2999 3274
15964 4 2 10 2 1586 1881 1602 2672
15965 4 2 10 2 1197 1344 1196 2879
15966 4 2 10 2 1060 2968 2565 3728
15967 4 2 10 2 2164 3177 2629 3668
15968 4 2 10 2 520 563 487 3210
15969 4 2 10 2 2936 3180 2239 3742
15970 4 2 10 2 570 728 755 3206
15971 4 2 10 2 1363 1133 1107 2637
15972 4 2 10 2 2563 3499 3151 3576
15973 4 2 10 2 2133 2942 2471 2960
15974 4 2 10 2 1216 3196 1468 3214
15975 4 2 10 2 2243 3210 2395 3533
15976 4 2 10 2 2637 2168 3357 3522
15977 4 2 10 2 2263 3162 2694 3490
15978 4 2 10 2 2167 2656 3470 3746
15979 4 2 10 2 1031 1030 975 3709
15980 4 2 10 2 1770 1643 1642 2722
15981 4 2 10 2 765 1391 147 767
15982 4 2 10 2 2235 2394 3337 3529
15983 4 2 10 2 730 607 820 2824
15984 4 2 10 2 553 2881 448 3637
15985 4 2 10 2 2476 3428 2510 3698
15986 4 2 10 2 2096 3011 2425 3457
15987 4 2 10 2 1270 1301 1340 3170
15988 4 2 10 2 1774 1984 1519 2606
15989 4 2 10 2 2261 3253 2968 3570
15990 4 2 10 2 2185 2789 2558 3091
15991 4 2 10 2 2079 2900 2569 3568
15992 4 2 10 2 2014 1910 1671 3083
15993 4 2 10 2 923 1326 920 2991
15994 4 2 10 2 937 940 2854 3221
15995 4 2 10 2 1449 1293 3248 3275
15996 4 2 10 2 2129 2848 2768 3651
15997 4 2 10 2 1173 1415 2745 3582
15998 4 2 10 2 2587 3309 2231 3494
15999 4 2 10 2 1171 1110 1328 3614
16000 4 2 10 2 1709 3183 3244 3642
16001 4 2 10 2 476 562 475 2648
16002 4 2 10 2 2371 3332 2825 3432
16003 4 2 10 2 2044 2019 2023 2752
16004 4 2 10 2 1242 1379 2712 3759
16005 4 2 10 2 2163 2651 2987 3045
16006 4 2 10 2 1426 1200 1205 2807
16007 4 2 10 2 1677 2781 1676 3693
16008 4 2 10 2 1503 1955 1923 3565
16009 4 2 10 2 1291 2854 947 3607
16010 4 2 10 2 15 3597 2863 3649
16011 4 2 10 2 954 948 3450 3553
16012 4 2 10 2 2435 2872 2126 3366
16013 4 2 10 2 2051 1969 1493 3049
16014 4 2 10 2 926 925 924 3072
16015 4 2 10 2 751 3137 640 3690
16016 4 2 10 2 750 1509 201 1827
16017 4 2 10 2 1136 3357 1049 3522
16018 4 2 10 2 2524 2829 2113 3264
16019 4 2 10 2 3059 3508 2271 3661
16020 4 2 10 2 2760 2761 2223 3557
16021 4 2 10 2 2370 3217 2787 3739
16022 4 2 10 2 1286 3025 1359 3418
16023 4 2 10 2 3087 3268 2332 3320
16024 4 2 10 2 2672 3128 1881 3600
16025 4 2 10 2 1997 1751 1776 2782
16026 4 2 10 2 1841 2619 1905 3657
16027 4 2 10 2 2549 3536 2808 3741
16028 4 2 10 2 646 728 644 2838
16029 4 2 10 2 2811 3326 2108 3384
16030 4 2 10 2 2337 3227 3113 3270
16031 4 2 10 2 2107 2591 2737 3606
16032 4 2 10 2 818 719 788 3051
16033 4 2 10 2 1136 1047 2828 3357
16034 4 2 10 2 2540 3272 2462 3383
16035 4 2 10 2 2784 2985 2515 3380
16036 4 2 10 2 983 981 1293 2839
16037 4 2 10 2 1370 1208 1458 3098
16038 4 2 10 2 1742 1773 1974 3013
16039 4 2 10 2 475 386 476 2648
16040 4 2 10 2 466 385 383 3144
16041 4 2 10 2 392 449 559 3242
16042 4 2 10 2 510 3319 2490 3443
16043 4 2 10 2 3082 3327 2734 3386
16044 4 2 10 2 313 312 314 2979
16045 4 2 10 2 720 2973 2418 3370
16046 4 2 10 2 2273 3406 2497 3707
16047 4 2 10 2 432 3184 434 3672
16048 4 2 10 2 1800 1855 1927 3085
16049 4 2 10 2 2644 2106 3351 3491
16050 4 2 10 2 2175 2396 3207 3650
16051 4 2 10 2 2154 2485 2930 3743
16052 4 2 10 2 613 615 614 2797
16053 4 2 10 2 1796 1609 1608 2810
16054 4 2 10 2 446 443 95 1518
16055 4 2 10 2 2821 3173 2335 3684
16056 4 2 10 2 2549 2189 3365 3741
16057 4 2 10 2 2129 2706 3309 3627
16058 4 2 10 2 964 1024 1023 3736
16059 4 2 10 2 2286 3208 3568 3721
16060 4 2 10 2 1378 3190 2841 3749
16061 4 2 10 2 1829 2822 1830 3602
16062 4 2 10 2 1786 590 2610 3565
16063 4 2 10 2 1564 1572 1571 3621
16064 4 2 10 2 426 291 464 3005
16065 4 2 10 2 2697 2956 2272 3621
16066 4 2 10 2 2421 2294 3012 3716
16067 4 2 10 2 1706 1707 1687 2649
16068 4 2 10 2 929 930 2696 3472
16069 4 2 10 2 434 324 393 2969
16070 4 2 10 2 3341 3546 2072 3718
16071 4 2 10 2 2204 2916 2467 3082
16072 4 2 10 2 999 1036 991 2871
16073 4 2 10 2 1137 2614 1147 3214
16074 4 2 10 2 255 2699 254 3668
16075 4 2 10 2 528 529 276 2598
16076 4 2 10 2 2163 2757 2560 3383
16077 4 2 10 2 2524 2829 2224 3185
16078 4 2 10 2 2486 2069 2869 3356
16079 4 2 10 2 3124 2252 3313 3526
16080 4 2 10 2 556 395 391 2465
16081 4 2 10 2 1687 1706 2649 3693
16082 4 2 10 2 2509 3489 2286 3657
16083 4 2 10 2 2065 3094 2611 3647
16084 4 2 10 2 1129 1338 3278 3570
16085 4 2 10 2 2322 2951 3211 3579
16086 4 2 10 2 106 1508 504 453
16087 4 2 10 2 425 317 424 3285
16088 4 2 10 2 2211 2467 2908 3178
16089 4 2 10 2 1366 1365 1134 3374
16090 4 2 10 2 1852 3016 1632 3586
16091 4 2 10 2 1895 2493 1896 3691
16092 4 2 10 2 2600 2222 3496 3569
16093 4 2 10 2 2077 2513 2964 3306
16094 4 2 10 2 1315 2654 1292 3532
16095 4 2 10 2 1932 92 1513 310
16096 4 2 10 2 2070 3052 2594 3250
16097 4 2 10 2 235 3177 2437 3629
16098 4 2 10 2 889 1219 1390 3555
16099 4 2 10 2 2851 3182 2220 3443
16100 4 2 10 2 2607 2152 3121 3701
16101 4 2 10 2 1387 1395 1419 3654
16102 4 2 10 2 2656 2763 2122 3746
16103 4 2 10 2 2188 2476 3611 3698
16104 4 2 10 2 2079 3568 3208 3721
16105 4 2 10 2 342 341 340 2686
16106 4 2 10 2 1524 1741 12 2980
16107 4 2 10 2 260 36 35 3223
16108 4 2 10 2 1720 2651 1981 3488
16109 4 2 10 2 1889 1723 1960 3246
16110 4 2 10 2 2126 2425 3011 3517
16111 4 2 10 2 762 769 899 2767
16112 4 2 10 2 1417 1467 1335 3393
16113 4 2 10 2 15 2863 256 3649
16114 4 2 10 2 864 862 767 2841
16115 4 2 10 2 2238 2437 2801 3445
16116 4 2 10 2 1965 3184 432 3672
16117 4 2 10 2 890 301 3069 3118
16118 4 2 10 2 2211 3116 2908 3207
16119 4 2 10 2 2611 2185 3091 3376
16120 4 2 10 2 2799 3227 2337 3270
16121 4 2 10 2 2836 3121 2152 3701
16122 4 2 10 2 1241 1086 1265 2747
16123 4 2 10 2 2587 2198 2869 3627
16124 4 2 10 2 1372 1418 1452 3405
16125 4 2 10 2 777 2003 1505 3576
16126 4 2 10 2 1650 1884 1652 2812
16127 4 2 10 2 2525 2961 2707 3562
16128 4 2 10 2 2055 1943 1522 2730
16129 4 2 10 2 714 2531 806 3408
16130 4 2 10 2 1147 1350 1398 3398
16131 4 2 10 2 463 545 282 3042
16132 4 2 10 2 1520 115 1957 284
16133 4 2 10 2 2061 2931 3152 3753
16134 4 2 10 2 1911 1752 1907 2918
16135 4 2 10 2 384 2856 388 3559
16136 4 2 10 2 2768 2848 2129 3712
16137 4 2 10 2 1712 2796 2741 3597
16138 4 2 10 2 397 395 410 3230
16139 4 2 10 2 1380 1138 1300 2984
16140 4 2 10 2 2150 2570 2837 3583
16141 4 2 10 2 2071 3161 3160 3299
16142 4 2 10 2 2282 3104 2404 3344
16143 4 2 10 2 3086 3226 2234 3731
16144 4 2 10 2 2407 3357 2168 3462
16145 4 2 10 2 1003 2839 1293 3275
16146 4 2 10 2 883 3042 1480 3543
16147 4 2 10 2 2285 3040 2429 3614
16148 4 2 10 2 1347 3544 2434 3653
16149 4 2 10 2 2350 3116 2908 3178
16150 4 2 10 2 2668 2999 2235 3529
16151 4 2 10 2 1114 1053 1130 2597
16152 4 2 10 2 339 337 338 3758
16153 4 2 10 2 2485 3048 2317 3607
16154 4 2 10 2 2523 3135 2431 3455
16155 4 2 10 2 1659 1667 1658 2583
16156 4 2 10 2 639 640 3137 3557
16157 4 2 10 2 1552 2709 1553 3605
16158 4 2 10 2 866 3680 2731 3732
16159 4 2 10 2 979 982 1338 3570
16160 4 2 10 2 1923 1955 1737 2635
16161 4 2 10 2 2476 3316 2668 3611
16162 4 2 10 2 2194 2705 3326 3384
16163 4 2 10 2 2541 2271 3002 3661
16164 4 2 10 2 2735 3518 2489 3594
16165 4 2 10 2 2359 2268 3107 3681
16166 4 2 10 2 2396 2211 3004 3207
16167 4 2 10 2 2192 2971 2866 3307
16168 4 2 10 2 2748 3451 1828 3519
16169 4 2 10 2 1905 1841 1633 2619
16170 4 2 10 2 1170 1171 2674 3317
16171 4 2 10 2 905 830 1390 3086
16172 4 2 10 2 1836 1905 1633 3420
16173 4 2 10 2 1542 2938 1831 3748
16174 4 2 10 2 947 3048 1352 3607
16175 4 2 10 2 1675 1665 1898 2906
16176 4 2 10 2 1342 3022 1339 3399
16177 4 2 10 2 1728 1777 1726 3294
16178 4 2 10 2 1934 1936 1754 3277
16179 4 2 10 2 2077 2964 2895 3306
16180 4 2 10 2 2254 2895 2519 3446
16181 4 2 10 2 691 2604 843 3233
16182 4 2 10 2 2084 2814 3342 3711
16183 4 2 10 2 2091 2396 3181 3650
16184 4 2 10 2 2459 936 3221 3653
16185 4 2 10 2 691 747 748 2604
16186 4 2 10 2 2261 2839 2630 3729
16187 4 2 10 2 602 792 777 2563
16188 4 2 10 2 682 684 766 3233
16189 4 2 10 2 1746 1890 2777 3580
16190 4 2 10 2 1293 1003 983 2839
16191 4 2 10 2 390 2710 532 3559
16192 4 2 10 2 2646 2305 3586 3720
16193 4 2 10 2 1533 1531 1565 3409
16194 4 2 10 2 2444 3355 2760 3557
16195 4 2 10 2 3031 3273 2092 3604
16196 4 2 10 2 985 984 983 2541
16197 4 2 10 2 791 198 812 1529
16198 4 2 10 2 2207 2489 3201 3594
16199 4 2 10 2 933 2922 938 3335
16200 4 2 10 2 2612 3001 1090 3674
16201 4 2 10 2 2945 3436 2579 3463
16202 4 2 10 2 2108 2811 3139 3326
16203 4 2 10 2 2608 3596 3322 3707
16204 4 2 10 2 301 519 890 3069
16205 4 2 10 2 810 567 798 2708
16206 4 2 10 2 2401 2203 3324 3421
16207 4 2 10 2 2596 3359 2272 3612
16208 4 2 10 2 669 3485 670 3534
16209 4 2 10 2 2649 3246 2514 3693
16210 4 2 10 2 2246 2713 2593 3438
16211 4 2 10 2 1010 1009 1008 2859
16212 4 2 10 2 357 356 358 2705
16213 4 2 10 2 2218 2918 2626 3495
16214 4 2 10 2 1056 1055 1073 2799
16215 4 2 10 2 2466 2825 2706 3627
16216 4 2 10 2 791 757 578 2572
16217 4 2 10 2 934 1316 936 3060
16218 4 2 10 2 2550 3260 2615 3608
16219 4 2 10 2 1894 1717 1944 3154
16220 4 2 10 2 429 3189 537 3723
16221 4 2 10 2 1032 1033 3220 3365
16222 4 2 10 2 1934 1615 1792 3401
16223 4 2 10 2 2512 3341 2363 3546
16224 4 2 10 2 714 3217 2787 3408
16225 4 2 10 2 2224 2524 3185 3616
16226 4 2 10 2 2600 3496 2794 3569
16227 4 2 10 2 2703 3009 2515 3269
16228 4 2 10 2 2519 2895 2254 3441
16229 4 2 10 2 2174 3341 2431 3455
16230 4 2 10 2 1375 1038 1040 2631
16231 4 2 10 2 899 1435 1433 2767
16232 4 2 10 2 254 2699 255 3756
16233 4 2 10 2 887 811 2835 3708
16234 4 2 10 2 292 468 469 2687
16235 4 2 10 2 494 292 469 2687
16236 4 2 10 2 690 856 3414 3745
16237 4 2 10 2 2203 3030 2522 3493
16238 4 2 10 2 2088 3117 2766 3531
16239 4 2 10 2 2228 2599 3402 3655
16240 4 2 10 2 1690 2750 2042 3678
16241 4 2 10 2 2115 2473 2926 3253
16242 4 2 10 2 1979 1778 1779 3004
16243 4 2 10 2 1943 2055 2027 2730
16244 4 2 10 2 2663 3258 2220 3263
16245 4 2 10 2 850 842 604 2712
16246 4 2 10 2 1429 2659 1398 3453
16247 4 2 10 2 1863 1938 1734 3075
16248 4 2 10 2 2411 3264 2829 3685
16249 4 2 10 2 1338 1324 1129 3278
16250 4 2 10 2 556 2465 391 3242
16251 4 2 10 2 2214 2439 3245 3588
16252 4 2 10 2 1136 1252 1352 3357
16253 4 2 10 2 2522 2888 3108 3436
16254 4 2 10 2 982 2968 1338 3570
16255 4 2 10 2 601 913 797 3336
16256 4 2 10 2 1107 1084 1085 2855
16257 4 2 10 2 1388 887 1380 3708
16258 4 2 10 2 2630 2725 2189 3247
16259 4 2 10 2 2102 2499 3099 3552
16260 4 2 10 2 283 532 3150 3559
16261 4 2 10 2 2635 3225 2212 3498
16262 4 2 10 2 940 941 942 2682
16263 4 2 10 2 376 375 374 2928
16264 4 2 10 2 840 708 2690 3592
16265 4 2 10 2 1596 1595 1608 2827
16266 4 2 10 2 2698 2874 2202 3506
16267 4 2 10 2 276 895 527 2598
16268 4 2 10 2 1758 1759 1607 2977
16269 4 2 10 2 1105 1272 1215 2818
16270 4 2 10 2 885 281 512 2870
16271 4 2 10 2 2683 3234 2304 3705
16272 4 2 10 2 2421 3256 2294 3716
16273 4 2 10 2 1828 2748 1666 3451
16274 4 2 10 2 2135 3020 3172 3254
16275 4 2 10 2 2164 2779 2629 3390
16276 4 2 10 2 2826 3066 2407 3688
16277 4 2 10 2 2603 2739 2992 3202
16278 4 2 10 2 1129 1326 973 2991
16279 4 2 10 2 1109 1108 1044 3425
16280 4 2 10 2 1432 913 1453 2690
16281 4 2 10 2 2149 2538 3111 3541
16282 4 2 10 2 2169 3100 2691 3563
16283 4 2 10 2 955 965 958 3456
16284 4 2 10 2 2201 3128 2684 3192
16285 4 2 10 2 2136 3073 2544 3321
16286 4 2 10 2 1091 1330 1172 3372
16287 4 2 10 2 1323 2936 1128 3634
16288 4 2 10 2 1775 2023 1714 3162
16289 4 2 10 2 1141 1418 1397 2852
16290 4 2 10 2 1136 1047 1049 2828
16291 4 2 10 2 2182 2432 3096 3501
16292 4 2 10 2 2814 3521 2653 3571
16293 4 2 10 2 3170 3501 2549 3536
16294 4 2 10 2 2436 3485 2464 3534
16295 4 2 10 2 586 840 797 2690
16296 4 2 10 2 308 2783 549 3392
16297 4 2 10 2 2496 3234 2683 3705
16298 4 2 10 2 2211 2908 3116 3178
16299 4 2 10 2 1136 1363 3357 3522
16300 4 2 10 2 2297 2585 2791 3658
16301 4 2 10 2 845 136 1176 3405
16302 4 2 10 2 2406 2217 3241 3271
16303 4 2 10 2 694 695 696 3563
16304 4 2 10 2 1609 1612 1611 3435
16305 4 2 10 2 590 726 764 2610
16306 4 2 10 2 1785 3125 1944 3346
16307 4 2 10 2 1319 2683 1188 3399
16308 4 2 10 2 859 862 771 3749
16309 4 2 10 2 2080 2668 2858 3203
16310 4 2 10 2 2338 3081 3127 3724
16311 4 2 10 2 2095 2411 3628 3685
16312 4 2 10 2 2185 2461 3091 3427
16313 4 2 10 2 2621 2310 2994 3692
16314 4 2 10 2 1985 1495 1874 2916
16315 4 2 10 2 2450 3028 2344 3364
16316 4 2 10 2 2328 2777 2914 3120
16317 4 2 10 2 1485 2783 1939 3392
16318 4 2 10 2 2202 3286 2698 3573
16319 4 2 10 2 316 3046 463 3437
16320 4 2 10 2 15 2638 1749 3597
16321 4 2 10 2 341 340 2686 3447
16322 4 2 10 2 1778 1730 1779 3082
16323 4 2 10 2 1416 571 896 2738
16324 4 2 10 2 1430 913 601 3336
16325 4 2 10 2 2238 3015 3366 3465
16326 4 2 10 2 2211 3116 2797 3178
16327 4 2 10 2 1375 1038 2631 3483
16328 4 2 10 2 2137 3097 2708 3497
16329 4 2 10 2 1031 2613 975 3676
16330 4 2 10 2 2667 3385 3237 3700
16331 4 2 10 2 2185 3091 2558 3427
16332 4 2 10 2 2709 3208 2509 3489
16333 4 2 10 2 1378 1424 2841 3190
16334 4 2 10 2 655 653 717 3325
16335 4 2 10 2 671 722 673 3485
16336 4 2 10 2 2113 3264 2411 3272
16337 4 2 10 2 393 432 434 3672
16338 4 2 10 2 2672 3062 2201 3128
16339 4 2 10 2 1524 2694 1742 3017
16340 4 2 10 2 2658 2205 3471 3584
16341 4 2 10 2 537 400 430 3053
16342 4 2 10 2 2072 2523 3341 3596
16343 4 2 10 2 1415 1221 2745 3368
16344 4 2 10 2 860 775 774 2920
16345 4 2 10 2 1694 3660 3045 3727
16346 4 2 10 2 1273 2818 1272 2993
16347 4 2 10 2 2165 2498 3080 3420
16348 4 2 10 2 784 668 665 3413
16349 4 2 10 2 2193 3116 2797 3510
16350 4 2 10 2 3225 3498 2635 3565
16351 4 2 10 2 2351 2904 2494 3642
16352 4 2 10 2 2187 3228 2791 3652
16353 4 2 10 2 2515 2229 3009 3176
16354 4 2 10 2 1383 885 1393 2870
16355 4 2 10 2 2419 2872 3366 3517
16356 4 2 10 2 2691 2169 3001 3100
16357 4 2 10 2 1492 1956 2031 2834
16358 4 2 10 2 2043 3034 1937 3401
16359 4 2 10 2 141 839 1523 3028
16360 4 2 10 2 1874 2535 1875 3656
16361 4 2 10 2 628 630 793 3279
16362 4 2 10 2 239 256 14 2863
16363 4 2 10 2 1102 2789 1103 3558
16364 4 2 10 2 1508 105 1945 453
16365 4 2 10 2 2459 3060 2160 3335
16366 4 2 10 2 1079 1147 1137 2614
16367 4 2 10 2 2465 391 3242 3475
16368 4 2 10 2 2851 3259 2408 3604
16369 4 2 10 2 1808 759 209 1488
16370 4 2 10 2 2516 2759 3606 3638
16371 4 2 10 2 1346 3150 888 3197
16372 4 2 10 2 2359 3382 2268 3681
16373 4 2 10 2 2236 2711 2915 3134
16374 4 2 10 2 2741 3071 2136 3665
16375 4 2 10 2 1376 2663 1438 3263
16376 4 2 10 2 2212 3498 3225 3565
16377 4 2 10 2 799 567 851 3090
16378 4 2 10 2 1896 2493 1873 3677
16379 4 2 10 2 1812 2042 1690 2750
16380 4 2 10 2 1500 1935 1787 3043
16381 4 2 10 2 2962 3440 2113 3684
16382 4 2 10 2 989 987 3019 3508
16383 4 2 10 2 12 2980 237 3717
16384 4 2 10 2 2831 3101 2661 3744
16385 4 2 10 2 918 3041 1368 3713
16386 4 2 10 2 818 861 719 3534
16387 4 2 10 2 1901 2489 1942 3737
16388 4 2 10 2 1400 892 1469 3453
16389 4 2 10 2 1426 3248 1448 3520
16390 4 2 10 2 2109 3014 2600 3569
16391 4 2 10 2 2367 3260 2550 3608
16392 4 2 10 2 976 1301 1270 3536
16393 4 2 10 2 1317 950 933 2922
16394 4 2 10 2 2671 3031 2349 3121
16395 4 2 10 2 904 143 1372 805
16396 4 2 10 2 2272 3359 2697 3621
16397 4 2 10 2 1750 1628 1740 3430
16398 4 2 10 2 1022 1061 1062 3733
16399 4 2 10 2 1376 1399 875 2663
16400 4 2 10 2 1335 1220 1099 2955
16401 4 2 10 2 2111 3157 2596 3359
16402 4 2 10 2 526 914 273 3673
16403 4 2 10 2 1849 1816 1850 2942
16404 4 2 10 2 2540 2999 3274 3428
16405 4 2 10 2 2312 3008 2495 3639
16406 4 2 10 2 1459 548 506 3548
16407 4 2 10 2 1599 1743 1635 2723
16408 4 2 10 2 3009 3269 2703 3509
16409 4 2 10 2 520 418 563 2805
16410 4 2 10 2 2560 2184 3281 3760
16411 4 2 10 2 1140 2978 2644 3555
16412 4 2 10 2 1253 1170 1210 2947
16413 4 2 10 2 2741 2863 14 3597
16414 4 2 10 2 2248 2883 2556 3509
16415 4 2 10 2 1378 878 2468 3749
16416 4 2 10 2 1875 2017 2045 3417
16417 4 2 10 2 2638 2732 2267 3649
16418 4 2 10 2 333 335 471 3304
16419 4 2 10 2 937 2854 1291 3347
16420 4 2 10 2 286 2002 1527 2892
16421 4 2 10 2 1459 3038 548 3548
16422 4 2 10 2 131 270 447 1511
16423 4 2 10 2 2797 3116 2350 3178
16424 4 2 10 2 2233 3308 2965 3332
16425 4 2 10 2 2258 2441 3115 3688
16426 4 2 10 2 329 3111 327 3664
16427 4 2 10 2 2520 2465 3230 3624
16428 4 2 10 2 2135 3172 2508 3254
16429 4 2 10 2 1062 2657 1095 3733
16430 4 2 10 2 1155 3155 2679 3377
16431 4 2 10 2 743 850 2712 3759
16432 4 2 10 2 2497 3406 2492 3707
16433 4 2 10 2 2293 2660 3132 3431
16434 4 2 10 2 1433 1175 2958 3633
16435 4 2 10 2 1325 1260 2778 3751
16436 4 2 10 2 297 105 453 1945
16437 4 2 10 2 677 679 678 3168
16438 4 2 10 2 2225 2880 2686 3447
16439 4 2 10 2 2280 3027 2535 3050
16440 4 2 10 2 2371 2965 3308 3332
16441 4 2 10 2 3152 3706 2552 3753
16442 4 2 10 2 1884 1916 1840 3519
16443 4 2 10 2 351 350 352 3504
16444 4 2 10 2 422 273 3070 3305
16445 4 2 10 2 1102 1193 1103 2789
16446 4 2 10 2 756 636 732 3289
16447 4 2 10 2 970 1120 1119 3121
16448 4 2 10 2 1965 288 99 432
16449 4 2 10 2 1435 913 1433 2690
16450 4 2 10 2 1970 1612 2550 3442
16451 4 2 10 2 1742 1524 1772 2694
16452 4 2 10 2 461 463 316 3046
16453 4 2 10 2 2445 3670 2341 3739
16454 4 2 10 2 685 774 2920 3560
16455 4 2 10 2 1680 2768 1899 3651
16456 4 2 10 2 1659 1840 1689 3129
16457 4 2 10 2 2440 2094 3426 3702
16458 4 2 10 2 696 844 709 3554
16459 4 2 10 2 2514 3246 2329 3615
16460 4 2 10 2 484 497 284 2484
16461 4 2 10 2 3152 3390 2437 3445
16462 4 2 10 2 1881 3600 3128 3757
16463 4 2 10 2 2452 3286 2202 3545
16464 4 2 10 2 2901 2995 2153 3639
16465 4 2 10 2 2312 2995 2901 3639
16466 4 2 10 2 1448 1426 1205 3248
16467 4 2 10 2 2210 2818 2738 2993
16468 4 2 10 2 658 660 723 2907
16469 4 2 10 2 1933 1579 2639 3526
16470 4 2 10 2 2637 2277 3340 3751
16471 4 2 10 2 783 668 784 2564
16472 4 2 10 2 1378 2468 3190 3749
16473 4 2 10 2 112 1784 1867 454
16474 4 2 10 2 3181 3678 2344 3694
16475 4 2 10 2 1817 2771 1565 3256
16476 4 2 10 2 2426 2944 2807 3457
16477 4 2 10 2 1311 2701 961 3644
16478 4 2 10 2 1489 93 1932 295
16479 4 2 10 2 255 3668 3177 3756
16480 4 2 10 2 2015 2033 3343 3697
16481 4 2 10 2 597 732 751 2823
16482 4 2 10 2 1400 1469 2893 3453
16483 4 2 10 2 405 2653 315 3437
16484 4 2 10 2 758 663 2756 3609
16485 4 2 10 2 143 904 604 805
16486 4 2 10 2 2351 2986 2904 3353
16487 4 2 10 2 721 669 3434 3735
16488 4 2 10 2 849 709 742 2742
16489 4 2 10 2 1875 1874 2017 2535
16490 4 2 10 2 1841 1633 2619 3640
16491 4 2 10 2 436 311 313 2979
16492 4 2 10 2 3156 3497 2530 3572
16493 4 2 10 2 1756 1980 1758 2977
16494 4 2 10 2 3080 3430 2249 3663
16495 4 2 10 2 411 528 2598 3179
16496 4 2 10 2 1059 1057 1058 3270
16497 4 2 10 2 2896 3220 2449 3365
16498 4 2 10 2 2872 3036 2444 3517
16499 4 2 10 2 1677 1687 3375 3693
16500 4 2 10 2 2258 3093 2654 3115
16501 4 2 10 2 1321 1118 1119 3701
16502 4 2 10 2 2102 2492 3099 3362
16503 4 2 10 2 621 779 623 3427
16504 4 2 10 2 924 923 921 2762
16505 4 2 10 2 1180 1472 1433 2767
16506 4 2 10 2 1624 1622 1625 3339
16507 4 2 10 2 1952 1947 1733 3198
16508 4 2 10 2 2790 3181 2231 3587
16509 4 2 10 2 1170 1171 1412 2674
16510 4 2 10 2 1264 1352 3048 3357
16511 4 2 10 2 1340 1283 3170 3369
16512 4 2 10 2 1022 1247 1001 3257
16513 4 2 10 2 1638 1636 3079 3638
16514 4 2 10 2 1341 1079 1029 3293
16515 4 2 10 2 972 1013 966 2727
16516 4 2 10 2 2983 3426 2315 3602
16517 4 2 10 2 1958 102 1996 292
16518 4 2 10 2 2185 2539 2789 3376
16519 4 2 10 2 3124 3265 2252 3526
16520 4 2 10 2 2466 3342 2814 3711
16521 4 2 10 2 488 470 290 2752
16522 4 2 10 2 248 23 2620 3629
16523 4 2 10 2 2190 3261 3126 3740
16524 4 2 10 2 534 396 429 3295
16525 4 2 10 2 692 2916 768 3429
16526 4 2 10 2 45 608 44 3392
16527 4 2 10 2 2656 2981 2167 3470
16528 4 2 10 2 2773 3231 2321 3514
16529 4 2 10 2 1918 1930 1753 3526
16530 4 2 10 2 2180 3110 2665 3537
16531 4 2 10 2 544 433 424 3285
16532 4 2 10 2 1847 1848 1733 2862
16533 4 2 10 2 344 343 342 3312
16534 4 2 10 2 2230 2616 3219 3558
16535 4 2 10 2 2119 2919 2647 3363
16536 4 2 10 2 677 676 675 3301
16537 4 2 10 2 903 1385 307 2847
16538 4 2 10 2 202 597 752 1984
16539 4 2 10 2 2895 3010 2470 3441
16540 4 2 10 2 1355 1323 1128 3634
16541 4 2 10 2 2766 3117 2402 3531
16542 4 2 10 2 2372 3231 2773 3514
16543 4 2 10 2 630 632 2902 3061
16544 4 2 10 2 2564 3051 2236 3413
16545 4 2 10 2 2478 2197 3122 3618
16546 4 2 10 2 2833 2196 2909 3512
16547 4 2 10 2 2282 2940 2702 3104
16548 4 2 10 2 868 866 2731 3732
16549 4 2 10 2 962 2716 968 3461
16550 4 2 10 2 2186 2698 3222 3227
16551 4 2 10 2 45 846 608 3392
16552 4 2 10 2 865 779 864 2558
16553 4 2 10 2 2220 3258 2671 3263
16554 4 2 10 2 2787 3217 2370 3408
16555 4 2 10 2 2377 3062 3188 3195
16556 4 2 10 2 1790 1751 2782 3590
16557 4 2 10 2 2968 3253 2261 3631
16558 4 2 10 2 2215 3306 2759 3622
16559 4 2 10 2 2307 2701 3323 3710
16560 4 2 10 2 2173 3457 2425 3517
16561 4 2 10 2 2419 2910 2754 3238
16562 4 2 10 2 2529 3180 2936 3742
16563 4 2 10 2 254 251 253 2699
16564 4 2 10 2 2212 3010 2610 3622
16565 4 2 10 2 2220 3263 2490 3443
16566 4 2 10 2 1797 3660 1694 3727
16567 4 2 10 2 535 307 1385 2847
16568 4 2 10 2 697 696 695 2717
16569 4 2 10 2 2784 3352 2334 3699
16570 4 2 10 2 2326 3083 3004 3207
16571 4 2 10 2 1832 3281 2636 3727
16572 4 2 10 2 2444 3355 2425 3517
16573 4 2 10 2 13 1712 2009 2741
16574 4 2 10 2 2357 2661 2885 3635
16575 4 2 10 2 2190 3497 3156 3740
16576 4 2 10 2 2079 3146 2570 3721
16577 4 2 10 2 2489 2735 3024 3518
16578 4 2 10 2 2204 2461 2925 3429
16579 4 2 10 2 2070 2593 3052 3250
16580 4 2 10 2 2171 3605 2509 3679
16581 4 2 10 2 2084 3314 2669 3724
16582 4 2 10 2 560 425 433 2988
16583 4 2 10 2 2693 3018 2278 3593
16584 4 2 10 2 2109 2600 3014 3730
16585 4 2 10 2 2078 2452 3026 3284
16586 4 2 10 2 773 682 766 3233
16587 4 2 10 2 2780 3266 2295 3585
16588 4 2 10 2 1409 819 600 2868
16589 4 2 10 2 1895 1873 1896 2493
16590 4 2 10 2 418 491 372 2805
16591 4 2 10 2 640 3137 2444 3690
16592 4 2 10 2 2978 3351 2106 3459
16593 4 2 10 2 2676 2840 2302 3400
16594 4 2 10 2 769 704 848 3171
16595 4 2 10 2 1222 1468 898 3196
16596 4 2 10 2 2190 3090 2824 3396
16597 4 2 10 2 2112 3390 2552 3445
16598 4 2 10 2 1238 1153 1217 3038
16599 4 2 10 2 1355 1128 2936 3634
16600 4 2 10 2 2082 2522 3108 3436
16601 4 2 10 2 2625 3148 2358 3634
16602 4 2 10 2 1143 1223 1475 2678
16603 4 2 10 2 2122 3084 2639 3400
16604 4 2 10 2 2588 2981 2241 3755
16605 4 2 10 2 246 17 16 3649
16606 4 2 10 2 485 118 1494 1968
16607 4 2 10 2 695 833 3100 3563
16608 4 2 10 2 965 955 1305 2765
16609 4 2 10 2 3631 3706 2443 3753
16610 4 2 10 2 2206 2571 3264 3684
16611 4 2 10 2 2604 3034 843 3233
16612 4 2 10 2 467 2726 898 3196
16613 4 2 10 2 2318 3610 3164 3726
16614 4 2 10 2 1917 1675 1898 2906
16615 4 2 10 2 970 3121 1119 3701
16616 4 2 10 2 980 3729 2808 3741
16617 4 2 10 2 324 323 322 2621
16618 4 2 10 2 1242 2468 878 3759
16619 4 2 10 2 2661 3101 2831 3229
16620 4 2 10 2 1972 1774 1519 2606
16621 4 2 10 2 247 1 25 2877
16622 4 2 10 2 2554 3101 2831 3744
16623 4 2 10 2 2599 3655 3476 3702
16624 4 2 10 2 1437 1208 1174 3261
16625 4 2 10 2 2508 2909 2744 3254
16626 4 2 10 2 2187 3228 2649 3375
16627 4 2 10 2 1272 1273 1215 2818
16628 4 2 10 2 656 654 655 3452
16629 4 2 10 2 2352 2553 2937 3388
16630 4 2 10 2 2569 3208 2509 3679
16631 4 2 10 2 2665 3110 2347 3537
16632 4 2 10 2 2637 2379 3522 3751
16633 4 2 10 2 240 259 252 2917
16634 4 2 10 2 728 754 753 3353
16635 4 2 10 2 2864 3189 429 3723
16636 4 2 10 2 2137 2413 3191 3497
16637 4 2 10 2 2310 3314 2669 3333
16638 4 2 10 2 2439 2214 3315 3588
16639 4 2 10 2 2230 2876 2631 3219
16640 4 2 10 2 2139 2557 3193 3384
16641 4 2 10 2 2319 2502 3143 3339
16642 4 2 10 2 1901 1942 2489 3518
16643 4 2 10 2 2432 3175 3096 3501
16644 4 2 10 2 2340 3119 2828 3462
16645 4 2 10 2 2455 3563 2662 3745
16646 4 2 10 2 1362 1365 956 3450
16647 4 2 10 2 369 421 366 3381
16648 4 2 10 2 1447 1426 1050 3520
16649 4 2 10 2 2946 3021 2089 3573
16650 4 2 10 2 841 3097 2646 3720
16651 4 2 10 2 2429 3425 2500 3614
16652 4 2 10 2 2084 3135 3711 3724
16653 4 2 10 2 104 297 451 1500
16654 4 2 10 2 1860 2748 1828 3519
16655 4 2 10 2 1216 1398 1429 2659
16656 4 2 10 2 2745 3001 2169 3100
16657 4 2 10 2 2087 3007 3466 3572
16658 4 2 10 2 1863 1631 1853 3075
16659 4 2 10 2 1595 2827 1585 3484
16660 4 2 10 2 962 1309 964 3736
16661 4 2 10 2 447 131 1511 1940
16662 4 2 10 2 2062 3039 2599 3239
16663 4 2 10 2 526 273 493 3673
16664 4 2 10 2 690 693 694 3745
16665 4 2 10 2 1811 1513 91 3330
16666 4 2 10 2 571 896 2738 3581
16667 4 2 10 2 202 597 1984 1509
16668 4 2 10 2 2555 2347 3450 3583
16669 4 2 10 2 589 739 790 3417
16670 4 2 10 2 1719 3003 1961 3315
16671 4 2 10 2 2073 3482 2820 3550
16672 4 2 10 2 2559 3389 28 3524
16673 4 2 10 2 298 2864 901 3197
16674 4 2 10 2 2786 3115 2441 3688
16675 4 2 10 2 317 315 405 2653
16676 4 2 10 2 2625 3047 1027 3634
16677 4 2 10 2 404 2659 481 3453
16678 4 2 10 2 1291 937 940 2854
16679 4 2 10 2 2227 3018 2693 3593
16680 4 2 10 2 1542 1886 1831 2938
16681 4 2 10 2 1294 2912 1284 3704
16682 4 2 10 2 311 2979 2640 3737
16683 4 2 10 2 2073 3269 3359 3612
16684 4 2 10 2 878 2468 3749 3759
16685 4 2 10 2 1307 1125 1055 2813
16686 4 2 10 2 2237 2812 3542 3589
16687 4 2 10 2 2516 3502 2311 3600
16688 4 2 10 2 116 1520 1971 300
16689 4 2 10 2 1680 1670 2768 3587
16690 4 2 10 2 1142 2955 1395 3515
16691 4 2 10 2 1828 1666 1674 3451
16692 4 2 10 2 491 418 302 2575
16693 4 2 10 2 1133 2637 1363 3751
16694 4 2 10 2 2555 3025 2347 3583
16695 4 2 10 2 2227 2876 3018 3593
16696 4 2 10 2 1374 1444 1439 3069
16697 4 2 10 2 590 207 787 3565
16698 4 2 10 2 791 198 1529 1967
16699 4 2 10 2 2508 3172 2909 3254
16700 4 2 10 2 1204 1225 1226 3613
16701 4 2 10 2 2335 3173 3067 3440
16702 4 2 10 2 2432 3501 3170 3536
16703 4 2 10 2 1966 1915 1735 3256
16704 4 2 10 2 2184 2793 2636 3760
16705 4 2 10 2 1294 1284 1353 3704
16706 4 2 10 2 1264 1136 1352 3357
16707 4 2 10 2 1306 1335 1099 3393
16708 4 2 10 2 1284 2912 1353 3704
16709 4 2 10 2 936 3060 1316 3653
16710 4 2 10 2 348 350 349 2851
16711 4 2 10 2 2485 2935 2930 3607
16712 4 2 10 2 1428 1469 1350 2893
16713 4 2 10 2 572 793 812 2643
16714 4 2 10 2 1287 2616 1092 3633
16715 4 2 10 2 2061 2552 2910 3194
16716 4 2 10 2 2721 3330 2265 3354
16717 4 2 10 2 1409 1214 2868 3370
16718 4 2 10 2 1552 1553 1879 3605
16719 4 2 10 2 2524 2859 2829 3185
16720 4 2 10 2 2181 3276 2559 3349
16721 4 2 10 2 148 908 575 767
16722 4 2 10 2 536 2864 429 3723
16723 4 2 10 2 2230 3376 2789 3558
16724 4 2 10 2 359 357 358 3204
16725 4 2 10 2 13 12 244 2980
16726 4 2 10 2 553 270 442 3691
16727 4 2 10 2 307 2847 521 3105
16728 4 2 10 2 390 391 394 3475
16729 4 2 10 2 1978 2590 1809 3588
16730 4 2 10 2 2076 2589 2784 3176
16731 4 2 10 2 1043 3067 1279 3173
16732 4 2 10 2 781 668 782 3507
16733 4 2 10 2 714 645 3217 3408
16734 4 2 10 2 2336 3230 2881 3637
16735 4 2 10 2 2261 2808 3253 3570
16736 4 2 10 2 1964 1952 1498 2998
16737 4 2 10 2 2882 2942 2133 2960
16738 4 2 10 2 2038 1937 2012 3133
16739 4 2 10 2 1625 2502 3339 3663
16740 4 2 10 2 597 750 732 2823
16741 4 2 10 2 2823 3246 2191 3303
16742 4 2 10 2 641 3355 2444 3557
16743 4 2 10 2 2701 3044 2245 3574
16744 4 2 10 2 1284 1051 2912 3347
16745 4 2 10 2 2071 2463 3160 3579
16746 4 2 10 2 1236 1182 1420 3229
16747 4 2 10 2 1915 1530 1993 3237
16748 4 2 10 2 2213 3453 2659 3535
16749 4 2 10 2 2237 2546 3379 3689
16750 4 2 10 2 310 311 437 2640
16751 4 2 10 2 2161 2910 2552 3194
16752 4 2 10 2 1579 1844 1933 2639
16753 4 2 10 2 2217 3271 2501 3730
16754 4 2 10 2 1699 1870 1871 3089
16755 4 2 10 2 1360 2997 994 3492
16756 4 2 10 2 2204 3327 2611 3754
16757 4 2 10 2 2262 2859 2829 3682
16758 4 2 10 2 253 251 252 3696
16759 4 2 10 2 795 824 2738 3301
16760 4 2 10 2 2640 2979 2127 3024
16761 4 2 10 2 1386 467 280 3345
16762 4 2 10 2 2746 3048 2485 3357
16763 4 2 10 2 1931 1998 1739 3068
16764 4 2 10 2 2509 3605 3124 3679
16765 4 2 10 2 2476 3428 2668 3529
16766 4 2 10 2 1691 1739 1761 3068
16767 4 2 10 2 2499 2363 3099 3552
16768 4 2 10 2 2257 2807 2551 3520
16769 4 2 10 2 1405 1470 1198 3118
16770 4 2 10 2 1687 2649 3375 3693
16771 4 2 10 2 2228 2543 3103 3402
16772 4 2 10 2 1202 1205 1200 3525
16773 4 2 10 2 1205 1290 1449 3248
16774 4 2 10 2 2114 2707 2961 3562
16775 4 2 10 2 2209 2720 2987 3078
16776 4 2 10 2 1861 1640 1862 3225
16777 4 2 10 2 2758 2836 2152 3701
16778 4 2 10 2 2318 3053 2847 3726
16779 4 2 10 2 2208 2847 3053 3726
16780 4 2 10 2 614 618 786 3178
16781 4 2 10 2 1832 2636 1804 3727
16782 4 2 10 2 1124 1266 1268 3258
16783 4 2 10 2 2348 3277 2639 3526
16784 4 2 10 2 1170 1412 1210 2674
16785 4 2 10 2 1756 1758 1607 2977
16786 4 2 10 2 584 776 775 3576
16787 4 2 10 2 3093 3115 2258 3363
16788 4 2 10 2 2323 2700 3448 3601
16789 4 2 10 2 49 444 883 1394
16790 4 2 10 2 2341 3220 2778 3670
16791 4 2 10 2 2778 3220 2277 3670
16792 4 2 10 2 2587 2869 2069 3356
16793 4 2 10 2 2341 3551 2787 3667
16794 4 2 10 2 806 804 603 2531
16795 4 2 10 2 2281 2715 3139 3326
16796 4 2 10 2 2108 3139 2715 3326
16797 4 2 10 2 1378 1424 1391 2841
16798 4 2 10 2 1107 2855 1085 3743
16799 4 2 10 2 1768 1769 1707 3303
16800 4 2 10 2 2094 3426 2650 3659
16801 4 2 10 2 407 2526 460 3304
16802 4 2 10 2 509 521 499 3167
16803 4 2 10 2 1644 1928 3489 3657
16804 4 2 10 2 987 1440 989 3019
16805 4 2 10 2 786 612 614 3178
16806 4 2 10 2 2832 3195 2311 3757
16807 4 2 10 2 1685 1677 1676 3693
16808 4 2 10 2 1852 1632 1725 3586
16809 4 2 10 2 2087 2850 3191 3466
16810 4 2 10 2 283 1425 531 3149
16811 4 2 10 2 2104 2452 3212 3545
16812 4 2 10 2 1886 1882 1743 3419
16813 4 2 10 2 2489 2979 312 3737
16814 4 2 10 2 1703 1729 2734 3386
16815 4 2 10 2 1490 744 230 1943
16816 4 2 10 2 2345 2583 3331 3619
16817 4 2 10 2 2322 3544 3060 3653
16818 4 2 10 2 444 282 49 883
16819 4 2 10 2 2427 3271 3241 3730
16820 4 2 10 2 2707 3468 2239 3562
16821 4 2 10 2 2179 2884 2954 3632
16822 4 2 10 2 2059 1814 1525 3051
16823 4 2 10 2 2511 2855 3369 3669
16824 4 2 10 2 1596 1585 2827 3424
16825 4 2 10 2 579 811 717 2835
16826 4 2 10 2 1920 2899 1783 3703
16827 4 2 10 2 2191 3246 2649 3303
16828 4 2 10 2 2841 3106 2185 3427
16829 4 2 10 2 326 2969 502 3664
16830 4 2 10 2 2432 2182 3170 3501
16831 4 2 10 2 2121 2603 2992 3716
16832 4 2 10 2 2745 3368 2274 3582
16833 4 2 10 2 813 598 3266 3708
16834 4 2 10 2 1085 1084 1052 2855
16835 4 2 10 2 2599 2103 2819 3123
16836 4 2 10 2 1720 1951 1981 2651
16837 4 2 10 2 568 742 741 3720
16838 4 2 10 2 2199 2840 2676 3400
16839 4 2 10 2 1567 1744 1876 3600
16840 4 2 10 2 2891 3053 2208 3167
16841 4 2 10 2 2031 2032 1757 2834
16842 4 2 10 2 2711 3134 2236 3290
16843 4 2 10 2 1375 3377 1250 3483
16844 4 2 10 2 2716 3323 2245 3623
16845 4 2 10 2 2446 3079 2283 3638
16846 4 2 10 2 2064 2965 3332 3349
16847 4 2 10 2 1137 2614 3214 3683
16848 4 2 10 2 576 2760 801 2761
16849 4 2 10 2 2280 2535 3027 3656
16850 4 2 10 2 1704 2848 1909 3451
16851 4 2 10 2 613 612 611 3291
16852 4 2 10 2 2485 2317 2935 3607
16853 4 2 10 2 1407 910 1207 3266
16854 4 2 10 2 2641 2998 2192 3144
16855 4 2 10 2 2084 2466 3318 3448
16856 4 2 10 2 2348 3277 2733 3280
16857 4 2 10 2 2638 3073 2242 3410
16858 4 2 10 2 3241 3271 2217 3730
16859 4 2 10 2 2499 2363 3552 3683
16860 4 2 10 2 2407 2828 3357 3462
16861 4 2 10 2 1578 1564 1869 3580
16862 4 2 10 2 2844 3088 2150 3695
16863 4 2 10 2 2322 3060 2951 3653
16864 4 2 10 2 2324 3233 3034 3401
16865 4 2 10 2 1885 2884 1887 3615
16866 4 2 10 2 1422 2778 1260 3667
16867 4 2 10 2 1199 1200 1426 2807
16868 4 2 10 2 784 818 573 3051
16869 4 2 10 2 2072 3255 2523 3596
16870 4 2 10 2 2555 3158 2374 3583
16871 4 2 10 2 2135 3155 2631 3377
16872 4 2 10 2 841 2646 852 3720
16873 4 2 10 2 2361 3065 2820 3482
16874 4 2 10 2 440 438 2975 3223
16875 4 2 10 2 339 3447 2433 3758
16876 4 2 10 2 2734 3027 2414 3754
16877 4 2 10 2 295 94 443 3737
16878 4 2 10 2 523 271 560 2988
16879 4 2 10 2 1746 1869 1890 3580
16880 4 2 10 2 1378 2841 1391 3749
16881 4 2 10 2 685 2920 776 3499
16882 4 2 10 2 2377 3195 2832 3757
16883 4 2 10 2 2497 2906 2273 3703
16884 4 2 10 2 103 1958 451 292
16885 4 2 10 2 1954 1777 1512 2742
16886 4 2 10 2 2200 3063 2607 3282
16887 4 2 10 2 2463 3160 2471 3299
16888 4 2 10 2 2044 1516 2019 2752
16889 4 2 10 2 2326 2908 3082 3327
16890 4 2 10 2 2881 2226 3549 3691
16891 4 2 10 2 2791 2934 2474 3652
16892 4 2 10 2 377 493 375 2865
16893 4 2 10 2 1496 1804 1946 3235
16894 4 2 10 2 820 851 701 3396
16895 4 2 10 2 2603 3340 2277 3670
16896 4 2 10 2 503 2880 343 3095
16897 4 2 10 2 697 695 729 2717
16898 4 2 10 2 586 769 770 2767
16899 4 2 10 2 1225 1204 1203 2561
16900 4 2 10 2 536 1382 2864 3723
16901 4 2 10 2 426 2851 350 3464
16902 4 2 10 2 903 1220 2847 3105
16903 4 2 10 2 2452 3222 3026 3284
16904 4 2 10 2 1082 1083 1067 3566
16905 4 2 10 2 900 1439 524 3070
16906 4 2 10 2 2499 3552 3000 3683
16907 4 2 10 2 607 730 834 3098
16908 4 2 10 2 2715 2879 2430 3326
16909 4 2 10 2 456 2484 497 3625
16910 4 2 10 2 2367 2882 2550 3260
16911 4 2 10 2 954 1305 955 2765
16912 4 2 10 2 1848 1989 1952 2998
16913 4 2 10 2 2222 2600 3014 3569
16914 4 2 10 2 2799 2675 3393 3610
16915 4 2 10 2 2081 2804 3134 3290
16916 4 2 10 2 1400 907 539 2893
16917 4 2 10 2 30 262 3276 3732
16918 4 2 10 2 2363 2499 3099 3683
16919 4 2 10 2 2312 3297 2981 3755
16920 4 2 10 2 2204 2916 2535 3429
16921 4 2 10 2 2156 2545 2887 3360
16922 4 2 10 2 1817 1640 1637 3079
16923 4 2 10 2 243 20 3385 3700
16924 4 2 10 2 720 817 2973 3370
16925 4 2 10 2 729 3100 835 3368
16926 4 2 10 2 1920 1783 1846 3703
16927 4 2 10 2 2652 2899 2309 3322
16928 4 2 10 2 522 422 3070 3305
16929 4 2 10 2 12 13 1524 2980
16930 4 2 10 2 2023 2019 1772 3162
16931 4 2 10 2 1458 1384 902 3098
16932 4 2 10 2 1480 1192 1254 3543
16933 4 2 10 2 1459 1153 268 3038
16934 4 2 10 2 2084 3318 2466 3711
16935 4 2 10 2 663 759 758 2756
16936 4 2 10 2 1162 3110 2624 3645
16937 4 2 10 2 1790 2782 1997 3439
16938 4 2 10 2 1418 1176 1397 3405
16939 4 2 10 2 2900 2959 2569 3568
16940 4 2 10 2 727 832 2691 3731
16941 4 2 10 2 1919 1914 1718 2568
16942 4 2 10 2 2504 3108 2888 3436
16943 4 2 10 2 2542 3404 2091 3510
16944 4 2 10 2 2237 3334 2576 3589
16945 4 2 10 2 688 690 856 3414
16946 4 2 10 2 1222 1468 3196 3214
16947 4 2 10 2 2229 2777 2704 3580
16948 4 2 10 2 3054 3242 2336 3637
16949 4 2 10 2 885 1383 1206 2870
16950 4 2 10 2 2085 3371 2707 3468
16951 4 2 10 2 330 3527 2538 3664
16952 4 2 10 2 2312 2901 2627 3755
16953 4 2 10 2 1558 1557 1559 2697
16954 4 2 10 2 934 933 938 3335
16955 4 2 10 2 1360 2997 2574 3616
16956 4 2 10 2 1376 875 1438 2663
16957 4 2 10 2 1260 3454 2778 3751
16958 4 2 10 2 1478 3086 1413 3674
16959 4 2 10 2 2117 3648 2719 3710
16960 4 2 10 2 2863 3597 2638 3649
16961 4 2 10 2 604 904 144 743
16962 4 2 10 2 2168 3357 2828 3462
16963 4 2 10 2 1844 1934 1933 3277
16964 4 2 10 2 744 1490 230 605
16965 4 2 10 2 2085 2989 2911 3371
16966 4 2 10 2 2237 3329 2812 3589
16967 4 2 10 2 1935 1920 1721 3043
16968 4 2 10 2 1184 1427 1150 3667
16969 4 2 10 2 2343 3191 2850 3466
16970 4 2 10 2 2235 2980 2694 3458
16971 4 2 10 2 785 778 723 3125
16972 4 2 10 2 837 841 706 3097
16973 4 2 10 2 2211 3116 3207 3510
16974 4 2 10 2 2267 2863 2638 3649
16975 4 2 10 2 944 3556 1294 3704
16976 4 2 10 2 3000 3552 2363 3683
16977 4 2 10 2 2648 2892 2176 3287
16978 4 2 10 2 568 2742 742 3720
16979 4 2 10 2 2741 3458 3071 3665
16980 4 2 10 2 1643 1912 1904 2861
16981 4 2 10 2 2160 3211 2820 3550
16982 4 2 10 2 2615 2769 2222 3608
16983 4 2 10 2 1709 1710 2692 3183
16984 4 2 10 2 1584 1585 1572 3424
16985 4 2 10 2 1014 3040 1328 3614
16986 4 2 10 2 744 608 846 2730
16987 4 2 10 2 2227 3652 2554 3744
16988 4 2 10 2 565 479 277 2893
16989 4 2 10 2 981 982 979 3729
16990 4 2 10 2 641 640 639 3557
16991 4 2 10 2 302 418 489 3343
16992 4 2 10 2 1429 481 2659 3453
16993 4 2 10 2 1410 1258 3147 3454
16994 4 2 10 2 1852 1853 1631 3016
16995 4 2 10 2 1741 1496 11 2753
16996 4 2 10 2 1124 2671 3258 3263
16997 4 2 10 2 672 670 671 3534
16998 4 2 10 2 890 1402 1470 3118
16999 4 2 10 2 1939 1938 3392 3486
17000 4 2 10 2 2295 2984 2835 3708
17001 4 2 10 2 2164 3006 2699 3668
17002 4 2 10 2 319 316 318 3046
17003 4 2 10 2 2750 3159 2383 3354
17004 4 2 10 2 1760 2626 1976 3495
17005 4 2 10 2 2727 3093 2654 3456
17006 4 2 10 2 761 768 692 2916
17007 4 2 10 2 415 2663 507 3182
17008 4 2 10 2 1772 2694 2009 3162
17009 4 2 10 2 2534 3119 2379 3446
17010 4 2 10 2 15 2638 3597 3649
17011 4 2 10 2 664 2973 817 3434
17012 4 2 10 2 2387 2943 2622 3362
17013 4 2 10 2 1610 1798 2054 3496
17014 4 2 10 2 2425 3457 3011 3517
17015 4 2 10 2 544 3548 3285 3687
17016 4 2 10 2 2160 2820 3065 3482
17017 4 2 10 2 1900 1942 3518 3594
17018 4 2 10 2 563 2805 370 3210
17019 4 2 10 2 944 2764 3556 3704
17020 4 2 10 2 438 306 437 3330
17021 4 2 10 2 495 2659 404 3111
17022 4 2 10 2 1897 3379 2546 3689
17023 4 2 10 2 1277 951 1311 2751
17024 4 2 10 2 2893 3398 2213 3453
17025 4 2 10 2 2253 3118 2517 3460
17026 4 2 10 2 670 3485 671 3534
17027 4 2 10 2 783 1983 215 1493
17028 4 2 10 2 308 445 549 2783
17029 4 2 10 2 2305 2646 3097 3720
17030 4 2 10 2 901 2864 1473 3197
17031 4 2 10 2 1575 1881 3128 3757
17032 4 2 10 2 718 3266 2780 3585
17033 4 2 10 2 1693 3045 1695 3391
17034 4 2 10 2 1053 1114 1023 3644
17035 4 2 10 2 905 830 179 1390
17036 4 2 10 2 2735 3127 2207 3724
17037 4 2 10 2 980 979 978 2808
17038 4 2 10 2 2279 3570 3278 3728
17039 4 2 10 2 27 28 3389 3524
17040 4 2 10 2 2854 2935 2317 3607
17041 4 2 10 2 1762 2801 2041 3465
17042 4 2 10 2 3126 3261 2375 3740
17043 4 2 10 2 693 690 689 2662
17044 4 2 10 2 2087 2755 2850 3373
17045 4 2 10 2 641 643 642 3355
17046 4 2 10 2 1261 2778 3454 3667
17047 4 2 10 2 1380 1143 1138 2927
17048 4 2 10 2 1759 2977 1758 3495
17049 4 2 10 2 2542 3207 3116 3510
17050 4 2 10 2 2797 3291 2479 3510
17051 4 2 10 2 405 424 317 3285
17052 4 2 10 2 2672 3128 2201 3192
17053 4 2 10 2 833 727 595 2691
17054 4 2 10 2 1664 1661 3281 3567
17055 4 2 10 2 720 2418 577 3370
17056 4 2 10 2 654 663 2941 3452
17057 4 2 10 2 2657 2965 2371 3432
17058 4 2 10 2 2306 2555 3158 3553
17059 4 2 10 2 1249 1226 2831 3480
17060 4 2 10 2 426 496 465 3464
17061 4 2 10 2 336 334 431 2943
17062 4 2 10 2 2120 3030 2589 3623
17063 4 2 10 2 2130 2899 2687 3043
17064 4 2 10 2 945 941 1359 3418
17065 4 2 10 2 1795 2802 1981 3530
17066 4 2 10 2 2790 3181 2396 3650
17067 4 2 10 2 2260 3035 2875 3643
17068 4 2 10 2 2249 3143 2502 3339
17069 4 2 10 2 351 3319 510 3443
17070 4 2 10 2 1071 1016 1299 3421
17071 4 2 10 2 295 311 310 3737
17072 4 2 10 2 307 903 2847 3105
17073 4 2 10 2 1542 1539 1537 2948
17074 4 2 10 2 1334 1352 947 3048
17075 4 2 10 2 1594 1595 1585 3484
17076 4 2 10 2 2411 3685 2829 3752
17077 4 2 10 2 2031 2834 1757 3081
17078 4 2 10 2 2853 3132 2276 3431
17079 4 2 10 2 64 915 886 2974
17080 4 2 10 2 2224 2829 3685 3752
17081 4 2 10 2 834 730 585 3098
17082 4 2 10 2 2241 2981 3297 3755
17083 4 2 10 2 2085 3033 2989 3387
17084 4 2 10 2 235 3177 3629 3756
17085 4 2 10 2 864 2558 779 3427
17086 4 2 10 2 1872 2982 1624 3486
17087 4 2 10 2 865 864 575 2558
17088 4 2 10 2 1558 2697 1559 3621
17089 4 2 10 2 1669 2790 1988 3619
17090 4 2 10 2 1258 1146 1410 3147
17091 4 2 10 2 809 807 579 2678
17092 4 2 10 2 2200 3031 2475 3387
17093 4 2 10 2 1483 3054 2022 3637
17094 4 2 10 2 2187 2889 2649 3228
17095 4 2 10 2 979 2808 980 3729
17096 4 2 10 2 1918 3265 1930 3526
17097 4 2 10 2 1589 1597 1590 3734
17098 4 2 10 2 607 876 847 3654
17099 4 2 10 2 1059 1058 1064 3113
17100 4 2 10 2 413 3149 473 3361
17101 4 2 10 2 2219 2529 3338 3666
17102 4 2 10 2 2552 3194 2061 3753
17103 4 2 10 2 2333 3237 2776 3385
17104 4 2 10 2 1551 1821 1838 2924
17105 4 2 10 2 2074 2656 3188 3470
17106 4 2 10 2 497 456 284 2484
17107 4 2 10 2 2073 2887 2703 3269
17108 4 2 10 2 203 752 1519 1984
17109 4 2 10 2 2138 2586 3074 3675
17110 4 2 10 2 1996 1921 1958 2687
17111 4 2 10 2 2125 2569 2959 3568
17112 4 2 10 2 427 394 534 3295
17113 4 2 10 2 1563 1575 1570 3757
17114 4 2 10 2 1303 1064 1142 3515
17115 4 2 10 2 1184 1151 1423 3551
17116 4 2 10 2 514 2870 417 3715
17117 4 2 10 2 2211 3291 2797 3510
17118 4 2 10 2 1407 1454 894 3370
17119 4 2 10 2 696 2717 697 3554
17120 4 2 10 2 267 1501 2056 3750
17121 4 2 10 2 950 1317 1269 3282
17122 4 2 10 2 2740 3566 3261 3740
17123 4 2 10 2 2160 2820 3211 3579
17124 4 2 10 2 896 1215 1273 2738
17125 4 2 10 2 2575 2243 3343 3697
17126 4 2 10 2 584 775 1528 3576
17127 4 2 10 2 1173 2745 1097 3372
17128 4 2 10 2 1636 1637 1638 3079
17129 4 2 10 2 1314 974 1320 3348
17130 4 2 10 2 506 304 1443 3548
17131 4 2 10 2 1567 1554 1599 3502
17132 4 2 10 2 2388 3227 2698 3655
17133 4 2 10 2 883 1480 1455 3543
17134 4 2 10 2 2807 2944 2173 3457
17135 4 2 10 2 1189 1310 1126 3251
17136 4 2 10 2 2247 2465 3242 3475
17137 4 2 10 2 2524 2206 3264 3684
17138 4 2 10 2 440 436 425 2975
17139 4 2 10 2 1903 3077 1919 3397
17140 4 2 10 2 2071 3160 2463 3299
17141 4 2 10 2 2171 3124 3605 3679
17142 4 2 10 2 1433 2690 1432 3633
17143 4 2 10 2 2224 2728 3378 3685
17144 4 2 10 2 1952 1964 1947 2648
17145 4 2 10 2 1663 1676 1677 2781
17146 4 2 10 2 1982 1526 489 3343
17147 4 2 10 2 908 148 575 1401
17148 4 2 10 2 977 2808 979 3570
17149 4 2 10 2 386 477 476 3287
17150 4 2 10 2 2060 2642 3316 3611
17151 4 2 10 2 1019 3365 1018 3741
17152 4 2 10 2 2462 3272 2757 3383
17153 4 2 10 2 2015 3343 1982 3620
17154 4 2 10 2 806 714 804 2531
17155 4 2 10 2 2097 2833 3268 3754
17156 4 2 10 2 2527 2812 3329 3589
17157 4 2 10 2 263 26 27 2689
17158 4 2 10 2 1112 1188 1319 2683
17159 4 2 10 2 1950 1822 1719 2532
17160 4 2 10 2 1914 1488 1785 2756
17161 4 2 10 2 2204 3082 2908 3327
17162 4 2 10 2 666 665 664 3434
17163 4 2 10 2 2074 2647 3188 3195
17164 4 2 10 2 2127 2706 3342 3571
17165 4 2 10 2 1529 197 812 2001
17166 4 2 10 2 2179 2902 2572 3632
17167 4 2 10 2 2018 2881 3549 3691
17168 4 2 10 2 1693 1692 1694 3727
17169 4 2 10 2 2690 3336 2275 3592
17170 4 2 10 2 2552 3390 3152 3445
17171 4 2 10 2 1226 1183 1249 2831
17172 4 2 10 2 2073 2887 3269 3612
17173 4 2 10 2 878 1242 1378 2468
17174 4 2 10 2 1880 1584 1593 2883
17175 4 2 10 2 727 832 595 2691
17176 4 2 10 2 2107 3438 2441 3617
17177 4 2 10 2 2347 3374 2665 3537
17178 4 2 10 2 588 731 753 3353
17179 4 2 10 2 2246 3438 2593 3626
17180 4 2 10 2 16 2638 15 3649
17181 4 2 10 2 2395 3533 2578 3577
17182 4 2 10 2 104 297 1500 1945
17183 4 2 10 2 777 584 2003 3576
17184 4 2 10 2 1071 3205 1016 3421
17185 4 2 10 2 273 524 422 3070
17186 4 2 10 2 2688 2858 2123 3490
17187 4 2 10 2 1217 3038 1459 3548
17188 4 2 10 2 1823 1677 1687 3375
17189 4 2 10 2 1411 1460 881 2761
17190 4 2 10 2 2163 3045 2560 3391
17191 4 2 10 2 586 153 899 1435
17192 4 2 10 2 1800 1927 1528 2920
17193 4 2 10 2 995 3288 998 3492
17194 4 2 10 2 112 1784 454 291
17195 4 2 10 2 2407 3048 2746 3357
17196 4 2 10 2 2102 2622 2857 3362
17197 4 2 10 2 224 829 1937 2026
17198 4 2 10 2 1923 206 787 570
17199 4 2 10 2 2068 2510 2962 3595
17200 4 2 10 2 1065 1303 1082 3566
17201 4 2 10 2 539 277 1400 2893
17202 4 2 10 2 1664 1661 1692 3281
17203 4 2 10 2 1505 1815 2563 3576
17204 4 2 10 2 684 691 766 3233
17205 4 2 10 2 648 3010 726 3498
17206 4 2 10 2 2101 3112 2577 3630
17207 4 2 10 2 651 715 809 3441
17208 4 2 10 2 1311 961 1023 3644
17209 4 2 10 2 1631 1629 1632 3394
17210 4 2 10 2 659 658 657 2780
17211 4 2 10 2 1948 1843 1732 2957
17212 4 2 10 2 1905 3420 1928 3657
17213 4 2 10 2 1633 1629 1836 3394
17214 4 2 10 2 573 1525 1983 3051
17215 4 2 10 2 2255 3566 2740 3740
17216 4 2 10 2 1332 3261 1303 3515
17217 4 2 10 2 2866 2971 2354 3234
17218 4 2 10 2 1824 1823 1708 3375
17219 4 2 10 2 2080 2987 2720 3078
17220 4 2 10 2 2600 2222 3442 3496
17221 4 2 10 2 1275 2845 1348 3471
17222 4 2 10 2 2176 3198 2648 3578
17223 4 2 10 2 2968 3570 3253 3631
17224 4 2 10 2 867 137 138 2660
17225 4 2 10 2 2105 3340 2603 3670
17226 4 2 10 2 1298 990 993 2821
17227 4 2 10 2 1386 1436 898 3345
17228 4 2 10 2 2038 2049 1865 3133
17229 4 2 10 2 467 2726 280 3345
17230 4 2 10 2 114 284 455 1957
17231 4 2 10 2 284 115 484 1520
17232 4 2 10 2 2309 2538 3527 3664
17233 4 2 10 2 1026 1285 1113 2809
17234 4 2 10 2 863 676 2803 3499
17235 4 2 10 2 2281 2447 3352 3416
17236 4 2 10 2 2814 3342 2706 3571
17237 4 2 10 2 1581 1582 1568 2878
17238 4 2 10 2 2364 2873 3512 3675
17239 4 2 10 2 866 870 139 3680
17240 4 2 10 2 2158 2983 2956 3138
17241 4 2 10 2 485 118 486 1494
17242 4 2 10 2 1860 1666 1828 2748
17243 4 2 10 2 199 1497 1967 578
17244 4 2 10 2 1452 1418 1244 3738
17245 4 2 10 2 2668 3428 2999 3529
17246 4 2 10 2 1878 1671 1910 2586
17247 4 2 10 2 2228 3402 2952 3655
17248 4 2 10 2 2127 3342 2814 3571
17249 4 2 10 2 541 3111 331 3541
17250 4 2 10 2 2279 3278 2642 3611
17251 4 2 10 2 2571 2962 3264 3684
17252 4 2 10 2 2082 2945 2522 3436
17253 4 2 10 2 815 577 720 2418
17254 4 2 10 2 782 1994 1969 213
17255 4 2 10 2 954 1305 2765 3645
17256 4 2 10 2 2820 3211 2463 3550
17257 4 2 10 2 1995 288 99 1965
17258 4 2 10 2 1615 2840 1791 3401
17259 4 2 10 2 962 963 968 2716
17260 4 2 10 2 1243 2712 1452 3738
17261 4 2 10 2 2170 2861 3231 3641
17262 4 2 10 2 2075 2876 3412 3593
17263 4 2 10 2 116 300 484 1520
17264 4 2 10 2 2220 3031 3387 3604
17265 4 2 10 2 1510 1995 2007 3474
17266 4 2 10 2 2088 2929 3117 3531
17267 4 2 10 2 1430 1453 913 3336
17268 4 2 10 2 986 988 1256 3059
17269 4 2 10 2 590 1786 207 3565
17270 4 2 10 2 2630 3729 1278 3741
17271 4 2 10 2 1122 1119 1121 3121
17272 4 2 10 2 2313 3129 3519 3662
17273 4 2 10 2 1633 3394 2619 3640
17274 4 2 10 2 2175 2583 3331 3598
17275 4 2 10 2 713 683 828 2645
17276 4 2 10 2 606 1486 188 2050
17277 4 2 10 2 1087 1088 1145 3064
17278 4 2 10 2 1024 964 1307 3736
17279 4 2 10 2 1019 1018 1006 3741
17280 4 2 10 2 978 1006 980 3741
17281 4 2 10 2 1858 1590 1613 3084
17282 4 2 10 2 959 1118 1295 2758
17283 4 2 10 2 2218 2977 2972 3495
17284 4 2 10 2 137 822 138 2660
17285 4 2 10 2 2181 2559 3276 3680
17286 4 2 10 2 2560 2301 3383 3760
17287 4 2 10 2 1284 935 1051 3347
17288 4 2 10 2 1593 1584 1578 2883
17289 4 2 10 2 927 1323 1027 3047
17290 4 2 10 2 429 298 534 2864
17291 4 2 10 2 1626 1622 1829 3339
17292 4 2 10 2 806 3249 715 3441
17293 4 2 10 2 1261 2778 1260 3454
17294 4 2 10 2 675 674 673 3301
17295 4 2 10 2 1643 2861 1904 3722
17296 4 2 10 2 1118 2758 959 3701
17297 4 2 10 2 2281 2879 2715 3326
17298 4 2 10 2 929 930 928 2696
17299 4 2 10 2 3034 3233 2604 3401
17300 4 2 10 2 2066 3202 2666 3481
17301 4 2 10 2 328 502 387 3664
17302 4 2 10 2 2285 3040 2736 3395
17303 4 2 10 2 2692 3012 2177 3183
17304 4 2 10 2 2406 3271 3241 3419
17305 4 2 10 2 1449 1003 1293 3275
17306 4 2 10 2 2273 3561 2652 3703
17307 4 2 10 2 1573 1904 1851 3641
17308 4 2 10 2 1597 1715 1598 3734
17309 4 2 10 2 809 717 653 3325
17310 4 2 10 2 664 662 661 2973
17311 4 2 10 2 411 2598 527 3673
17312 4 2 10 2 2083 2949 2695 3280
17313 4 2 10 2 2274 3098 2740 3582
17314 4 2 10 2 3241 3271 2427 3419
17315 4 2 10 2 30 262 260 3276
17316 4 2 10 2 491 302 478 2575
17317 4 2 10 2 1596 1837 1585 3424
17318 4 2 10 2 752 203 1519 588
17319 4 2 10 2 12 244 2980 3717
17320 4 2 10 2 2086 2894 2769 3014
17321 4 2 10 2 937 3221 2854 3347
17322 4 2 10 2 721 669 666 3434
17323 4 2 10 2 816 577 1407 3370
17324 4 2 10 2 1212 1187 1185 3149
17325 4 2 10 2 1590 1613 3084 3734
17326 4 2 10 2 2194 3326 2879 3416
17327 4 2 10 2 3006 3337 2394 3529
17328 4 2 10 2 2160 3065 2820 3579
17329 4 2 10 2 2227 3412 2876 3593
17330 4 2 10 2 2559 3349 2399 3389
17331 4 2 10 2 1797 3017 2011 3660
17332 4 2 10 2 1261 1260 2778 3667
17333 4 2 10 2 1051 1353 1284 2912
17334 4 2 10 2 3341 3596 2523 3718
17335 4 2 10 2 1695 1693 1694 3045
17336 4 2 10 2 1052 1283 1085 3369
17337 4 2 10 2 1814 1975 1983 3051
17338 4 2 10 2 409 401 408 3130
17339 4 2 10 2 844 3554 705 3720
17340 4 2 10 2 2578 3210 2395 3381
17341 4 2 10 2 2314 3332 3283 3571
17342 4 2 10 2 1684 1683 1672 2873
17343 4 2 10 2 3065 3579 2160 3747
17344 4 2 10 2 2720 3395 2285 3403
17345 4 2 10 2 2102 3395 2720 3403
17346 4 2 10 2 916 2974 915 3338
17347 4 2 10 2 2596 3157 2272 3359
17348 4 2 10 2 1808 2756 1914 3479
17349 4 2 10 2 751 640 731 3690
17350 4 2 10 2 402 554 521 3167
17351 4 2 10 2 480 3453 482 3535
17352 4 2 10 2 610 1486 188 606
17353 4 2 10 2 279 516 420 2517
17354 4 2 10 2 414 505 2974 3338
17355 4 2 10 2 2282 3160 2960 3344
17356 4 2 10 2 2170 3231 2623 3641
17357 4 2 10 2 350 2851 348 3464
17358 4 2 10 2 806 2531 603 3249
17359 4 2 10 2 2392 2794 3496 3569
17360 4 2 10 2 214 782 783 1493
17361 4 2 10 2 1221 1097 2745 3001
17362 4 2 10 2 693 689 727 3731
17363 4 2 10 2 266 262 31 3732
17364 4 2 10 2 876 1208 2824 3098
17365 4 2 10 2 48 1443 304 3687
17366 4 2 10 2 496 428 272 3588
17367 4 2 10 2 2458 3111 2538 3664
17368 4 2 10 2 800 881 1460 2761
17369 4 2 10 2 2376 3092 2685 3473
17370 4 2 10 2 1027 3047 1323 3634
17371 4 2 10 2 1776 1752 1911 2918
17372 4 2 10 2 238 248 22 2620
17373 4 2 10 2 2133 2960 3160 3344
17374 4 2 10 2 1183 2661 3229 3635
17375 4 2 10 2 1243 1242 1379 2712
17376 4 2 10 2 29 3276 2559 3680
17377 4 2 10 2 2066 2992 2666 3202
17378 4 2 10 2 1904 2861 1851 3641
17379 4 2 10 2 757 686 632 2902
17380 4 2 10 2 1375 3155 1155 3377
17381 4 2 10 2 2412 3233 2604 3414
17382 4 2 10 2 895 1474 1466 2598
17383 4 2 10 2 1563 2832 1555 3757
17384 4 2 10 2 1097 3001 1090 3372
17385 4 2 10 2 1942 443 94 3737
17386 4 2 10 2 2496 2304 3234 3705
17387 4 2 10 2 1304 3064 1088 3460
17388 4 2 10 2 2221 3521 2700 3543
17389 4 2 10 2 360 423 483 3092
17390 4 2 10 2 471 460 280 3345
17391 4 2 10 2 737 740 736 3058
17392 4 2 10 2 1121 1266 1124 2671
17393 4 2 10 2 1634 3394 1633 3640
17394 4 2 10 2 2219 3338 3528 3666
17395 4 2 10 2 2232 3141 2556 3423
17396 4 2 10 2 1296 2691 1478 3674
17397 4 2 10 2 2642 3278 2584 3611
17398 4 2 10 2 1761 1812 1691 3354
17399 4 2 10 2 1703 1730 1729 3386
17400 4 2 10 2 2363 3000 3546 3552
17401 4 2 10 2 667 861 3413 3534
17402 4 2 10 2 2073 2820 3200 3612
17403 4 2 10 2 2560 3045 2301 3727
17404 4 2 10 2 843 3034 858 3233
17405 4 2 10 2 1804 1832 1946 2636
17406 4 2 10 2 1786 2040 1987 2610
17407 4 2 10 2 2462 2262 3310 3682
17408 4 2 10 2 443 1942 95 1518
17409 4 2 10 2 582 210 759 1488
17410 4 2 10 2 2120 2945 2579 3463
17411 4 2 10 2 2462 3310 2262 3395
17412 4 2 10 2 1593 2883 1578 3580
17413 4 2 10 2 206 1923 787 1503
17414 4 2 10 2 1044 1014 1328 3614
17415 4 2 10 2 733 790 626 3279
17416 4 2 10 2 2553 3324 2203 3421
17417 4 2 10 2 1939 3392 2783 3486
17418 4 2 10 2 2138 2744 3254 3598
17419 4 2 10 2 2015 1982 1980 3620
17420 4 2 10 2 1149 1126 1310 2675
17421 4 2 10 2 1579 3313 2639 3526
17422 4 2 10 2 1782 2007 1995 3184
17423 4 2 10 2 705 3097 841 3720
17424 4 2 10 2 1045 967 1046 3066
17425 4 2 10 2 2238 2801 2754 3445
17426 4 2 10 2 780 707 865 3336
17427 4 2 10 2 1201 1203 1202 3525
17428 4 2 10 2 1074 1032 1033 3220
17429 4 2 10 2 467 1434 551 3196
17430 4 2 10 2 572 196 789 2001
17431 4 2 10 2 2841 3190 2468 3749
17432 4 2 10 2 467 406 2726 3196
17433 4 2 10 2 1053 1054 1282 2950
17434 4 2 10 2 2112 2754 2801 3445
17435 4 2 10 2 479 403 321 3142
17436 4 2 10 2 1033 1084 1325 3220
17437 4 2 10 2 1727 1726 1634 3640
17438 4 2 10 2 283 888 1425 3150
17439 4 2 10 2 128 1925 530 2035
17440 4 2 10 2 2553 3324 2937 3477
17441 4 2 10 2 2262 3310 2829 3546
17442 4 2 10 2 1309 962 968 3461
17443 4 2 10 2 1594 1605 3141 3484
17444 4 2 10 2 2671 3031 2200 3387
17445 4 2 10 2 2578 3381 2395 3577
17446 4 2 10 2 1638 1640 1861 3079
17447 4 2 10 2 2005 1485 1939 3392
17448 4 2 10 2 1513 306 91 3330
17449 4 2 10 2 1583 1544 1850 2960
17450 4 2 10 2 2596 3359 2515 3380
17451 4 2 10 2 1459 268 32 3038
17452 4 2 10 2 893 575 149 1401
17453 4 2 10 2 858 773 766 3233
17454 4 2 10 2 1170 1253 1169 2677
17455 4 2 10 2 635 796 637 2966
17456 4 2 10 2 2279 3570 2968 3631
17457 4 2 10 2 1370 1098 2740 3582
17458 4 2 10 2 1022 1001 1020 3257
17459 4 2 10 2 573 788 1525 3051
17460 4 2 10 2 2111 2515 3359 3380
17461 4 2 10 2 571 823 896 3581
17462 4 2 10 2 759 663 760 2756
17463 4 2 10 2 1877 1549 1545 2983
17464 4 2 10 2 2202 3199 2605 3216
17465 4 2 10 2 930 931 932 3472
17466 4 2 10 2 1332 1174 1303 3261
17467 4 2 10 2 1308 3170 1283 3369
17468 4 2 10 2 2615 3350 2769 3608
17469 4 2 10 2 623 707 625 2842
17470 4 2 10 2 829 224 1937 748
17471 4 2 10 2 793 630 686 2902
17472 4 2 10 2 978 979 977 2808
17473 4 2 10 2 1056 1073 1306 2799
17474 4 2 10 2 1604 1594 3141 3484
17475 4 2 10 2 2212 3114 2635 3498
17476 4 2 10 2 486 368 485 2505
17477 4 2 10 2 1347 1316 3544 3653
17478 4 2 10 2 1885 1683 1699 2884
17479 4 2 10 2 912 1216 1429 2659
17480 4 2 10 2 1933 1934 1754 3277
17481 4 2 10 2 3039 3123 2599 3239
17482 4 2 10 2 821 722 3485 3581
17483 4 2 10 2 1700 3127 1900 3518
17484 4 2 10 2 2019 1773 1772 3013
17485 4 2 10 2 1955 3225 2635 3565
17486 4 2 10 2 1790 1748 1751 3590
17487 4 2 10 2 2073 3200 2887 3612
17488 4 2 10 2 2845 3088 2434 3544
17489 4 2 10 2 2279 3253 3570 3631
17490 4 2 10 2 2279 2584 3278 3611
17491 4 2 10 2 2553 3205 2203 3477
17492 4 2 10 2 2745 3001 1097 3372
17493 4 2 10 2 1957 455 114 1487
17494 4 2 10 2 2262 3546 3000 3552
17495 4 2 10 2 848 770 769 2767
17496 4 2 10 2 2043 1937 1792 3401
17497 4 2 10 2 2072 2492 3310 3406
17498 4 2 10 2 2281 2879 3326 3416
17499 4 2 10 2 1594 1605 1604 3141
17500 4 2 10 2 705 841 852 3720
17501 4 2 10 2 1816 1583 1850 2960
17502 4 2 10 2 2240 3556 2764 3704
17503 4 2 10 2 1990 190 1517 749
17504 4 2 10 2 886 3505 2974 3713
17505 4 2 10 2 1208 1370 1098 2740
17506 4 2 10 2 2619 3420 1905 3657
17507 4 2 10 2 1992 1688 1824 2664
17508 4 2 10 2 340 2686 3447 3758
17509 4 2 10 2 2523 3255 2273 3596
17510 4 2 10 2 455 456 363 3439
17511 4 2 10 2 1314 1320 1197 3348
17512 4 2 10 2 2067 2872 3036 3407
17513 4 2 10 2 1384 185 834 876
17514 4 2 10 2 480 404 3453 3535
17515 4 2 10 2 2219 2911 2989 3371
17516 4 2 10 2 457 280 460 3345
17517 4 2 10 2 2144 2999 2540 3428
17518 4 2 10 2 777 2003 219 1505
17519 4 2 10 2 447 1940 2881 3637
17520 4 2 10 2 868 866 140 2731
17521 4 2 10 2 2282 2940 3104 3344
17522 4 2 10 2 2286 3489 3208 3721
17523 4 2 10 2 2560 3727 2301 3760
17524 4 2 10 2 2182 3481 2666 3669
17525 4 2 10 2 538 445 2783 3677
17526 4 2 10 2 388 2856 389 3475
17527 4 2 10 2 1678 2790 1669 3587
17528 4 2 10 2 1137 1312 1078 3683
17529 4 2 10 2 375 376 377 2865
17530 4 2 10 2 197 572 812 2001
17531 4 2 10 2 982 984 1060 2968
17532 4 2 10 2 2516 3077 2759 3638
17533 4 2 10 2 2409 3071 2788 3547
17534 4 2 10 2 282 564 883 3042
17535 4 2 10 2 2367 2600 3442 3671
17536 4 2 10 2 2522 3436 2945 3463
17537 4 2 10 2 1443 3548 304 3687
17538 4 2 10 2 2559 3276 2399 3349
17539 4 2 10 2 2125 3122 2673 3618
17540 4 2 10 2 2462 3395 2262 3682
17541 4 2 10 2 2565 2968 2279 3728
17542 4 2 10 2 892 53 277 1400
17543 4 2 10 2 413 283 531 3559
17544 4 2 10 2 2319 3339 3143 3476
17545 4 2 10 2 2279 3253 2473 3570
17546 4 2 10 2 2136 2638 2863 3597
17547 4 2 10 2 1309 1307 964 3736
17548 4 2 10 2 2243 3620 3343 3697
17549 4 2 10 2 2920 3499 2151 3576
17550 4 2 10 2 220 584 1528 2003
17551 4 2 10 2 1120 1269 1267 3282
17552 4 2 10 2 624 623 625 2842
17553 4 2 10 2 685 774 775 2920
17554 4 2 10 2 1273 1416 896 2738
17555 4 2 10 2 211 582 785 3125
17556 4 2 10 2 1392 883 564 3042
17557 4 2 10 2 2267 2917 2806 3696
17558 4 2 10 2 1820 1680 1899 3651
17559 4 2 10 2 1700 1702 3127 3518
17560 4 2 10 2 1797 1496 1741 2753
17561 4 2 10 2 1904 1573 1892 3231
17562 4 2 10 2 1459 506 897 3548
17563 4 2 10 2 2798 2896 2189 3603
17564 4 2 10 2 2668 2188 3274 3428
17565 4 2 10 2 2072 2492 3406 3596
17566 4 2 10 2 2603 2992 2066 3202
17567 4 2 10 2 789 196 1506 2001
17568 4 2 10 2 2849 2955 2337 3113
17569 4 2 10 2 2018 3549 1895 3691
17570 4 2 10 2 1177 1445 1263 3388
17571 4 2 10 2 1069 1016 1070 3205
17572 4 2 10 2 2577 3542 2250 3662
17573 4 2 10 2 1160 1271 1108 3425
17574 4 2 10 2 2820 2463 3211 3579
17575 4 2 10 2 2702 2940 2282 3686
17576 4 2 10 2 1058 1056 1306 3270
17577 4 2 10 2 2111 3359 2596 3380
17578 4 2 10 2 1396 1346 1345 3150
17579 4 2 10 2 3177 3668 2699 3756
17580 4 2 10 2 2662 3226 689 3731
17581 4 2 10 2 2151 3499 2920 3560
17582 4 2 10 2 2365 3043 2943 3564
17583 4 2 10 2 2222 3014 2769 3569
17584 4 2 10 2 1813 3296 2042 3354
17585 4 2 10 2 2373 3363 3093 3456
17586 4 2 10 2 685 2920 3499 3560
17587 4 2 10 2 432 288 434 3184
17588 4 2 10 2 1324 1338 1060 3728
17589 4 2 10 2 2203 3205 2553 3421
17590 4 2 10 2 2114 3468 2707 3562
17591 4 2 10 2 513 387 502 3474
17592 4 2 10 2 2638 2136 3410 3597
17593 4 2 10 2 1489 1932 1931 3737
17594 4 2 10 2 48 1394 1443 3687
17595 4 2 10 2 236 2667 243 3385
17596 4 2 10 2 293 546 561 2998
17597 4 2 10 2 2196 3386 2586 3675
17598 4 2 10 2 1327 916 915 3338
17599 4 2 10 2 1604 1595 1594 3484
17600 4 2 10 2 1981 1951 1795 3530
17601 4 2 10 2 2281 3348 2836 3352
17602 4 2 10 2 897 1217 1459 3548
17603 4 2 10 2 937 1291 1051 3347
17604 4 2 10 2 2591 3115 2159 3213
17605 4 2 10 2 300 117 1968 1971
17606 4 2 10 2 120 489 1982 1526
17607 4 2 10 2 1308 1283 1052 3369
17608 4 2 10 2 2523 2174 3341 3718
17609 4 2 10 2 1325 1260 1422 2778
17610 4 2 10 2 1175 1180 1433 2958
17611 4 2 10 2 462 51 564 1392
17612 4 2 10 2 3033 3259 2851 3604
17613 4 2 10 2 1885 1887 1723 3615
17614 4 2 10 2 3093 3363 2258 3456
17615 4 2 10 2 1786 2610 1987 3565
17616 4 2 10 2 748 843 2604 3034
17617 4 2 10 2 15 256 2863 3597
17618 4 2 10 2 1505 1815 2059 2563
17619 4 2 10 2 2135 2679 3155 3377
17620 4 2 10 2 3045 3660 2301 3727
17621 4 2 10 2 2534 3119 2077 3714
17622 4 2 10 2 2361 2820 3200 3482
17623 4 2 10 2 2464 3413 2236 3534
17624 4 2 10 2 501 1209 1210 2947
17625 4 2 10 2 1924 2022 1483 3054
17626 4 2 10 2 760 778 582 3125
17627 4 2 10 2 2840 3084 2302 3400
17628 4 2 10 2 1663 1826 1657 3023
17629 4 2 10 2 293 530 546 2998
17630 4 2 10 2 778 656 658 2907
17631 4 2 10 2 2961 3562 2320 3725
17632 4 2 10 2 1168 956 1365 3110
17633 4 2 10 2 1568 1580 1581 3174
17634 4 2 10 2 2569 3208 2079 3568
17635 4 2 10 2 607 2824 876 3654
17636 4 2 10 2 660 781 723 3507
17637 4 2 10 2 2167 3008 2981 3746
17638 4 2 10 2 1916 1689 1840 3129
17639 4 2 10 2 1502 1809 1978 2590
17640 4 2 10 2 827 681 679 3168
17641 4 2 10 2 3450 3553 2306 3645
17642 4 2 10 2 555 543 408 3130
17643 4 2 10 2 1139 1113 1140 2978
17644 4 2 10 2 1358 1131 1132 2930
17645 4 2 10 2 1116 1304 1088 3460
17646 4 2 10 2 2661 3101 2885 3744
17647 4 2 10 2 1679 2750 1690 3587
17648 4 2 10 2 384 385 388 2856
17649 4 2 10 2 1338 982 1060 2968
17650 4 2 10 2 2533 2272 3359 3612
17651 4 2 10 2 1277 2751 1311 3644
17652 4 2 10 2 1638 1639 1636 3638
17653 4 2 10 2 190 1990 596 749
17654 4 2 10 2 2154 3202 2855 3669
17655 4 2 10 2 1970 1612 1609 2550
17656 4 2 10 2 1960 2030 3478 3615
17657 4 2 10 2 1971 1976 1760 2626
17658 4 2 10 2 2205 2845 3088 3695
17659 4 2 10 2 1261 877 1427 2531
17660 4 2 10 2 2129 3309 2587 3627
17661 4 2 10 2 577 814 910 3266
17662 4 2 10 2 1845 1582 1581 2878
17663 4 2 10 2 1788 1810 1604 3141
17664 4 2 10 2 1127 1345 1189 3251
17665 4 2 10 2 2413 3123 3039 3239
17666 4 2 10 2 1329 1080 1457 2736
17667 4 2 10 2 2095 3542 2577 3662
17668 4 2 10 2 1343 2764 944 3704
17669 4 2 10 2 216 1525 1983 573
17670 4 2 10 2 1621 1624 1630 2982
17671 4 2 10 2 2734 3082 2204 3327
17672 4 2 10 2 935 932 934 3335
17673 4 2 10 2 2613 3676 1031 3709
17674 4 2 10 2 1680 1679 1670 3587
17675 4 2 10 2 1670 1899 1680 2768
17676 4 2 10 2 2470 3010 2895 3622
17677 4 2 10 2 2249 3339 2502 3663
17678 4 2 10 2 1876 1563 1555 3757
17679 4 2 10 2 1879 1562 3124 3605
17680 4 2 10 2 2666 3481 3202 3669
17681 4 2 10 2 2072 3310 2757 3406
17682 4 2 10 2 2173 2944 2807 3525
17683 4 2 10 2 571 825 795 2738
17684 4 2 10 2 2885 3101 2099 3744
17685 4 2 10 2 2531 3454 2778 3667
17686 4 2 10 2 2827 3424 2420 3435
17687 4 2 10 2 1865 1728 1754 3294
17688 4 2 10 2 1830 1829 1620 2822
17689 4 2 10 2 2216 3150 2710 3559
17690 4 2 10 2 2308 3127 2735 3724
17691 4 2 10 2 2037 1710 1737 3183
17692 4 2 10 2 1600 1636 1903 3638
17693 4 2 10 2 2656 2167 2981 3746
17694 4 2 10 2 1925 1989 1922 2641
17695 4 2 10 2 1312 1080 1078 3000
17696 4 2 10 2 261 27 28 3389
17697 4 2 10 2 1409 816 894 3370
17698 4 2 10 2 2140 2891 3107 3681
17699 4 2 10 2 1628 3430 3080 3663
17700 4 2 10 2 1407 577 910 3266
17701 4 2 10 2 1617 1620 1619 3216
17702 4 2 10 2 2304 3205 2553 3477
17703 4 2 10 2 1226 1225 1183 2831
17704 4 2 10 2 578 199 791 1967
17705 4 2 10 2 40 1387 1419 3654
17706 4 2 10 2 710 796 594 2966
17707 4 2 10 2 471 280 2726 3345
17708 4 2 10 2 1436 1235 1312 3345
17709 4 2 10 2 384 413 3361 3559
17710 4 2 10 2 2700 3448 2166 3521
17711 4 2 10 2 853 694 709 3745
17712 4 2 10 2 1452 1243 904 2712
17713 4 2 10 2 1680 1738 1691 3651
17714 4 2 10 2 2371 2965 2657 3308
17715 4 2 10 2 1516 504 107 1794
17716 4 2 10 2 1755 2018 1859 3549
17717 4 2 10 2 1200 1201 1202 3525
17718 4 2 10 2 1645 1647 1646 3422
17719 4 2 10 2 2267 3321 2863 3696
17720 4 2 10 2 1662 1664 1665 3567
17721 4 2 10 2 716 3151 676 3499
17722 4 2 10 2 3000 3293 1078 3683
17723 4 2 10 2 648 650 726 3010
17724 4 2 10 2 2261 3631 3253 3753
17725 4 2 10 2 2004 1896 1873 3677
17726 4 2 10 2 1456 1273 909 2993
17727 4 2 10 2 1340 1283 1308 3170
17728 4 2 10 2 915 2974 505 3338
17729 4 2 10 2 10 11 1496 3235
17730 4 2 10 2 2778 3340 2277 3751
17731 4 2 10 2 2251 3351 2809 3433
17732 4 2 10 2 476 286 1527 2892
17733 4 2 10 2 1679 1812 1690 2750
17734 4 2 10 2 1936 1865 1754 2733
17735 4 2 10 2 414 2974 503 3095
17736 4 2 10 2 580 859 854 3749
17737 4 2 10 2 889 574 177 1404
17738 4 2 10 2 624 790 739 3050
17739 4 2 10 2 1528 2920 1927 3576
17740 4 2 10 2 2745 2380 3236 3372
17741 4 2 10 2 1628 3080 1627 3663
17742 4 2 10 2 1831 1886 1743 2938
17743 4 2 10 2 3143 3339 2249 3476
17744 4 2 10 2 563 370 367 3210
17745 4 2 10 2 1432 1433 913 2690
17746 4 2 10 2 2661 2357 3101 3229
17747 4 2 10 2 1701 1757 1700 3081
17748 4 2 10 2 1649 1832 1661 3281
17749 4 2 10 2 2560 3281 3727 3760
17750 4 2 10 2 1376 1438 3258 3263
17751 4 2 10 2 1872 1624 1734 3486
17752 4 2 10 2 2335 3440 2962 3684
17753 4 2 10 2 1961 1978 1809 3588
17754 4 2 10 2 2255 3039 3566 3740
17755 4 2 10 2 2375 3566 3039 3740
17756 4 2 10 2 2076 3352 2784 3699
17757 4 2 10 2 2769 3350 2086 3608
17758 4 2 10 2 1443 1403 3548 3687
17759 4 2 10 2 1347 1348 943 3544
17760 4 2 10 2 2073 3200 2820 3482
17761 4 2 10 2 2117 2596 3550 3574
17762 4 2 10 2 2379 3340 2534 3446
17763 4 2 10 2 1925 128 530 450
17764 4 2 10 2 1243 1241 1242 2747
17765 4 2 10 2 2171 3124 2832 3605
17766 4 2 10 2 580 3749 854 3759
17767 4 2 10 2 489 275 1982 3343
17768 4 2 10 2 787 207 1503 3565
17769 4 2 10 2 943 941 939 3418
17770 4 2 10 2 3042 3437 2221 3543
17771 4 2 10 2 1859 2881 1940 3637
17772 4 2 10 2 2443 3253 3631 3753
17773 4 2 10 2 570 205 754 3206
17774 4 2 10 2 1481 2732 17 3496
17775 4 2 10 2 916 886 2974 3713
17776 4 2 10 2 1409 2868 600 3370
17777 4 2 10 2 44 608 798 3382
17778 4 2 10 2 2452 2775 3286 3545
17779 4 2 10 2 2245 3380 2784 3623
17780 4 2 10 2 2064 3332 2965 3432
17781 4 2 10 2 211 1953 582 3125
17782 4 2 10 2 1842 1583 1963 2940
17783 4 2 10 2 2734 3327 2196 3386
17784 4 2 10 2 1383 2879 1344 3575
17785 4 2 10 2 2022 1859 1940 3637
17786 4 2 10 2 411 380 528 3179
17787 4 2 10 2 2263 2694 3458 3490
17788 4 2 10 2 2180 3110 2624 3166
17789 4 2 10 2 1946 3235 2636 3422
17790 4 2 10 2 1437 876 1208 2824
17791 4 2 10 2 2187 3375 2649 3693
17792 4 2 10 2 677 678 676 2803
17793 4 2 10 2 28 867 870 3524
17794 4 2 10 2 2074 3363 3093 3470
17795 4 2 10 2 387 3474 494 3527
17796 4 2 10 2 2951 3060 2459 3653
17797 4 2 10 2 2272 2956 2697 3157
17798 4 2 10 2 2529 2219 3180 3666
17799 4 2 10 2 234 256 2863 3649
17800 4 2 10 2 270 553 447 2881
17801 4 2 10 2 929 931 930 3472
17802 4 2 10 2 2476 2144 3428 3529
17803 4 2 10 2 911 1214 1213 2868
17804 4 2 10 2 1071 1070 1016 3205
17805 4 2 10 2 717 811 813 2835
17806 4 2 10 2 2965 3332 2371 3432
17807 4 2 10 2 748 224 1937 2012
17808 4 2 10 2 1699 1697 1870 3089
17809 4 2 10 2 1485 2783 445 3677
17810 4 2 10 2 2556 2248 3423 3484
17811 4 2 10 2 2335 2962 3595 3684
17812 4 2 10 2 492 488 290 2752
17813 4 2 10 2 683 684 682 2933
17814 4 2 10 2 189 1990 610 596
17815 4 2 10 2 2497 2899 3703 3707
17816 4 2 10 2 995 994 992 3492
17817 4 2 10 2 2160 3060 2922 3335
17818 4 2 10 2 522 371 422 3305
17819 4 2 10 2 1166 1347 1316 3544
17820 4 2 10 2 471 2726 406 3541
17821 4 2 10 2 1854 1991 1490 2646
17822 4 2 10 2 1958 103 451 1500
17823 4 2 10 2 876 1387 847 3654
17824 4 2 10 2 600 2868 817 3370
17825 4 2 10 2 1759 1907 1845 2972
17826 4 2 10 2 234 15 256 3649
17827 4 2 10 2 1489 1931 3024 3737
17828 4 2 10 2 80 895 1421 527
17829 4 2 10 2 410 448 553 3230
17830 4 2 10 2 1360 994 997 3492
17831 4 2 10 2 776 685 775 2920
17832 4 2 10 2 205 1789 754 3206
17833 4 2 10 2 2946 3286 2605 3573
17834 4 2 10 2 2296 3351 2978 3459
17835 4 2 10 2 2637 3522 1363 3751
17836 4 2 10 2 1286 1359 943 3418
17837 4 2 10 2 1816 1612 1963 2882
17838 4 2 10 2 1615 1613 1614 2840
17839 4 2 10 2 2660 2276 3132 3431
17840 4 2 10 2 481 495 274 2659
17841 4 2 10 2 30 3680 866 3732
17842 4 2 10 2 1382 1310 2864 3723
17843 4 2 10 2 216 573 788 1525
17844 4 2 10 2 1947 1948 1732 3198
17845 4 2 10 2 1744 1903 1835 3397
17846 4 2 10 2 729 695 833 3100
17847 4 2 10 2 2095 2486 3599 3662
17848 4 2 10 2 2149 3214 2614 3683
17849 4 2 10 2 1010 1008 1011 3185
17850 4 2 10 2 2476 2188 3428 3698
17851 4 2 10 2 1173 1415 1221 2745
17852 4 2 10 2 467 898 1434 3196
17853 4 2 10 2 1219 1413 1390 3086
17854 4 2 10 2 123 286 1504 2002
17855 4 2 10 2 1835 1903 1919 3397
17856 4 2 10 2 541 329 331 3111
17857 4 2 10 2 512 417 514 2870
17858 4 2 10 2 717 2835 813 3585
17859 4 2 10 2 2313 3599 2486 3662
17860 4 2 10 2 1562 1555 2832 3605
17861 4 2 10 2 868 30 866 3732
17862 4 2 10 2 279 420 517 3118
17863 4 2 10 2 25 1 1491 2877
17864 4 2 10 2 2234 3674 3086 3731
17865 4 2 10 2 1158 1349 1341 3056
17866 4 2 10 2 507 3182 2663 3528
17867 4 2 10 2 1154 1250 1375 3377
17868 4 2 10 2 948 954 949 3553
17869 4 2 10 2 1774 1972 1769 3303
17870 4 2 10 2 2151 2803 3151 3499
17871 4 2 10 2 571 2738 722 3581
17872 4 2 10 2 2136 3073 2638 3410
17873 4 2 10 2 2126 3366 2872 3517
17874 4 2 10 2 2699 3177 2164 3668
17875 4 2 10 2 631 848 633 3171
17876 4 2 10 2 2500 3317 2285 3614
17877 4 2 10 2 2395 3210 2578 3533
17878 4 2 10 2 2764 3170 2182 3369
17879 4 2 10 2 1512 227 568 1941
17880 4 2 10 2 189 1990 1486 610
17881 4 2 10 2 2799 3222 2299 3610
17882 4 2 10 2 1054 1053 1024 2950
17883 4 2 10 2 2736 3000 2499 3552
17884 4 2 10 2 1431 1450 1003 3275
17885 4 2 10 2 1395 1142 1220 2955
17886 4 2 10 2 2181 3296 2750 3678
17887 4 2 10 2 431 2943 468 3564
17888 4 2 10 2 1986 3015 1507 3465
17889 4 2 10 2 1261 3454 2531 3667
17890 4 2 10 2 498 44 43 3382
17891 4 2 10 2 1257 1259 1049 3522
17892 4 2 10 2 2319 3506 3476 3573
17893 4 2 10 2 2072 3596 3341 3718
17894 4 2 10 2 1567 1600 1744 3502
17895 4 2 10 2 905 581 830 3086
17896 4 2 10 2 1137 1078 3293 3683
17897 4 2 10 2 1586 1575 1881 3128
17898 4 2 10 2 2534 3340 2105 3446
17899 4 2 10 2 1912 1851 1904 2861
17900 4 2 10 2 2257 3248 2807 3520
17901 4 2 10 2 2675 3164 2318 3610
17902 4 2 10 2 1719 1961 1713 3315
17903 4 2 10 2 2237 2576 3329 3589
17904 4 2 10 2 702 619 3106 3427
17905 4 2 10 2 1504 1948 2002 2892
17906 4 2 10 2 1489 3024 1901 3737
17907 4 2 10 2 447 2881 553 3637
17908 4 2 10 2 1015 1017 968 3461
17909 4 2 10 2 2364 3512 2909 3675
17910 4 2 10 2 1787 3043 1721 3488
17911 4 2 10 2 1964 1527 1947 2648
17912 4 2 10 2 2113 3264 2962 3684
17913 4 2 10 2 921 1128 1323 3742
17914 4 2 10 2 330 329 328 3664
17915 4 2 10 2 1195 1117 1196 2715
17916 4 2 10 2 2343 3466 2850 3618
17917 4 2 10 2 1921 1996 2007 3474
17918 4 2 10 2 820 799 851 3090
17919 4 2 10 2 1088 1071 1115 3421
17920 4 2 10 2 2670 3199 2372 3722
17921 4 2 10 2 1357 1355 1128 2936
17922 4 2 10 2 1130 1053 1282 3471
17923 4 2 10 2 1274 1275 1282 3471
17924 4 2 10 2 1730 1910 2014 3386
17925 4 2 10 2 629 840 631 3061
17926 4 2 10 2 2316 3550 2985 3574
17927 4 2 10 2 422 525 273 3305
17928 4 2 10 2 1966 1735 1862 3012
17929 4 2 10 2 1577 1549 1877 2983
17930 4 2 10 2 2658 2952 2205 3584
17931 4 2 10 2 277 482 480 3453
17932 4 2 10 2 2437 3629 3177 3756
17933 4 2 10 2 1130 1275 1348 3471
17934 4 2 10 2 2082 3057 2971 3234
17935 4 2 10 2 3378 3685 2817 3752
17936 4 2 10 2 892 277 480 3453
17937 4 2 10 2 2224 3685 3378 3752
17938 4 2 10 2 2797 3116 2211 3510
17939 4 2 10 2 19 18 242 3385
17940 4 2 10 2 2186 2658 2950 3584
17941 4 2 10 2 3212 3514 2372 3545
17942 4 2 10 2 801 710 2761 3557
17943 4 2 10 2 2060 3316 2642 3547
17944 4 2 10 2 1515 15 1749 3597
17945 4 2 10 2 1843 1606 2957 3697
17946 4 2 10 2 1610 1807 3442 3671
17947 4 2 10 2 1722 1764 1789 3642
17948 4 2 10 2 2377 3128 3062 3757
17949 4 2 10 2 107 290 504 1516
17950 4 2 10 2 1566 3174 2623 3641
17951 4 2 10 2 1817 1637 1906 2771
17952 4 2 10 2 2384 2983 3426 3659
17953 4 2 10 2 2182 2511 3369 3669
17954 4 2 10 2 403 462 461 2724
17955 4 2 10 2 953 959 960 3044
17956 4 2 10 2 1901 1900 1942 3518
17957 4 2 10 2 1031 975 1313 3676
17958 4 2 10 2 1709 3244 2692 3700
17959 4 2 10 2 254 3668 2699 3717
17960 4 2 10 2 2692 3244 2162 3700
17961 4 2 10 2 415 303 507 2663
17962 4 2 10 2 1141 1237 1094 3513
17963 4 2 10 2 1704 1820 1909 2848
17964 4 2 10 2 1399 1357 1327 3338
17965 4 2 10 2 2264 3337 3071 3458
17966 4 2 10 2 286 416 478 2892
17967 4 2 10 2 582 210 1488 1953
17968 4 2 10 2 946 1334 942 2867
17969 4 2 10 2 261 264 34 3389
17970 4 2 10 2 298 429 536 2864
17971 4 2 10 2 901 536 86 1382
17972 4 2 10 2 280 457 1386 3345
17973 4 2 10 2 1534 1536 1977 3241
17974 4 2 10 2 2693 3018 2227 3480
17975 4 2 10 2 2313 3451 2748 3519
17976 4 2 10 2 14 2863 256 3597
17977 4 2 10 2 1764 2025 2020 3353
17978 4 2 10 2 1562 1574 1879 3124
17979 4 2 10 2 1822 1950 1608 2810
17980 4 2 10 2 1357 1376 1268 3258
17981 4 2 10 2 726 590 787 3565
17982 4 2 10 2 1694 1696 3045 3660
17983 4 2 10 2 2264 2980 3337 3458
17984 4 2 10 2 430 402 521 3053
17985 4 2 10 2 2082 2718 2945 3436
17986 4 2 10 2 1836 1750 1928 3420
17987 4 2 10 2 1358 1361 1131 2930
17988 4 2 10 2 2240 3556 2696 3725
17989 4 2 10 2 2760 3355 801 3557
17990 4 2 10 2 903 550 1419 3105
17991 4 2 10 2 252 242 240 2917
17992 4 2 10 2 1011 1008 1255 3185
17993 4 2 10 2 2307 3323 2701 3736
17994 4 2 10 2 2228 2952 3227 3655
17995 4 2 10 2 2828 3357 2168 3522
17996 4 2 10 2 2706 2127 3283 3571
17997 4 2 10 2 1553 1548 1554 3748
17998 4 2 10 2 904 1379 144 743
17999 4 2 10 2 875 66 1190 303
18000 4 2 10 2 1286 1348 1275 2845
18001 4 2 10 2 2669 3135 2523 3455
18002 4 2 10 2 1827 1509 1889 2823
18003 4 2 10 2 195 2045 589 3417
18004 4 2 10 2 574 889 177 772
18005 4 2 10 2 1598 1855 1614 3085
18006 4 2 10 2 2221 3437 3521 3543
18007 4 2 10 2 1307 1055 1024 2813
18008 4 2 10 2 300 117 485 1968
18009 4 2 10 2 2389 3521 3437 3543
18010 4 2 10 2 2583 2138 3076 3598
18011 4 2 10 2 1074 1325 1422 3220
18012 4 2 10 2 917 3505 886 3713
18013 4 2 10 2 2731 2181 3296 3732
18014 4 2 10 2 650 764 726 3010
18015 4 2 10 2 1431 1290 1227 3613
18016 4 2 10 2 416 286 477 2892
18017 4 2 10 2 1872 1485 1873 3677
18018 4 2 10 2 2907 3035 2260 3643
18019 4 2 10 2 608 744 837 2730
18020 4 2 10 2 2202 2698 3506 3573
18021 4 2 10 2 355 2705 357 3715
18022 4 2 10 2 1712 2741 14 3597
18023 4 2 10 2 1786 1503 207 3565
18024 4 2 10 2 2099 3101 2554 3744
18025 4 2 10 2 1408 910 598 3266
18026 4 2 10 2 2388 3476 3143 3655
18027 4 2 10 2 2553 2203 3324 3477
18028 4 2 10 2 2382 2621 2994 3692
18029 4 2 10 2 2363 3546 3341 3718
18030 4 2 10 2 1930 3313 1579 3526
18031 4 2 10 2 1765 2904 1764 3642
18032 4 2 10 2 1043 1279 1009 3173
18033 4 2 10 2 2834 3081 2207 3594
18034 4 2 10 2 1093 1180 2958 3635
18035 4 2 10 2 1082 1067 1065 3566
18036 4 2 10 2 1162 956 3110 3645
18037 4 2 10 2 1963 1842 2940 3671
18038 4 2 10 2 630 631 632 3061
18039 4 2 10 2 3255 3406 2273 3596
18040 4 2 10 2 788 1999 217 1525
18041 4 2 10 2 980 1278 3729 3741
18042 4 2 10 2 1443 1231 1403 3687
18043 4 2 10 2 2232 2851 3033 3259
18044 4 2 10 2 2700 3131 2323 3448
18045 4 2 10 2 1505 1927 1815 3576
18046 4 2 10 2 1709 2692 1514 3700
18047 4 2 10 2 1183 1181 2661 3635
18048 4 2 10 2 2595 2244 3492 3630
18049 4 2 10 2 2285 3395 2736 3403
18050 4 2 10 2 1315 1063 1046 3109
18051 4 2 10 2 2136 2863 2741 3597
18052 4 2 10 2 2263 3490 3458 3665
18053 4 2 10 2 1209 1253 2947 3505
18054 4 2 10 2 1382 1473 901 2864
18055 4 2 10 2 525 373 375 3305
18056 4 2 10 2 2192 3307 2866 3578
18057 4 2 10 2 427 390 394 2710
18058 4 2 10 2 64 505 915 2974
18059 4 2 10 2 1218 2978 1140 3555
18060 4 2 10 2 1097 1090 1091 3372
18061 4 2 10 2 615 613 617 2797
18062 4 2 10 2 1906 1565 1817 2771
18063 4 2 10 2 1478 1296 1297 2691
18064 4 2 10 2 1042 1040 1039 3219
18065 4 2 10 2 1983 783 215 573
18066 4 2 10 2 309 523 433 2988
18067 4 2 10 2 594 156 881 1236
18068 4 2 10 2 2539 3376 2230 3558
18069 4 2 10 2 2373 3093 2727 3456
18070 4 2 10 2 1408 3266 598 3708
18071 4 2 10 2 23 22 248 2620
18072 4 2 10 2 2669 2338 3135 3724
18073 4 2 10 2 1732 1603 1733 3198
18074 4 2 10 2 1747 1902 1752 3120
18075 4 2 10 2 2064 3159 3309 3494
18076 4 2 10 2 2175 3207 2542 3650
18077 4 2 10 2 2673 3122 2197 3618
18078 4 2 10 2 1487 1790 1997 3439
18079 4 2 10 2 10 241 245 3668
18080 4 2 10 2 2654 3093 2258 3456
18081 4 2 10 2 473 413 531 3149
18082 4 2 10 2 1633 1634 1632 3394
18083 4 2 10 2 2272 2533 3359 3621
18084 4 2 10 2 1429 892 480 3453
18085 4 2 10 2 2190 2740 3261 3740
18086 4 2 10 2 254 251 2699 3756
18087 4 2 10 2 966 1292 958 3456
18088 4 2 10 2 1655 1658 1656 3215
18089 4 2 10 2 2542 3510 2091 3650
18090 4 2 10 2 3485 3581 2266 3735
18091 4 2 10 2 2009 1772 1524 2694
18092 4 2 10 2 2446 2759 3077 3638
18093 4 2 10 2 1566 1580 3174 3641
18094 4 2 10 2 1316 934 938 3060
18095 4 2 10 2 765 1391 2841 3749
18096 4 2 10 2 497 423 358 3625
18097 4 2 10 2 2540 3428 3274 3440
18098 4 2 10 2 2516 3606 2283 3638
18099 4 2 10 2 2449 3369 2855 3669
18100 4 2 10 2 489 120 1982 275
18101 4 2 10 2 1902 1746 1890 2777
18102 4 2 10 2 785 1521 211 3125
18103 4 2 10 2 418 520 489 3343
18104 4 2 10 2 729 595 835 3100
18105 4 2 10 2 994 996 993 2997
18106 4 2 10 2 2675 2318 3393 3610
18107 4 2 10 2 1354 1245 1157 2749
18108 4 2 10 2 2497 3703 2273 3707
18109 4 2 10 2 2414 3027 2734 3656
18110 4 2 10 2 792 716 777 3151
18111 4 2 10 2 1718 1914 1785 3346
18112 4 2 10 2 110 1809 465 272
18113 4 2 10 2 3458 3490 2409 3665
18114 4 2 10 2 1819 1901 3024 3518
18115 4 2 10 2 2139 3384 2811 3516
18116 4 2 10 2 2262 2736 3040 3395
18117 4 2 10 2 355 356 357 2705
18118 4 2 10 2 702 771 862 3106
18119 4 2 10 2 1777 1728 1865 3294
18120 4 2 10 2 1068 1013 1025 3297
18121 4 2 10 2 593 747 746 3133
18122 4 2 10 2 2181 2750 3159 3694
18123 4 2 10 2 1058 1099 1064 3113
18124 4 2 10 2 2186 3222 2698 3284
18125 4 2 10 2 2319 3216 2822 3506
18126 4 2 10 2 566 2928 416 3287
18127 4 2 10 2 307 430 521 2847
18128 4 2 10 2 2181 3678 2750 3694
18129 4 2 10 2 956 1168 1162 3110
18130 4 2 10 2 2372 3199 2670 3545
18131 4 2 10 2 2147 3404 2542 3469
18132 4 2 10 2 449 3054 296 3637
18133 4 2 10 2 594 800 710 2761
18134 4 2 10 2 755 728 646 2838
18135 4 2 10 2 1808 1488 1914 2756
18136 4 2 10 2 1043 1161 1279 3067
18137 4 2 10 2 3149 3361 413 3559
18138 4 2 10 2 412 2947 500 3447
18139 4 2 10 2 1589 1601 1856 3192
18140 4 2 10 2 1929 1841 1905 3657
18141 4 2 10 2 1639 3077 1903 3638
18142 4 2 10 2 2888 3436 2522 3463
18143 4 2 10 2 2966 3101 2357 3229
18144 4 2 10 2 1608 1609 1596 3435
18145 4 2 10 2 286 124 1527 2002
18146 4 2 10 2 528 3179 529 3361
18147 4 2 10 2 1678 1669 1670 3587
18148 4 2 10 2 2608 3322 2130 3707
18149 4 2 10 2 1049 1047 1048 2828
18150 4 2 10 2 407 460 337 3304
18151 4 2 10 2 910 1462 1207 3266
18152 4 2 10 2 1781 1701 1883 3561
18153 4 2 10 2 437 440 438 2975
18154 4 2 10 2 73 890 1405 3118
18155 4 2 10 2 857 822 734 3132
18156 4 2 10 2 1892 1573 1866 3231
18157 4 2 10 2 1190 1465 1438 3263
18158 4 2 10 2 675 795 677 3301
18159 4 2 10 2 901 1441 533 3197
18160 4 2 10 2 2181 2731 3680 3732
18161 4 2 10 2 431 334 468 2943
18162 4 2 10 2 1489 1931 1901 3024
18163 4 2 10 2 1491 1992 25 2877
18164 4 2 10 2 1370 1369 1098 3582
18165 4 2 10 2 1343 1340 944 2764
18166 4 2 10 2 991 1036 1251 2871
18167 4 2 10 2 1857 1684 1672 2873
18168 4 2 10 2 2824 3090 2331 3654
18169 4 2 10 2 2237 2576 3334 3689
18170 4 2 10 2 1628 1626 3430 3663
18171 4 2 10 2 2203 3477 3205 3493
18172 4 2 10 2 825 1416 174 1456
18173 4 2 10 2 2237 3334 2546 3689
18174 4 2 10 2 777 2003 584 219
18175 4 2 10 2 1249 1183 1181 2661
18176 4 2 10 2 2639 3313 2252 3526
18177 4 2 10 2 995 998 997 3492
18178 4 2 10 2 767 862 765 2841
18179 4 2 10 2 1696 2011 1974 3660
18180 4 2 10 2 388 389 390 3475
18181 4 2 10 2 706 705 700 3097
18182 4 2 10 2 467 472 406 3196
18183 4 2 10 2 2610 3479 2215 3609
18184 4 2 10 2 2753 2999 2144 3529
18185 4 2 10 2 63 886 1209 3505
18186 4 2 10 2 31 868 872 3732
18187 4 2 10 2 1489 1942 94 3737
18188 4 2 10 2 2359 3107 2891 3681
18189 4 2 10 2 1443 897 506 3548
18190 4 2 10 2 2379 3340 2778 3751
18191 4 2 10 2 777 716 584 3576
18192 4 2 10 2 2251 2644 3351 3491
18193 4 2 10 2 440 540 438 3223
18194 4 2 10 2 824 722 571 2738
18195 4 2 10 2 887 1408 811 3708
18196 4 2 10 2 1013 1068 1163 3297
18197 4 2 10 2 548 1459 32 3038
18198 4 2 10 2 1331 1329 1328 3040
18199 4 2 10 2 350 426 464 3504
18200 4 2 10 2 1863 1625 1627 3663
18201 4 2 10 2 1296 1090 3001 3674
18202 4 2 10 2 287 429 537 3723
18203 4 2 10 2 1893 1894 3049 3154
18204 4 2 10 2 902 184 834 1384
18205 4 2 10 2 544 309 433 3548
18206 4 2 10 2 441 133 305 1896
18207 4 2 10 2 2018 1895 1896 3691
18208 4 2 10 2 1154 1375 1155 3377
18209 4 2 10 2 421 301 518 3069
18210 4 2 10 2 1253 1368 1169 2677
18211 4 2 10 2 601 794 3336 3592
18212 4 2 10 2 295 1489 94 3737
18213 4 2 10 2 315 316 463 3437
18214 4 2 10 2 270 2881 1511 3691
18215 4 2 10 2 281 417 512 2870
18216 4 2 10 2 36 540 35 3223
18217 4 2 10 2 1326 1129 1364 3278
18218 4 2 10 2 2358 3468 2625 3634
18219 4 2 10 2 2828 3119 2168 3462
18220 4 2 10 2 45 1522 846 3392
18221 4 2 10 2 2039 3184 1965 3672
18222 4 2 10 2 2619 3394 2343 3640
18223 4 2 10 2 1781 1883 1846 3561
18224 4 2 10 2 1829 1830 1838 3602
18225 4 2 10 2 409 543 538 3130
18226 4 2 10 2 568 228 1512 741
18227 4 2 10 2 1830 1577 1877 3602
18228 4 2 10 2 1041 1337 1039 3018
18229 4 2 10 2 890 1444 1402 3069
18230 4 2 10 2 658 723 778 2907
18231 4 2 10 2 91 542 1811 3330
18232 4 2 10 2 66 303 508 1190
18233 4 2 10 2 274 1434 912 3196
18234 4 2 10 2 539 565 277 2893
18235 4 2 10 2 565 462 403 2724
18236 4 2 10 2 266 1501 267 3750
18237 4 2 10 2 1854 2646 2027 3586
18238 4 2 10 2 2936 3180 2219 3371
18239 4 2 10 2 1921 1783 1920 2899
18240 4 2 10 2 1136 1049 1363 3522
18241 4 2 10 2 532 390 427 2710
18242 4 2 10 2 17 2732 16 3649
18243 4 2 10 2 2008 1998 1513 3330
18244 4 2 10 2 1528 221 860 775
18245 4 2 10 2 2015 2033 1526 3343
18246 4 2 10 2 1030 971 975 3252
18247 4 2 10 2 1368 918 922 3041
18248 4 2 10 2 996 2997 1360 3616
18249 4 2 10 2 1124 3258 1438 3263
18250 4 2 10 2 2329 3478 2572 3615
18251 4 2 10 2 311 312 2979 3737
18252 4 2 10 2 2082 2971 2866 3234
18253 4 2 10 2 1697 1698 1763 3656
18254 4 2 10 2 542 3223 36 3750
18255 4 2 10 2 911 1409 1214 2868
18256 4 2 10 2 916 917 886 3713
18257 4 2 10 2 576 800 1460 2761
18258 4 2 10 2 1900 1757 2032 3594
18259 4 2 10 2 1896 133 305 2004
18260 4 2 10 2 1086 2747 1243 3738
18261 4 2 10 2 439 320 435 2994
18262 4 2 10 2 331 332 333 3541
18263 4 2 10 2 87 1382 536 3723
18264 4 2 10 2 1408 1462 3266 3708
18265 4 2 10 2 1507 24 1762 2801
18266 4 2 10 2 2277 3220 2896 3670
18267 4 2 10 2 1596 1611 1837 3435
18268 4 2 10 2 1502 1973 1784 3005
18269 4 2 10 2 902 183 1381 3368
18270 4 2 10 2 1877 1551 1838 3602
18271 4 2 10 2 469 387 494 3527
18272 4 2 10 2 1982 3343 275 3620
18273 4 2 10 2 782 1994 213 599
18274 4 2 10 2 502 326 434 2969
18275 4 2 10 2 2278 3018 2876 3593
18276 4 2 10 2 1667 1659 1668 3619
18277 4 2 10 2 2466 3318 2633 3711
18278 4 2 10 2 2778 3454 2379 3751
18279 4 2 10 2 1294 1343 944 3704
18280 4 2 10 2 2050 839 606 3028
18281 4 2 10 2 353 510 351 3319
18282 4 2 10 2 2107 2593 3438 3626
18283 4 2 10 2 2301 2540 3383 3760
18284 4 2 10 2 1351 1211 1201 2944
18285 4 2 10 2 1010 1014 1009 2859
18286 4 2 10 2 2560 3281 1692 3727
18287 4 2 10 2 2435 3366 3015 3465
18288 4 2 10 2 948 946 945 3553
18289 4 2 10 2 2095 3628 2817 3685
18290 4 2 10 2 2627 3297 2312 3755
18291 4 2 10 2 2235 2999 2753 3529
18292 4 2 10 2 2492 3596 2608 3707
18293 4 2 10 2 598 910 814 3266
18294 4 2 10 2 1950 1796 1608 2810
18295 4 2 10 2 2084 2669 3135 3724
18296 4 2 10 2 2081 2886 2996 3290
18297 4 2 10 2 1744 3397 1835 3600
18298 4 2 10 2 2061 2725 2931 3753
18299 4 2 10 2 2090 3035 2875 3449
18300 4 2 10 2 1632 1852 1631 3016
18301 4 2 10 2 195 1506 2045 3417
18302 4 2 10 2 211 1521 1953 3125
18303 4 2 10 2 903 1395 1220 3105
18304 4 2 10 2 2292 2723 2938 3626
18305 4 2 10 2 1286 1167 1359 3025
18306 4 2 10 2 863 676 678 2803
18307 4 2 10 2 1209 1253 1210 2947
18308 4 2 10 2 2662 2234 3226 3731
18309 4 2 10 2 2196 3327 2734 3754
18310 4 2 10 2 195 589 789 3417
18311 4 2 10 2 718 2780 657 3585
18312 4 2 10 2 1768 1706 1889 3246
18313 4 2 10 2 542 3330 3223 3750
18314 4 2 10 2 457 407 458 2526
18315 4 2 10 2 863 716 676 3499
18316 4 2 10 2 228 1512 741 1991
18317 4 2 10 2 691 748 843 2604
18318 4 2 10 2 1319 1188 1342 3399
18319 4 2 10 2 2084 3135 2669 3455
18320 4 2 10 2 1261 1422 1260 3667
18321 4 2 10 2 1762 1507 2801 3465
18322 4 2 10 2 570 754 728 3206
18323 4 2 10 2 150 893 1430 3336
18324 4 2 10 2 2258 3066 2826 3688
18325 4 2 10 2 1342 1127 1339 3022
18326 4 2 10 2 558 1483 296 3054
18327 4 2 10 2 309 548 3038 3548
18328 4 2 10 2 1563 1562 1555 2832
18329 4 2 10 2 2866 2971 2082 3307
18330 4 2 10 2 30 3276 3680 3732
18331 4 2 10 2 2822 3339 2319 3476
18332 4 2 10 2 726 787 3498 3565
18333 4 2 10 2 1780 2031 1757 3081
18334 4 2 10 2 2181 3680 3276 3732
18335 4 2 10 2 1454 1207 1318 3415
18336 4 2 10 2 905 830 581 179
18337 4 2 10 2 1710 1514 1709 2692
18338 4 2 10 2 1267 1322 1280 3148
18339 4 2 10 2 642 2986 753 3690
18340 4 2 10 2 1809 110 465 1502
18341 4 2 10 2 152 586 797 1435
18342 4 2 10 2 400 401 402 3053
18343 4 2 10 2 2042 1813 2029 3296
18344 4 2 10 2 2412 3233 2933 3540
18345 4 2 10 2 618 619 620 2925
18346 4 2 10 2 1261 2531 1427 3667
18347 4 2 10 2 2542 2091 3404 3650
18348 4 2 10 2 652 2941 663 3609
18349 4 2 10 2 1832 1692 3281 3727
18350 4 2 10 2 1724 3315 1961 3588
18351 4 2 10 2 2107 2573 3438 3617
18352 4 2 10 2 1837 1571 1572 3424
18353 4 2 10 2 1648 1649 1650 3329
18354 4 2 10 2 1669 1686 1988 2790
18355 4 2 10 2 1721 1787 1935 3043
18356 4 2 10 2 1159 1350 1349 3398
18357 4 2 10 2 2389 3285 2562 3687
18358 4 2 10 2 1104 1230 1148 3136
18359 4 2 10 2 388 390 532 3559
18360 4 2 10 2 802 712 576 2760
18361 4 2 10 2 2068 3232 2932 3595
18362 4 2 10 2 2237 3329 2576 3689
18363 4 2 10 2 1020 1265 1061 3298
18364 4 2 10 2 1626 1625 3339 3663
18365 4 2 10 2 40 847 1387 3654
18366 4 2 10 2 1628 1627 1626 3663
18367 4 2 10 2 555 408 442 3140
18368 4 2 10 2 638 639 640 3137
18369 4 2 10 2 1747 1752 1751 3120
18370 4 2 10 2 328 387 3527 3664
18371 4 2 10 2 366 364 365 3381
18372 4 2 10 2 766 691 843 3233
18373 4 2 10 2 1325 1133 1260 3751
18374 4 2 10 2 1844 1858 1613 3084
18375 4 2 10 2 1700 1900 1702 3518
18376 4 2 10 2 1409 816 169 894
18377 4 2 10 2 328 329 327 3664
18378 4 2 10 2 3348 3352 2281 3699
18379 4 2 10 2 571 722 823 3581
18380 4 2 10 2 535 430 307 2847
18381 4 2 10 2 818 784 861 3413
18382 4 2 10 2 1137 1147 1216 3214
18383 4 2 10 2 2357 3229 2661 3635
18384 4 2 10 2 2072 2829 3546 3752
18385 4 2 10 2 1954 1726 1777 2970
18386 4 2 10 2 1160 1108 1109 3425
18387 4 2 10 2 2281 3352 2836 3416
18388 4 2 10 2 338 3224 379 3758
18389 4 2 10 2 2277 3340 2778 3670
18390 4 2 10 2 2105 2778 3340 3670
18391 4 2 10 2 1566 1851 1580 3641
18392 4 2 10 2 2080 2858 3078 3203
18393 4 2 10 2 2954 3320 2179 3632
18394 4 2 10 2 1296 3001 2691 3674
18395 4 2 10 2 30 3276 29 3680
18396 4 2 10 2 1894 2051 1893 3049
18397 4 2 10 2 1998 1761 1739 3068
18398 4 2 10 2 2323 3131 2700 3358
18399 4 2 10 2 766 843 858 3233
18400 4 2 10 2 1788 1605 1973 3141
18401 4 2 10 2 1621 1619 1620 3216
18402 4 2 10 2 533 901 85 1441
18403 4 2 10 2 2783 2268 3392 3681
18404 4 2 10 2 1387 6 40 1419
18405 4 2 10 2 651 650 649 3441
18406 4 2 10 2 1166 1130 1348 3544
18407 4 2 10 2 1167 1135 1134 3374
18408 4 2 10 2 2337 2799 3393 3610
18409 4 2 10 2 399 547 408 3140
18410 4 2 10 2 1043 1108 1161 3067
18411 4 2 10 2 2636 3281 2184 3760
18412 4 2 10 2 2542 3404 2681 3650
18413 4 2 10 2 1510 100 288 513
18414 4 2 10 2 2154 2666 3202 3669
18415 4 2 10 2 635 633 704 3171
18416 4 2 10 2 1515 2796 1712 3597
18417 4 2 10 2 1422 1184 1423 3667
18418 4 2 10 2 1612 1816 1611 2882
18419 4 2 10 2 304 47 506 1443
18420 4 2 10 2 2721 3223 2265 3330
18421 4 2 10 2 832 882 1297 181
18422 4 2 10 2 2614 3293 2363 3683
18423 4 2 10 2 421 522 289 3069
18424 4 2 10 2 1327 1128 919 3742
18425 4 2 10 2 1703 1857 1910 3386
18426 4 2 10 2 721 817 2868 3434
18427 4 2 10 2 1183 1225 1420 3229
18428 4 2 10 2 835 1381 183 3368
18429 4 2 10 2 2896 3220 2341 3670
18430 4 2 10 2 1048 1046 1063 3109
18431 4 2 10 2 1828 1704 1909 3451
18432 4 2 10 2 2282 2960 2940 3344
18433 4 2 10 2 2304 3205 3477 3493
18434 4 2 10 2 293 127 530 2035
18435 4 2 10 2 448 449 296 3637
18436 4 2 10 2 16 1749 15 2638
18437 4 2 10 2 907 1392 51 462
18438 4 2 10 2 1785 1953 1944 3125
18439 4 2 10 2 3076 3331 2583 3598
18440 4 2 10 2 882 1297 1296 2691
18441 4 2 10 2 1760 1976 1911 3495
18442 4 2 10 2 2279 3278 2584 3728
18443 4 2 10 2 1144 1096 1217 3308
18444 4 2 10 2 1709 1722 3183 3642
18445 4 2 10 2 328 326 502 3664
18446 4 2 10 2 2979 3024 2640 3737
18447 4 2 10 2 499 554 269 3167
18448 4 2 10 2 1440 999 989 3019
18449 4 2 10 2 1533 1882 1535 3419
18450 4 2 10 2 1773 1742 1772 3013
18451 4 2 10 2 1408 598 811 3708
18452 4 2 10 2 667 670 861 3534
18453 4 2 10 2 2584 3611 2279 3728
18454 4 2 10 2 293 127 2035 1498
18455 4 2 10 2 339 500 407 3447
18456 4 2 10 2 332 330 469 3527
18457 4 2 10 2 205 570 1923 3206
18458 4 2 10 2 1090 1031 1091 3676
18459 4 2 10 2 529 3179 382 3361
18460 4 2 10 2 159 583 1351 884
18461 4 2 10 2 2555 2306 3450 3553
18462 4 2 10 2 2252 3265 3124 3679
18463 4 2 10 2 702 621 619 3427
18464 4 2 10 2 1236 155 1389 594
18465 4 2 10 2 1986 1959 1507 3015
18466 4 2 10 2 424 405 552 3285
18467 4 2 10 2 330 328 3527 3664
18468 4 2 10 2 808 2824 607 3654
18469 4 2 10 2 1687 1707 1708 3375
18470 4 2 10 2 18 240 242 2917
18471 4 2 10 2 3285 3548 2562 3687
18472 4 2 10 2 2489 3024 2979 3737
18473 4 2 10 2 957 1276 949 2826
18474 4 2 10 2 343 503 412 2880
18475 4 2 10 2 474 561 466 3302
18476 4 2 10 2 901 536 298 86
18477 4 2 10 2 813 811 598 3708
18478 4 2 10 2 903 1220 1385 2847
18479 4 2 10 2 2026 591 829 3034
18480 4 2 10 2 1591 1581 1587 3029
18481 4 2 10 2 1274 1066 1135 3103
18482 4 2 10 2 1644 1905 1928 3657
18483 4 2 10 2 718 813 3266 3585
18484 4 2 10 2 2454 3292 2804 3639
18485 4 2 10 2 832 882 181 595
18486 4 2 10 2 2234 2691 3674 3731
18487 4 2 10 2 2832 3124 1562 3605
18488 4 2 10 2 2018 1511 2881 3691
18489 4 2 10 2 384 529 382 3361
18490 4 2 10 2 1415 1381 1221 3368
18491 4 2 10 2 1802 1805 2016 3364
18492 4 2 10 2 641 801 3355 3557
18493 4 2 10 2 1651 3379 1897 3689
18494 4 2 10 2 1442 1228 1041 3480
18495 4 2 10 2 239 14 13 2741
18496 4 2 10 2 685 678 680 3560
18497 4 2 10 2 2262 3000 2736 3552
18498 4 2 10 2 341 343 412 2880
18499 4 2 10 2 2089 3286 2946 3573
18500 4 2 10 2 276 527 411 2598
18501 4 2 10 2 3237 3385 20 3700
18502 4 2 10 2 2008 3330 1811 3750
18503 4 2 10 2 2561 3525 2483 3613
18504 4 2 10 2 842 609 805 3405
18505 4 2 10 2 491 416 374 2928
18506 4 2 10 2 235 3629 249 3756
18507 4 2 10 2 1913 1848 1847 2862
18508 4 2 10 2 1415 1458 902 3368
18509 4 2 10 2 607 834 185 876
18510 4 2 10 2 1021 1265 1020 3298
18511 4 2 10 2 552 424 3285 3687
18512 4 2 10 2 274 551 1434 3196
18513 4 2 10 2 2262 3395 3040 3682
18514 4 2 10 2 1798 1610 1799 3496
18515 4 2 10 2 2154 3411 2666 3669
18516 4 2 10 2 501 1210 278 2947
18517 4 2 10 2 2974 3338 2529 3666
18518 4 2 10 2 607 808 820 2824
18519 4 2 10 2 1453 893 1371 3336
18520 4 2 10 2 2129 2587 3356 3627
18521 4 2 10 2 844 698 705 3554
18522 4 2 10 2 1737 3183 1789 3206
18523 4 2 10 2 2064 3349 3159 3494
18524 4 2 10 2 1792 1615 1791 3401
18525 4 2 10 2 2241 3297 2627 3755
18526 4 2 10 2 342 470 488 3312
18527 4 2 10 2 1648 3329 1650 3689
18528 4 2 10 2 380 381 382 3179
18529 4 2 10 2 1745 1919 1639 3077
18530 4 2 10 2 1247 1377 1248 3186
18531 4 2 10 2 619 616 771 3106
18532 4 2 10 2 2539 2789 3376 3558
18533 4 2 10 2 2812 2250 3542 3662
18534 4 2 10 2 765 2841 862 3749
18535 4 2 10 2 2409 3071 3337 3458
18536 4 2 10 2 2687 3474 2309 3527
18537 4 2 10 2 893 575 780 149
18538 4 2 10 2 1962 1800 1528 2920
18539 4 2 10 2 1762 2041 1507 3465
18540 4 2 10 2 264 29 260 3276
18541 4 2 10 2 471 406 333 3541
18542 4 2 10 2 447 553 448 3637
18543 4 2 10 2 414 345 347 3528
18544 4 2 10 2 558 2046 1483 3054
18545 4 2 10 2 60 879 1233 458
18546 4 2 10 2 1791 1615 1614 2840
18547 4 2 10 2 2239 3180 2936 3371
18548 4 2 10 2 426 350 348 3464
18549 4 2 10 2 64 886 285 2974
18550 4 2 10 2 2875 3035 2422 3449
18551 4 2 10 2 721 2868 819 3735
18552 4 2 10 2 2578 3210 2805 3533
18553 4 2 10 2 1669 1668 1670 3619
18554 4 2 10 2 1626 1625 1622 3339
18555 4 2 10 2 234 3649 2863 3696
18556 4 2 10 2 1497 1960 2030 3478
18557 4 2 10 2 45 44 308 3392
18558 4 2 10 2 1005 1012 1004 2963
18559 4 2 10 2 1439 289 524 3070
18560 4 2 10 2 314 490 318 3201
18561 4 2 10 2 1933 1930 1579 3526
18562 4 2 10 2 1353 1132 1343 3704
18563 4 2 10 2 2088 2913 3324 3577
18564 4 2 10 2 1797 1694 1804 3727
18565 4 2 10 2 1124 1376 1438 3258
18566 4 2 10 2 195 789 1506 3417
18567 4 2 10 2 1386 467 898 58
18568 4 2 10 2 538 445 308 2783
18569 4 2 10 2 1097 1173 1221 2745
18570 4 2 10 2 2220 2989 3033 3387
18571 4 2 10 2 2736 3395 2102 3403
18572 4 2 10 2 1653 1661 1662 3567
18573 4 2 10 2 1694 1696 1695 3045
18574 4 2 10 2 2263 3458 2741 3665
18575 4 2 10 2 2696 3556 2320 3725
18576 4 2 10 2 2319 2822 3476 3506
18577 4 2 10 2 1143 1076 1138 2927
18578 4 2 10 2 2613 3252 2251 3709
18579 4 2 10 2 1834 1849 1850 2942
18580 4 2 10 2 1218 1139 1140 2978
18581 4 2 10 2 2166 3521 2814 3571
18582 4 2 10 2 476 477 286 2892
18583 4 2 10 2 611 737 736 3291
18584 4 2 10 2 2130 3322 2899 3707
18585 4 2 10 2 954 948 956 3450
18586 4 2 10 2 852 841 605 2646
18587 4 2 10 2 1210 501 62 1209
18588 4 2 10 2 1693 1695 1705 3391
18589 4 2 10 2 954 3450 956 3645
18590 4 2 10 2 59 1233 1386 457
18591 4 2 10 2 1674 1681 1682 2939
18592 4 2 10 2 261 28 264 3389
18593 4 2 10 2 797 152 1435 913
18594 4 2 10 2 1075 1025 1026 2860
18595 4 2 10 2 1101 1159 1158 3358
18596 4 2 10 2 1173 1097 1172 3372
18597 4 2 10 2 57 467 1434 551
18598 4 2 10 2 162 1191 807 3249
18599 4 2 10 2 1579 1930 1569 3313
18600 4 2 10 2 1403 1217 897 3548
18601 4 2 10 2 2049 2038 1484 3133
18602 4 2 10 2 2357 3101 2966 3467
18603 4 2 10 2 1481 17 1798 3496
18604 4 2 10 2 443 312 295 3737
18605 4 2 10 2 1262 1087 1177 3388
18606 4 2 10 2 1591 1587 1603 3029
18607 4 2 10 2 1841 1634 1633 3640
18608 4 2 10 2 2797 3262 2193 3300
18609 4 2 10 2 454 1867 113 3439
18610 4 2 10 2 2323 3358 2700 3601
18611 4 2 10 2 2721 2181 3276 3732
18612 4 2 10 2 220 584 775 1528
18613 4 2 10 2 2187 2889 3228 3652
18614 4 2 10 2 2789 3091 2185 3376
18615 4 2 10 2 1257 1076 1146 3147
18616 4 2 10 2 296 3054 1483 3637
18617 4 2 10 2 2188 3274 3428 3440
18618 4 2 10 2 2717 3100 2169 3563
18619 4 2 10 2 309 506 548 3548
18620 4 2 10 2 1528 221 1962 860
18621 4 2 10 2 1574 1930 1918 3265
18622 4 2 10 2 2636 3727 3281 3760
18623 4 2 10 2 2090 2875 3035 3643
18624 4 2 10 2 544 3285 424 3687
18625 4 2 10 2 1878 1656 1658 3074
18626 4 2 10 2 1437 1174 1332 3261
18627 4 2 10 2 536 429 287 3723
18628 4 2 10 2 1698 1703 1729 2734
18629 4 2 10 2 395 556 410 3230
18630 4 2 10 2 2329 3615 2572 3632
18631 4 2 10 2 795 824 571 2738
18632 4 2 10 2 691 856 747 3414
18633 4 2 10 2 3339 3430 1626 3663
18634 4 2 10 2 835 182 1381 882
18635 4 2 10 2 2035 1498 1989 2998
18636 4 2 10 2 598 166 910 1408
18637 4 2 10 2 1832 1804 1692 3727
18638 4 2 10 2 2028 2008 1811 3750
18639 4 2 10 2 1987 3225 1955 3565
18640 4 2 10 2 1536 1535 1537 3241
18641 4 2 10 2 1797 1741 2011 3017
18642 4 2 10 2 1116 1195 1198 3460
18643 4 2 10 2 3033 3387 2475 3604
18644 4 2 10 2 1220 1467 1385 2847
18645 4 2 10 2 636 634 635 3289
18646 4 2 10 2 684 688 691 3414
18647 4 2 10 2 70 906 1393 299
18648 4 2 10 2 487 486 275 3620
18649 4 2 10 2 3393 3610 2318 3726
18650 4 2 10 2 1829 1740 1626 3430
18651 4 2 10 2 921 920 919 3742
18652 4 2 10 2 323 482 3142 3535
18653 4 2 10 2 586 153 769 899
18654 4 2 10 2 91 306 542 3330
18655 4 2 10 2 1141 1077 1244 3513
18656 4 2 10 2 2769 3014 2222 3608
18657 4 2 10 2 2153 3292 2901 3639
18658 4 2 10 2 2219 3180 2911 3371
18659 4 2 10 2 892 480 54 1429
18660 4 2 10 2 876 1384 1208 3098
18661 4 2 10 2 845 142 805 3405
18662 4 2 10 2 2212 2895 3010 3622
18663 4 2 10 2 73 1405 517 3118
18664 4 2 10 2 477 566 416 3287
18665 4 2 10 2 1856 1717 1893 3154
18666 4 2 10 2 1240 1194 1378 3190
18667 4 2 10 2 654 652 653 2941
18668 4 2 10 2 950 938 933 2922
18669 4 2 10 2 2190 3156 2740 3740
18670 4 2 10 2 2740 3156 2255 3740
18671 4 2 10 2 1995 100 288 1510
18672 4 2 10 2 1287 1432 1453 3633
18673 4 2 10 2 2235 3337 2980 3458
18674 4 2 10 2 2095 3599 2817 3628
18675 4 2 10 2 718 577 815 3266
18676 4 2 10 2 1548 1542 1831 3748
18677 4 2 10 2 1125 1339 1127 3022
18678 4 2 10 2 1628 1836 1629 3080
18679 4 2 10 2 2025 1765 1972 2904
18680 4 2 10 2 388 385 389 2856
18681 4 2 10 2 1155 1246 1239 3155
18682 4 2 10 2 1929 1574 1918 3265
18683 4 2 10 2 2086 3014 2769 3608
18684 4 2 10 2 3310 3546 2262 3552
18685 4 2 10 2 840 708 797 2690
18686 4 2 10 2 2817 3628 2411 3685
18687 4 2 10 2 765 862 859 3749
18688 4 2 10 2 1259 1363 3522 3751
18689 4 2 10 2 2509 3124 3265 3679
18690 4 2 10 2 1214 1318 1106 2995
18691 4 2 10 2 585 184 834 902
18692 4 2 10 2 1086 1241 1243 2747
18693 4 2 10 2 1243 1379 904 2712
18694 4 2 10 2 2373 3093 3363 3470
18695 4 2 10 2 480 482 404 3535
18696 4 2 10 2 1375 1246 1155 3155
18697 4 2 10 2 1629 1627 1628 3080
18698 4 2 10 2 2295 3585 3266 3708
18699 4 2 10 2 457 460 407 2526
18700 4 2 10 2 2259 2912 3347 3511
18701 4 2 10 2 1472 899 1433 2767
18702 4 2 10 2 307 1385 89 535
18703 4 2 10 2 1066 1274 1059 3103
18704 4 2 10 2 721 3434 2868 3735
18705 4 2 10 2 448 410 556 3230
18706 4 2 10 2 1172 1330 1367 3166
18707 4 2 10 2 2194 3319 2870 3715
18708 4 2 10 2 1367 1366 1083 3311
18709 4 2 10 2 956 3450 3110 3645
18710 4 2 10 2 101 513 1510 3474
18711 4 2 10 2 1749 1481 1796 2923
18712 4 2 10 2 1527 1948 1947 2892
18713 4 2 10 2 602 217 788 1999
18714 4 2 10 2 340 3447 339 3758
18715 4 2 10 2 274 55 481 912
18716 4 2 10 2 1120 1121 1119 3121
18717 4 2 10 2 2219 3528 2592 3666
18718 4 2 10 2 2018 1511 1859 2881
18719 4 2 10 2 89 903 1385 307
18720 4 2 10 2 1262 1186 1111 2830
18721 4 2 10 2 2005 1522 45 3392
18722 4 2 10 2 1383 1344 1206 3575
18723 4 2 10 2 101 1510 1996 3474
18724 4 2 10 2 234 2863 256 3696
18725 4 2 10 2 1659 1658 1655 3215
18726 4 2 10 2 664 720 817 2973
18727 4 2 10 2 2286 3420 2619 3657
18728 4 2 10 2 2469 3254 2744 3598
18729 4 2 10 2 2384 3426 2983 3602
18730 4 2 10 2 995 1356 998 3288
18731 4 2 10 2 1362 1359 1167 3025
18732 4 2 10 2 87 536 287 3723
18733 4 2 10 2 816 1407 168 894
18734 4 2 10 2 341 339 340 3447
18735 4 2 10 2 1509 2047 1889 2823
18736 4 2 10 2 1152 1351 1201 2944
18737 4 2 10 2 20 3237 19 3385
18738 4 2 10 2 1864 1821 1551 2924
18739 4 2 10 2 1898 1693 1705 3391
18740 4 2 10 2 538 543 445 3677
18741 4 2 10 2 1209 2947 501 3505
18742 4 2 10 2 592 768 761 2916
18743 4 2 10 2 937 939 940 3221
18744 4 2 10 2 1044 1110 1109 3614
18745 4 2 10 2 237 3668 254 3717
18746 4 2 10 2 1408 1462 910 3266
18747 4 2 10 2 1319 1342 1017 3399
18748 4 2 10 2 2039 1995 1965 3184
18749 4 2 10 2 2039 1492 2031 3672
18750 4 2 10 2 1541 1543 3243 3686
18751 4 2 10 2 1836 1928 1905 3420
18752 4 2 10 2 483 368 362 3092
18753 4 2 10 2 917 918 1368 3713
18754 4 2 10 2 495 404 327 3111
18755 4 2 10 2 580 743 145 3759
18756 4 2 10 2 1799 1610 1807 3442
18757 4 2 10 2 1091 1313 1330 3676
18758 4 2 10 2 996 994 1360 2997
18759 4 2 10 2 1466 1263 914 3673
18760 4 2 10 2 254 255 251 3756
18761 4 2 10 2 87 880 1382 3723
18762 4 2 10 2 1484 2012 855 3133
18763 4 2 10 2 845 609 136 3405
18764 4 2 10 2 916 919 918 3713
18765 4 2 10 2 311 295 312 3737
18766 4 2 10 2 2216 3149 3150 3559
18767 4 2 10 2 1259 1133 1363 3751
18768 4 2 10 2 2869 3356 2587 3627
18769 4 2 10 2 2929 3324 2203 3477
18770 4 2 10 2 1643 1770 1771 2722
18771 4 2 10 2 2404 2951 3579 3747
18772 4 2 10 2 667 784 665 3413
18773 4 2 10 2 1607 1759 1845 2972
18774 4 2 10 2 412 501 2947 3505
18775 4 2 10 2 1176 142 845 3405
18776 4 2 10 2 936 939 3221 3653
18777 4 2 10 2 276 411 528 2598
18778 4 2 10 2 2985 3044 2316 3574
18779 4 2 10 2 748 747 855 3133
18780 4 2 10 2 2262 3040 2859 3682
18781 4 2 10 2 725 857 734 3132
18782 4 2 10 2 1330 1168 1367 3166
18783 4 2 10 2 1860 1828 1916 3519
18784 4 2 10 2 2220 3387 3033 3604
18785 4 2 10 2 1738 1820 1908 3651
18786 4 2 10 2 681 683 682 2933
18787 4 2 10 2 1391 1424 908 2841
18788 4 2 10 2 528 382 529 3179
18789 4 2 10 2 2245 3044 2985 3574
18790 4 2 10 2 506 46 548 1459
18791 4 2 10 2 1484 855 593 3133
18792 4 2 10 2 1711 1765 1764 3642
18793 4 2 10 2 2166 3448 2814 3521
18794 4 2 10 2 63 285 886 3505
18795 4 2 10 2 1382 1310 1473 2864
18796 4 2 10 2 1543 1544 1541 3243
18797 4 2 10 2 598 166 814 910
18798 4 2 10 2 1843 1756 1606 3697
18799 4 2 10 2 1562 1553 1555 3605
18800 4 2 10 2 771 702 619 3106
18801 4 2 10 2 679 677 711 3168
18802 4 2 10 2 652 654 663 2941
18803 4 2 10 2 642 644 753 2986
18804 4 2 10 2 1585 1595 1596 2827
18805 4 2 10 2 1160 1324 1271 3728
18806 4 2 10 2 1183 3229 1182 3635
18807 4 2 10 2 2215 3479 2756 3609
18808 4 2 10 2 1949 1495 1985 2916
18809 4 2 10 2 922 1281 1368 3041
18810 4 2 10 2 1705 1720 1721 3488
18811 4 2 10 2 235 255 3177 3756
18812 4 2 10 2 1215 896 1414 3581
18813 4 2 10 2 2721 3296 2181 3732
18814 4 2 10 2 387 330 328 3527
18815 4 2 10 2 1429 481 55 912
18816 4 2 10 2 2020 588 754 3353
18817 4 2 10 2 654 760 663 3452
18818 4 2 10 2 2429 2859 3040 3682
18819 4 2 10 2 2031 1956 2032 2834
18820 4 2 10 2 362 360 483 3092
18821 4 2 10 2 1093 1181 1180 3635
18822 4 2 10 2 1444 1374 1402 3069
18823 4 2 10 2 1032 1019 1033 3365
18824 4 2 10 2 2556 3423 3141 3484
18825 4 2 10 2 480 404 481 3453
18826 4 2 10 2 1387 6 847 40
18827 4 2 10 2 2072 3406 3255 3596
18828 4 2 10 2 2027 1854 1490 2646
18829 4 2 10 2 1795 1508 1981 2802
18830 4 2 10 2 1411 881 1420 2761
18831 4 2 10 2 2636 2301 3727 3760
18832 4 2 10 2 1123 1206 1122 3575
18833 4 2 10 2 556 449 448 3242
18834 4 2 10 2 70 299 515 906
18835 4 2 10 2 2870 3319 417 3715
18836 4 2 10 2 391 559 3242 3475
18837 4 2 10 2 1499 591 2026 3034
18838 4 2 10 2 967 1045 957 3066
18839 4 2 10 2 1636 1639 1903 3638
18840 4 2 10 2 439 322 320 2994
18841 4 2 10 2 1547 1539 1542 2948
18842 4 2 10 2 1713 1515 1719 2796
18843 4 2 10 2 965 966 958 3456
18844 4 2 10 2 1372 805 142 3405
18845 4 2 10 2 854 3262 703 3759
18846 4 2 10 2 1761 2008 1813 3354
18847 4 2 10 2 503 2974 285 3505
18848 4 2 10 2 2653 3437 2389 3521
18849 4 2 10 2 2203 3205 2770 3493
18850 4 2 10 2 1793 2042 3296 3678
18851 4 2 10 2 3031 2475 3387 3604
18852 4 2 10 2 672 674 792 3151
18853 4 2 10 2 1129 977 1338 3570
18854 4 2 10 2 2985 3380 2245 3574
18855 4 2 10 2 467 57 1434 898
18856 4 2 10 2 2012 224 855 748
18857 4 2 10 2 1478 1413 1178 3674
18858 4 2 10 2 2046 1925 1924 3054
18859 4 2 10 2 902 585 183 3368
18860 4 2 10 2 1789 205 1923 3206
18861 4 2 10 2 1679 1690 1678 3587
18862 4 2 10 2 135 445 1485 549
18863 4 2 10 2 119 1494 1982 3620
18864 4 2 10 2 673 824 675 3301
18865 4 2 10 2 1006 978 1270 3536
18866 4 2 10 2 2005 549 135 1485
18867 4 2 10 2 1470 1304 1198 3460
18868 4 2 10 2 1729 1730 1778 3082
18869 4 2 10 2 1233 1235 1386 3345
18870 4 2 10 2 850 703 724 3300
18871 4 2 10 2 2043 1792 1791 3401
18872 4 2 10 2 1709 3244 1711 3642
18873 4 2 10 2 1296 1178 1090 3674
18874 4 2 10 2 1901 1942 1489 3737
18875 4 2 10 2 2805 3210 2243 3533
18876 4 2 10 2 1725 2970 1954 3586
18877 4 2 10 2 803 643 712 3355
18878 4 2 10 2 2298 3591 2722 3636
18879 4 2 10 2 1894 1994 1969 3049
18880 4 2 10 2 223 591 829 2026
18881 4 2 10 2 494 101 1996 3474
18882 4 2 10 2 789 589 790 3417
18883 4 2 10 2 68 281 512 885
18884 4 2 10 2 1409 600 816 3370
18885 4 2 10 2 1409 894 1214 3370
18886 4 2 10 2 165 887 1408 811
18887 4 2 10 2 286 124 476 1527
18888 4 2 10 2 1402 1145 1304 3064
18889 4 2 10 2 326 328 327 3664
18890 4 2 10 2 1887 1885 1699 2884
18891 4 2 10 2 2408 3259 2851 3504
18892 4 2 10 2 464 363 352 3504
18893 4 2 10 2 454 113 455 3439
18894 4 2 10 2 839 2050 1523 3028
18895 4 2 10 2 154 762 899 1389
18896 4 2 10 2 1449 1290 1431 3275
18897 4 2 10 2 47 506 1443 897
18898 4 2 10 2 123 286 478 1504
18899 4 2 10 2 119 1982 275 3620
18900 4 2 10 2 338 336 452 3224
18901 4 2 10 2 1732 1843 1606 2957
18902 4 2 10 2 1273 1272 1373 2993
18903 4 2 10 2 1593 1578 1746 3580
18904 4 2 10 2 595 182 835 882
18905 4 2 10 2 885 69 1393 512
18906 4 2 10 2 552 544 424 3687
18907 4 2 10 2 2334 3348 2785 3699
18908 4 2 10 2 1939 1734 1938 3486
18909 4 2 10 2 655 717 813 3585
18910 4 2 10 2 519 421 289 3069
18911 4 2 10 2 1993 3237 20 3700
18912 4 2 10 2 1427 161 603 877
18913 4 2 10 2 462 564 545 3042
18914 4 2 10 2 236 243 20 3385
18915 4 2 10 2 647 645 714 3408
18916 4 2 10 2 2086 3511 3037 3747
18917 4 2 10 2 2036 1839 1790 3590
18918 4 2 10 2 2785 3348 2281 3699
18919 4 2 10 2 1443 1403 897 3548
18920 4 2 10 2 2999 3428 2144 3529
18921 4 2 10 2 163 1191 1223 807
18922 4 2 10 2 2262 2736 3395 3552
18923 4 2 10 2 2102 3395 2736 3552
18924 4 2 10 2 894 1454 1214 3370
18925 4 2 10 2 101 494 513 3474
18926 4 2 10 2 353 417 3319 3715
18927 4 2 10 2 21 3244 1709 3700
18928 4 2 10 2 1669 1678 1686 2790
18929 4 2 10 2 1078 1079 1137 3293
18930 4 2 10 2 344 428 346 3245
18931 4 2 10 2 1375 1250 1038 3483
18932 4 2 10 2 290 108 492 2044
18933 4 2 10 2 671 821 722 3485
18934 4 2 10 2 787 755 726 3498
18935 4 2 10 2 2533 3359 3269 3612
18936 4 2 10 2 854 703 850 3759
18937 4 2 10 2 2010 1801 1802 3364
18938 4 2 10 2 1176 1372 142 3405
18939 4 2 10 2 1173 1370 1415 3582
18940 4 2 10 2 370 563 418 2805
18941 4 2 10 2 1985 1729 1778 3082
18942 4 2 10 2 1576 1575 1586 3128
18943 4 2 10 2 915 505 1477 3338
18944 4 2 10 2 939 937 936 3221
18945 4 2 10 2 2783 3392 2268 3486
18946 4 2 10 2 833 595 729 3100
18947 4 2 10 2 1619 1623 1618 3199
18948 4 2 10 2 3223 3330 2721 3750
18949 4 2 10 2 1623 1641 1618 3199
18950 4 2 10 2 2056 37 267 3750
18951 4 2 10 2 119 486 1494 3620
18952 4 2 10 2 998 1356 1002 3288
18953 4 2 10 2 1903 1639 1919 3077
18954 4 2 10 2 739 622 624 3050
18955 4 2 10 2 167 577 814 910
18956 4 2 10 2 1997 1790 1751 2782
18957 4 2 10 2 2262 3395 3310 3552
18958 4 2 10 2 1881 1744 1835 3600
18959 4 2 10 2 158 1211 1351 802
18960 4 2 10 2 2281 3139 2785 3699
18961 4 2 10 2 576 801 800 2761
18962 4 2 10 2 1419 903 90 550
18963 4 2 10 2 903 307 550 3105
18964 4 2 10 2 163 579 807 1223
18965 4 2 10 2 162 877 1191 3249
18966 4 2 10 2 1737 1722 1789 3183
18967 4 2 10 2 630 629 631 3061
18968 4 2 10 2 1993 20 1514 3700
18969 4 2 10 2 1757 1701 1780 3081
18970 4 2 10 2 367 365 487 3210
18971 4 2 10 2 1980 1756 2015 3697
18972 4 2 10 2 731 642 753 3690
18973 4 2 10 2 1567 1599 1600 3502
18974 4 2 10 2 2016 1818 2010 3364
18975 4 2 10 2 801 576 712 2760
18976 4 2 10 2 808 607 847 3654
18977 4 2 10 2 404 325 327 3535
18978 4 2 10 2 835 183 585 3368
18979 4 2 10 2 1176 136 8 874
18980 4 2 10 2 1114 1277 1311 3644
18981 4 2 10 2 849 742 568 2742
18982 4 2 10 2 1700 1702 1682 3127
18983 4 2 10 2 161 1427 603 804
18984 4 2 10 2 113 1867 1487 3439
18985 4 2 10 2 321 323 479 3142
18986 4 2 10 2 601 151 913 1430
18987 4 2 10 2 1221 1296 1097 3001
18988 4 2 10 2 268 263 32 3038
18989 4 2 10 2 827 679 711 3168
18990 4 2 10 2 953 952 959 3044
18991 4 2 10 2 887 164 1223 579
18992 4 2 10 2 1854 2027 1852 3586
18993 4 2 10 2 657 718 659 2780
18994 4 2 10 2 564 1392 50 883
18995 4 2 10 2 821 3485 669 3735
18996 4 2 10 2 1527 2002 1948 2892
18997 4 2 10 2 603 162 807 3249
18998 4 2 10 2 413 473 529 3361
18999 4 2 10 2 1341 1354 1158 3056
19000 4 2 10 2 231 1522 1943 846
19001 4 2 10 2 72 1405 279 517
19002 4 2 10 2 748 829 843 3034
19003 4 2 10 2 1657 1826 1833 3023
19004 4 2 10 2 1056 1058 1057 3270
19005 4 2 10 2 1889 1706 1723 3246
19006 4 2 10 2 418 372 370 2805
19007 4 2 10 2 1413 1478 905 3086
19008 4 2 10 2 900 1439 76 524
19009 4 2 10 2 68 885 1224 281
19010 4 2 10 2 467 406 471 2726
19011 4 2 10 2 482 479 323 3142
19012 4 2 10 2 72 1405 1406 279
19013 4 2 10 2 1876 3600 1881 3757
19014 4 2 10 2 2974 3505 2291 3713
19015 4 2 10 2 2004 1485 134 3677
19016 4 2 10 2 2788 3071 2409 3665
19017 4 2 10 2 1516 2044 108 290
19018 4 2 10 2 1497 578 200 3478
19019 4 2 10 2 346 428 496 3245
19020 4 2 10 2 1439 519 1444 75
19021 4 2 10 2 17 1481 16 2732
19022 4 2 10 2 2005 7 45 1522
19023 4 2 10 2 594 156 800 881
19024 4 2 10 2 1378 1194 1424 3190
19025 4 2 10 2 1930 1933 1753 3526
19026 4 2 10 2 109 272 492 2021
19027 4 2 10 2 324 434 326 2969
19028 4 2 10 2 421 518 366 3381
19029 4 2 10 2 1859 1511 1940 2881
19030 4 2 10 2 713 581 831 3086
19031 4 2 10 2 516 419 359 3204
19032 4 2 10 2 2136 3071 2788 3665
19033 4 2 10 2 1519 588 2020 3353
19034 4 2 10 2 712 801 2760 3355
19035 4 2 10 2 1289 1106 1318 2995
19036 4 2 10 2 989 990 988 3508
19037 4 2 10 2 2055 1938 1853 3075
19038 4 2 10 2 1377 1232 1248 3186
19039 4 2 10 2 2804 3292 2153 3639
19040 4 2 10 2 63 1209 501 3505
19041 4 2 10 2 1709 1722 1710 3183
19042 4 2 10 2 1041 1039 1037 3018
19043 4 2 10 2 316 319 461 3046
19044 4 2 10 2 515 1406 71 906
19045 4 2 10 2 1468 1434 898 3196
19046 4 2 10 2 1575 1876 1881 3757
19047 4 2 10 2 825 175 826 1456
19048 4 2 10 2 1421 914 79 3673
19049 4 2 10 2 713 830 581 3086
19050 4 2 10 2 1915 1817 1565 3256
19051 4 2 10 2 506 544 304 3548
19052 4 2 10 2 1928 1592 1644 3489
19053 4 2 10 2 2404 3344 3104 3538
19054 4 2 10 2 1279 1007 1009 3173
19055 4 2 10 2 1382 1417 1310 3723
19056 4 2 10 2 1624 1872 1630 2982
19057 4 2 10 2 349 415 3182 3443
19058 4 2 10 2 661 815 720 2973
19059 4 2 10 2 676 716 674 3151
19060 4 2 10 2 1255 996 1360 3616
19061 4 2 10 2 64 285 505 2974
19062 4 2 10 2 3261 3566 2375 3740
19063 4 2 10 2 43 798 567 3382
19064 4 2 10 2 601 708 794 3592
19065 4 2 10 2 167 577 910 1407
19066 4 2 10 2 555 305 543 3677
19067 4 2 10 2 299 69 512 1393
19068 4 2 10 2 706 841 705 3097
19069 4 2 10 2 1163 1315 1292 3532
19070 4 2 10 2 1713 1712 1515 2796
19071 4 2 10 2 2552 3152 3390 3706
19072 4 2 10 2 113 1487 455 3439
19073 4 2 10 2 1394 1231 1443 3687
19074 4 2 10 2 1027 1355 1280 3634
19075 4 2 10 2 1649 1653 1650 3329
19076 4 2 10 2 954 1162 1305 3645
19077 4 2 10 2 1035 1101 1158 3358
19078 4 2 10 2 1144 1095 1096 3308
19079 4 2 10 2 811 1408 165 598
19080 4 2 10 2 527 1421 79 3673
19081 4 2 10 2 4 268 1459 1153
19082 4 2 10 2 880 87 287 3723
19083 4 2 10 2 312 313 311 2979
19084 4 2 10 2 404 495 481 2659
19085 4 2 10 2 583 160 1150 884
19086 4 2 10 2 795 675 824 3301
19087 4 2 10 2 564 50 282 883
19088 4 2 10 2 441 555 442 3691
19089 4 2 10 2 2473 3253 2808 3570
19090 4 2 10 2 544 304 3548 3687
19091 4 2 10 2 231 744 846 1943
19092 4 2 10 2 1819 1901 1931 3024
19093 4 2 10 2 1522 7 45 846
19094 4 2 10 2 507 347 3182 3528
19095 4 2 10 2 1369 1367 1083 3311
19096 4 2 10 2 669 671 670 3485
19097 4 2 10 2 1288 986 1256 3059
19098 4 2 10 2 1444 890 74 519
19099 4 2 10 2 416 566 376 2928
19100 4 2 10 2 1814 1983 1525 3051
19101 4 2 10 2 1726 1954 1725 2970
19102 4 2 10 2 1897 1651 1833 3379
19103 4 2 10 2 838 740 738 3058
19104 4 2 10 2 1034 1100 1035 3601
19105 4 2 10 2 12 237 244 3717
19106 4 2 10 2 1818 1690 2013 3678
19107 4 2 10 2 1900 1518 1942 3594
19108 4 2 10 2 2015 1843 2033 3697
19109 4 2 10 2 386 378 566 3287
19110 4 2 10 2 1326 923 973 2991
19111 4 2 10 2 1446 2 26 891
19112 4 2 10 2 338 379 340 3758
19113 4 2 10 2 1257 1146 1258 3147
19114 4 2 10 2 1439 900 1374 3070
19115 4 2 10 2 2804 2153 3539 3639
19116 4 2 10 2 463 405 315 3437
19117 4 2 10 2 472 274 495 3196
19118 4 2 10 2 1564 1558 1559 3621
19119 4 2 10 2 576 158 802 1211
19120 4 2 10 2 398 429 396 3189
19121 4 2 10 2 272 2021 1809 3588
19122 4 2 10 2 2337 3610 3393 3726
19123 4 2 10 2 1379 145 743 3759
19124 4 2 10 2 344 342 488 3312
19125 4 2 10 2 2404 3579 3065 3747
19126 4 2 10 2 1149 1417 1335 3393
19127 4 2 10 2 501 1210 62 278
19128 4 2 10 2 780 794 707 3336
19129 4 2 10 2 533 1441 84 888
19130 4 2 10 2 617 725 724 3300
19131 4 2 10 2 1176 8 136 845
19132 4 2 10 2 781 660 662 3507
19133 4 2 10 2 1360 1157 1255 3616
19134 4 2 10 2 490 435 318 3201
19135 4 2 10 2 1961 1810 1978 3003
19136 4 2 10 2 1429 480 481 3453
19137 4 2 10 2 2058 3235 1946 3422
19138 4 2 10 2 21 1709 1514 3700
19139 4 2 10 2 1445 1374 900 3070
19140 4 2 10 2 436 440 437 2975
19141 4 2 10 2 729 585 836 3368
19142 4 2 10 2 580 145 878 3759
19143 4 2 10 2 1392 1192 1480 3042
19144 4 2 10 2 542 438 3223 3330
19145 4 2 10 2 1793 2029 1766 3296
19146 4 2 10 2 1811 3330 542 3750
19147 4 2 10 2 1127 1189 1126 3251
19148 4 2 10 2 2206 2821 3232 3684
19149 4 2 10 2 1714 1713 1724 3315
19150 4 2 10 2 1573 1851 1566 3641
19151 4 2 10 2 819 1409 170 911
19152 4 2 10 2 60 457 458 1233
19153 4 2 10 2 1648 1650 1651 3689
19154 4 2 10 2 1839 1880 1748 3590
19155 4 2 10 2 1328 1014 1331 3040
19156 4 2 10 2 1562 1569 1574 3124
19157 4 2 10 2 1242 878 1379 3759
19158 4 2 10 2 134 1485 445 3677
19159 4 2 10 2 2170 3436 2888 3463
19160 4 2 10 2 2039 1782 1995 3184
19161 4 2 10 2 581 831 3086 3731
19162 4 2 10 2 506 46 1459 897
19163 4 2 10 2 296 1483 130 3637
19164 4 2 10 2 532 283 413 3559
19165 4 2 10 2 1123 1124 1438 3263
19166 4 2 10 2 1590 1598 1613 3734
19167 4 2 10 2 200 750 1827 3478
19168 4 2 10 2 577 718 814 3266
19169 4 2 10 2 1471 900 77 524
19170 4 2 10 2 2295 2835 3585 3708
19171 4 2 10 2 1724 1961 1809 3588
19172 4 2 10 2 1040 1042 1072 3219
19173 4 2 10 2 349 507 347 3182
19174 4 2 10 2 1148 1455 1254 3543
19175 4 2 10 2 876 186 847 1387
19176 4 2 10 2 1278 980 1018 3741
19177 4 2 10 2 1383 1196 1344 2879
19178 4 2 10 2 1280 1266 1267 3148
19179 4 2 10 2 235 249 255 3756
19180 4 2 10 2 305 2004 134 3677
19181 4 2 10 2 3141 3423 2339 3484
19182 4 2 10 2 1361 947 1352 3607
19183 4 2 10 2 944 928 1294 3556
19184 4 2 10 2 933 934 932 3335
19185 4 2 10 2 801 710 800 2761
19186 4 2 10 2 1938 1863 1853 3075
19187 4 2 10 2 119 275 486 3620
19188 4 2 10 2 1939 1938 1522 3392
19189 4 2 10 2 911 1476 171 819
19190 4 2 10 2 1396 1425 888 3150
19191 4 2 10 2 1806 1805 1779 3004
19192 4 2 10 2 353 355 417 3715
19193 4 2 10 2 1497 200 1827 3478
19194 4 2 10 2 1819 1702 1901 3518
19195 4 2 10 2 649 806 715 3441
19196 4 2 10 2 817 600 721 2868
19197 4 2 10 2 1438 1465 1123 3263
19198 4 2 10 2 1080 1028 1078 3000
19199 4 2 10 2 1400 1469 1428 2893
19200 4 2 10 2 1352 1334 1264 3048
19201 4 2 10 2 270 1511 132 3691
19202 4 2 10 2 2028 2056 1501 3750
19203 4 2 10 2 778 760 656 3452
19204 4 2 10 2 2037 1735 1710 3012
19205 4 2 10 2 1118 959 970 3701
19206 4 2 10 2 204 588 754 2020
19207 4 2 10 2 1727 1634 1841 3640
19208 4 2 10 2 1961 1719 1810 3003
19209 4 2 10 2 2363 3293 3000 3683
19210 4 2 10 2 51 462 539 907
19211 4 2 10 2 1544 1543 1545 3243
19212 4 2 10 2 696 697 698 3554
19213 4 2 10 2 263 33 32 3038
19214 4 2 10 2 533 298 901 3197
19215 4 2 10 2 1232 1230 1104 3136
19216 4 2 10 2 552 444 304 3687
19217 4 2 10 2 200 578 750 3478
19218 4 2 10 2 1419 6 40 550
19219 4 2 10 2 1568 1566 1580 3174
19220 4 2 10 2 1175 1093 1180 2958
19221 4 2 10 2 718 813 598 3266
19222 4 2 10 2 977 979 1338 3570
19223 4 2 10 2 223 591 2026 1499
19224 4 2 10 2 1409 816 600 169
19225 4 2 10 2 1675 1917 1846 3703
19226 4 2 10 2 8 1461 1176 874
19227 4 2 10 2 529 384 413 3361
19228 4 2 10 2 1071 1299 1115 3421
19229 4 2 10 2 907 1400 1428 2893
19230 4 2 10 2 1963 1977 1842 3671
19231 4 2 10 2 1433 1432 1175 3633
19232 4 2 10 2 1989 1498 1952 2998
19233 4 2 10 2 719 670 672 3534
19234 4 2 10 2 307 521 509 3105
19235 4 2 10 2 262 30 31 3732
19236 4 2 10 2 605 1490 229 1991
19237 4 2 10 2 721 600 819 2868
19238 4 2 10 2 396 394 395 3295
19239 4 2 10 2 638 640 751 3137
19240 4 2 10 2 412 503 501 3505
19241 4 2 10 2 1456 909 175 826
19242 4 2 10 2 733 628 793 3279
19243 4 2 10 2 980 1278 981 3729
19244 4 2 10 2 359 419 357 3204
19245 4 2 10 2 668 781 662 3507
19246 4 2 10 2 886 915 916 2974
19247 4 2 10 2 1741 1524 1742 3017
19248 4 2 10 2 245 254 237 3668
19249 4 2 10 2 2249 3430 3339 3663
19250 4 2 10 2 1712 13 14 2741
19251 4 2 10 2 1170 1110 1171 3317
19252 4 2 10 2 2025 1519 2020 3353
19253 4 2 10 2 467 471 280 2726
19254 4 2 10 2 886 285 2974 3505
19255 4 2 10 2 1987 1861 1955 3225
19256 4 2 10 2 1163 1336 1315 3532
19257 4 2 10 2 241 3177 255 3668
19258 4 2 10 2 2779 3390 2164 3706
19259 4 2 10 2 603 877 162 3249
19260 4 2 10 2 625 794 627 3592
19261 4 2 10 2 53 480 892 277
19262 4 2 10 2 879 61 1210 278
19263 4 2 10 2 1812 1813 2042 3354
19264 4 2 10 2 301 421 519 3069
19265 4 2 10 2 878 3749 580 3759
19266 4 2 10 2 605 229 741 1991
19267 4 2 10 2 620 692 768 3429
19268 4 2 10 2 248 257 23 3629
19269 4 2 10 2 1694 1797 1696 3660
19270 4 2 10 2 708 629 627 3592
19271 4 2 10 2 632 686 630 2902
19272 4 2 10 2 1103 1246 1072 3558
19273 4 2 10 2 1017 1309 968 3461
19274 4 2 10 2 1035 1012 1034 3601
19275 4 2 10 2 2863 3649 2267 3696
19276 4 2 10 2 1771 1924 1922 3636
19277 4 2 10 2 33 309 32 3038
19278 4 2 10 2 1191 1410 1475 3249
19279 4 2 10 2 1893 1717 1894 3154
19280 4 2 10 2 1651 1897 1648 3689
19281 4 2 10 2 1302 1030 1089 3709
19282 4 2 10 2 1250 1036 1038 3483
19283 4 2 10 2 1386 467 58 280
19284 4 2 10 2 1177 1263 1262 3388
19285 4 2 10 2 1349 1350 1147 3398
19286 4 2 10 2 2072 3546 3341 3752
19287 4 2 10 2 1982 2015 1526 3343
19288 4 2 10 2 341 412 500 3447
19289 4 2 10 2 249 235 257 3629
19290 4 2 10 2 1862 1735 2037 3012
19291 4 2 10 2 542 438 36 3223
19292 4 2 10 2 514 355 357 3715
19293 4 2 10 2 577 168 816 1407
19294 4 2 10 2 452 379 338 3224
19295 4 2 10 2 276 80 527 895
19296 4 2 10 2 449 450 558 3054
19297 4 2 10 2 1365 1167 1134 3374
19298 4 2 10 2 727 581 832 3731
19299 4 2 10 2 154 762 769 899
19300 4 2 10 2 971 1030 1285 3252
19301 4 2 10 2 937 1051 935 3347
19302 4 2 10 2 281 67 508 1224
19303 4 2 10 2 1868 1895 1755 3549
19304 4 2 10 2 1614 1855 1800 3085
19305 4 2 10 2 130 1940 447 3637
19306 4 2 10 2 130 1483 1940 3637
19307 4 2 10 2 1190 67 1224 508
19308 4 2 10 2 533 901 298 85
19309 4 2 10 2 549 2005 45 3392
19310 4 2 10 2 159 583 802 1351
19311 4 2 10 2 270 132 441 3691
19312 4 2 10 2 2025 1764 1765 2904
19313 4 2 10 2 1986 1765 1959 3015
19314 4 2 10 2 896 823 1476 3581
19315 4 2 10 2 1218 1140 1219 3555
19316 4 2 10 2 1175 1287 1092 3633
19317 4 2 10 2 1361 1291 947 3607
19318 4 2 10 2 2114 3562 2961 3725
19319 4 2 10 2 909 1273 1373 2993
19320 4 2 10 2 579 164 811 887
19321 4 2 10 2 287 88 880 535
19322 4 2 10 2 873 233 872 1766
19323 4 2 10 2 1439 519 75 289
19324 4 2 10 2 889 1218 1219 3555
19325 4 2 10 2 1861 1862 1955 3225
19326 4 2 10 2 1142 1099 1220 2955
19327 4 2 10 2 1480 883 1392 3042
19328 4 2 10 2 1072 1102 1103 3558
19329 4 2 10 2 466 392 385 3144
19330 4 2 10 2 282 545 564 3042
19331 4 2 10 2 1601 1589 1586 3192
19332 4 2 10 2 869 867 27 3524
19333 4 2 10 2 558 1483 129 296
19334 4 2 10 2 474 466 383 3302
19335 4 2 10 2 1640 1638 1637 3079
19336 4 2 10 2 2273 3596 3406 3707
19337 4 2 10 2 1656 1878 1660 3074
19338 4 2 10 2 2873 2196 3512 3675
19339 4 2 10 2 1787 1720 1981 3488
19340 4 2 10 2 936 1347 939 3653
19341 4 2 10 2 457 1386 59 280
19342 4 2 10 2 2036 1784 1973 3005
19343 4 2 10 2 408 543 409 3130
19344 4 2 10 2 1217 1153 1459 3038
19345 4 2 10 2 1801 1767 1523 3028
19346 4 2 10 2 1324 1364 1129 3278
19347 4 2 10 2 737 738 740 3058
19348 4 2 10 2 1687 1685 1706 3693
19349 4 2 10 2 1385 880 88 535
19350 4 2 10 2 205 1789 2020 754
19351 4 2 10 2 3406 3596 2492 3707
19352 4 2 10 2 1199 1447 1423 3551
19353 4 2 10 2 405 463 557 3437
19354 4 2 10 2 816 720 577 3370
19355 4 2 10 2 301 890 73 3118
19356 4 2 10 2 2043 2026 1937 3034
19357 4 2 10 2 1654 1833 1651 3379
19358 4 2 10 2 1261 1260 1258 3454
19359 4 2 10 2 345 414 503 3095
19360 4 2 10 2 645 643 803 3217
19361 4 2 10 2 37 36 262 3750
19362 4 2 10 2 808 40 41 3654
19363 4 2 10 2 37 542 36 3750
19364 4 2 10 2 690 853 856 3745
19365 4 2 10 2 2411 2817 3685 3752
19366 4 2 10 2 1867 1790 1487 3439
19367 4 2 10 2 2909 3512 2196 3675
19368 4 2 10 2 1410 1261 1258 3454
19369 4 2 10 2 1970 1807 1612 3442
19370 4 2 10 2 1592 1552 1644 3489
19371 4 2 10 2 2094 3476 3655 3702
19372 4 2 10 2 1308 1270 1340 3170
19373 4 2 10 2 1538 1540 1541 3686
19374 4 2 10 2 74 301 519 890
19375 4 2 10 2 305 134 445 3677
19376 4 2 10 2 155 594 762 1389
19377 4 2 10 2 613 611 736 3291
19378 4 2 10 2 1515 1712 14 3597
19379 4 2 10 2 2048 1795 1974 3530
19380 4 2 10 2 296 130 447 3637
19381 4 2 10 2 733 626 628 3279
19382 4 2 10 2 601 151 797 913
19383 4 2 10 2 1534 1535 1536 3241
19384 4 2 10 2 1141 1094 1077 3513
19385 4 2 10 2 685 776 863 3499
19386 4 2 10 2 2050 1801 1523 3028
19387 4 2 10 2 703 617 724 3300
19388 4 2 10 2 1335 1306 1149 3393
19389 4 2 10 2 1377 1062 1095 3733
19390 4 2 10 2 513 494 387 3474
19391 4 2 10 2 1481 1798 1799 3496
19392 4 2 10 2 571 174 825 1416
19393 4 2 10 2 15 14 256 3597
19394 4 2 10 2 285 63 501 3505
19395 4 2 10 2 1674 1704 1828 3451
19396 4 2 10 2 1483 558 129 2046
19397 4 2 10 2 132 1896 441 3691
19398 4 2 10 2 600 170 819 1409
19399 4 2 10 2 585 729 835 3368
19400 4 2 10 2 689 3226 831 3731
19401 4 2 10 2 1449 1293 1448 3248
19402 4 2 10 2 1944 1953 1521 3125
19403 4 2 10 2 1405 890 1470 3118
19404 4 2 10 2 1183 1182 1181 3635
19405 4 2 10 2 30 29 866 3680
19406 4 2 10 2 3071 3458 2409 3665
19407 4 2 10 2 1569 1570 1579 3313
19408 4 2 10 2 703 763 615 3262
19409 4 2 10 2 1730 1703 1910 3386
19410 4 2 10 2 1793 1690 2042 3678
19411 4 2 10 2 1317 1267 1269 3282
19412 4 2 10 2 274 56 912 1434
19413 4 2 10 2 246 234 259 3649
19414 4 2 10 2 1879 1553 1562 3605
19415 4 2 10 2 1346 901 1473 3197
19416 4 2 10 2 1541 1540 1543 3686
19417 4 2 10 2 868 31 30 3732
19418 4 2 10 2 297 431 451 3564
19419 4 2 10 2 353 417 510 3319
19420 4 2 10 2 413 384 388 3559
19421 4 2 10 2 1468 912 1434 3196
19422 4 2 10 2 521 554 499 3167
19423 4 2 10 2 260 29 30 3276
19424 4 2 10 2 366 518 364 3381
19425 4 2 10 2 1811 542 37 3750
19426 4 2 10 2 780 893 150 3336
19427 4 2 10 2 2164 3390 3152 3706
19428 4 2 10 2 250 251 249 3756
19429 4 2 10 2 1324 1060 1271 3728
19430 4 2 10 2 1097 1296 1090 3001
19431 4 2 10 2 3272 3383 2540 3760
19432 4 2 10 2 718 657 813 3585
19433 4 2 10 2 591 858 843 3034
19434 4 2 10 2 307 90 903 550
19435 4 2 10 2 1417 880 1467 3723
19436 4 2 10 2 36 438 540 3223
19437 4 2 10 2 1122 1206 1344 3575
19438 4 2 10 2 1779 1805 1979 3004
19439 4 2 10 2 54 481 1429 480
19440 4 2 10 2 689 688 687 3226
19441 4 2 10 2 474 383 381 3302
19442 4 2 10 2 1376 1124 1268 3258
19443 4 2 10 2 1916 1884 1860 3519
19444 4 2 10 2 171 587 819 1476
19445 4 2 10 2 225 593 1484 855
19446 4 2 10 2 738 606 839 3028
19447 4 2 10 2 1482 1531 1532 3409
19448 4 2 10 2 408 547 442 3140
19449 4 2 10 2 756 634 636 3289
19450 4 2 10 2 587 1476 823 3581
19451 4 2 10 2 620 622 692 3429
19452 4 2 10 2 2023 1772 2009 3162
19453 4 2 10 2 1391 765 146 3749
19454 4 2 10 2 1796 1481 1970 2923
19455 4 2 10 2 976 1270 978 3536
19456 4 2 10 2 1325 1074 1033 3220
19457 4 2 10 2 1379 878 145 3759
19458 4 2 10 2 416 376 374 2928
19459 4 2 10 2 719 861 670 3534
19460 4 2 10 2 2012 225 1484 855
19461 4 2 10 2 1369 1370 1173 3582
19462 4 2 10 2 501 503 285 3505
19463 4 2 10 2 1980 1494 2006 3620
19464 4 2 10 2 1517 1979 1990 3032
19465 4 2 10 2 1988 1806 1671 3083
19466 4 2 10 2 1511 1896 132 3691
19467 4 2 10 2 402 430 400 3053
19468 4 2 10 2 489 520 275 3343
19469 4 2 10 2 20 1530 19 3237
19470 4 2 10 2 1304 1145 1088 3064
19471 4 2 10 2 1503 1987 1955 3565
19472 4 2 10 2 1107 1085 1131 3743
19473 4 2 10 2 667 861 784 3413
19474 4 2 10 2 1711 1709 22 3244
19475 4 2 10 2 1165 1207 1179 3415
19476 4 2 10 2 559 556 391 3242
19477 4 2 10 2 989 988 987 3508
19478 4 2 10 2 495 327 329 3111
19479 4 2 10 2 429 398 537 3189
19480 4 2 10 2 278 61 458 879
19481 4 2 10 2 56 274 551 1434
19482 4 2 10 2 1448 1278 1050 3520
19483 4 2 10 2 249 248 238 3629
19484 4 2 10 2 607 186 847 876
19485 4 2 10 2 392 466 546 3144
19486 4 2 10 2 695 694 693 3563
19487 4 2 10 2 1107 1131 1252 3743
19488 4 2 10 2 685 773 774 3560
19489 4 2 10 2 601 150 1430 3336
19490 4 2 10 2 583 160 804 1150
19491 4 2 10 2 52 277 1400 539
19492 4 2 10 2 1228 1249 1041 3480
19493 4 2 10 2 1110 1170 1169 3317
19494 4 2 10 2 928 944 926 3556
19495 4 2 10 2 515 1406 279 71
19496 4 2 10 2 273 77 524 1471
19497 4 2 10 2 531 1425 82 473
19498 4 2 10 2 582 778 785 3125
19499 4 2 10 2 503 343 345 3095
19500 4 2 10 2 1535 1882 1886 3419
19501 4 2 10 2 1806 2014 1671 3083
19502 4 2 10 2 888 1346 1396 3150
19503 4 2 10 2 1533 1532 1531 3409
19504 4 2 10 2 779 621 702 3427
19505 4 2 10 2 1825 1986 1507 3465
19506 4 2 10 2 1604 1605 1788 3141
19507 4 2 10 2 1029 1079 1078 3293
19508 4 2 10 2 503 414 285 2974
19509 4 2 10 2 523 560 433 2988
19510 4 2 10 2 1199 1423 1151 3551
19511 4 2 10 2 1413 905 1390 3086
19512 4 2 10 2 652 663 764 3609
19513 4 2 10 2 98 459 1492 3672
19514 4 2 10 2 1032 1018 1019 3365
19515 4 2 10 2 323 325 482 3535
19516 4 2 10 2 1362 956 948 3450
19517 4 2 10 2 44 798 43 3382
19518 4 2 10 2 576 158 1211 1460
19519 4 2 10 2 241 255 254 3668
19520 4 2 10 2 578 756 750 3478
19521 4 2 10 2 1347 936 1316 3653
19522 4 2 10 2 1745 1808 1914 3479
19523 4 2 10 2 891 2 26 871
19524 4 2 10 2 1641 1642 1643 3722
19525 4 2 10 2 258 237 254 3717
19526 4 2 10 2 76 289 524 1439
19527 4 2 10 2 506 309 544 3548
19528 4 2 10 2 2050 187 839 1523
19529 4 2 10 2 1554 1548 1831 3748
19530 4 2 10 2 1207 1165 1318 3415
19531 4 2 10 2 1162 954 956 3645
19532 4 2 10 2 1667 1669 1988 3619
19533 4 2 10 2 266 267 262 3750
19534 4 2 10 2 301 73 517 3118
19535 4 2 10 2 505 285 414 2974
19536 4 2 10 2 702 864 779 3427
19537 4 2 10 2 406 541 331 3541
19538 4 2 10 2 1763 1874 1875 3656
19539 4 2 10 2 556 559 449 3242
19540 4 2 10 2 1737 1710 1722 3183
19541 4 2 10 2 743 854 850 3759
19542 4 2 10 2 986 985 987 3661
19543 4 2 10 2 2008 1513 1811 3330
19544 4 2 10 2 1519 204 2020 588
19545 4 2 10 2 563 367 487 3210
19546 4 2 10 2 241 247 255 3177
19547 4 2 10 2 534 298 427 3197
19548 4 2 10 2 1832 1692 1661 3281
19549 4 2 10 2 1769 1768 1774 3303
19550 4 2 10 2 1740 1628 1626 3430
19551 4 2 10 2 1564 1571 1558 3621
19552 4 2 10 2 451 431 468 3564
19553 4 2 10 2 1626 1627 1625 3663
19554 4 2 10 2 831 689 687 3226
19555 4 2 10 2 1917 1920 1846 3703
19556 4 2 10 2 98 1492 1965 3672
19557 4 2 10 2 1208 1384 1458 3098
19558 4 2 10 2 1913 1771 1922 3636
19559 4 2 10 2 412 278 500 2947
19560 4 2 10 2 308 549 45 3392
19561 4 2 10 2 1529 197 198 812
19562 4 2 10 2 1944 1716 1785 3346
19563 4 2 10 2 98 1965 432 3672
19564 4 2 10 2 1518 1900 2032 3594
19565 4 2 10 2 839 606 187 2050
19566 4 2 10 2 1641 1643 1904 3722
19567 4 2 10 2 1116 1198 1304 3460
19568 4 2 10 2 1089 1030 1031 3709
19569 4 2 10 2 522 422 289 3070
19570 4 2 10 2 1112 1069 1111 3705
19571 4 2 10 2 109 2044 2021 492
19572 4 2 10 2 896 172 1476 823
19573 4 2 10 2 949 946 948 3553
19574 4 2 10 2 669 821 671 3485
19575 4 2 10 2 914 526 79 3673
19576 4 2 10 2 259 3649 234 3696
19577 4 2 10 2 1480 1254 1455 3543
19578 4 2 10 2 701 699 730 3396
19579 4 2 10 2 309 548 32 3038
19580 4 2 10 2 587 3581 821 3735
19581 4 2 10 2 1585 1837 1572 3424
19582 4 2 10 2 82 1212 1479 473
19583 4 2 10 2 870 866 29 3680
19584 4 2 10 2 1044 1328 1110 3614
19585 4 2 10 2 803 714 645 3217
19586 4 2 10 2 283 84 888 533
19587 4 2 10 2 1629 1633 1632 3394
19588 4 2 10 2 1359 941 943 3418
19589 4 2 10 2 685 680 773 3560
19590 4 2 10 2 712 641 801 3355
19591 4 2 10 2 720 600 817 3370
19592 4 2 10 2 472 467 551 3196
19593 4 2 10 2 1644 1929 1905 3657
19594 4 2 10 2 657 655 813 3585
19595 4 2 10 2 509 550 307 3105
19596 4 2 10 2 765 580 146 3749
19597 4 2 10 2 218 219 1505 777
19598 4 2 10 2 1086 1243 1244 3738
19599 4 2 10 2 235 255 247 3177
19600 4 2 10 2 1484 2038 2012 3133
19601 4 2 10 2 454 455 363 3439
19602 4 2 10 2 1398 1469 892 3453
19603 4 2 10 2 1609 1611 1596 3435
19604 4 2 10 2 1709 21 22 3244
19605 4 2 10 2 5 1811 37 3750
19606 4 2 10 2 1483 2046 1924 3054
19607 4 2 10 2 1974 1795 1951 3530
19608 4 2 10 2 356 456 497 3625
19609 4 2 10 2 573 818 788 3051
19610 4 2 10 2 1647 1645 1946 3422
19611 4 2 10 2 1372 1176 1418 3405
19612 4 2 10 2 1022 1062 1377 3733
19613 4 2 10 2 1227 1290 1204 3613
19614 4 2 10 2 558 296 449 3054
19615 4 2 10 2 1977 1807 1610 3671
19616 4 2 10 2 1685 1687 1677 3693
19617 4 2 10 2 591 843 829 3034
19618 4 2 10 2 1142 1395 1332 3515
19619 4 2 10 2 432 393 459 3672
19620 4 2 10 2 1809 109 2021 272
19621 4 2 10 2 391 389 559 3475
19622 4 2 10 2 1182 1183 1420 3229
19623 4 2 10 2 1355 1027 1323 3634
19624 4 2 10 2 1222 1216 1468 3214
19625 4 2 10 2 373 422 371 3305
19626 4 2 10 2 527 79 526 3673
19627 4 2 10 2 501 278 412 2947
19628 4 2 10 2 267 5 37 2056
19629 4 2 10 2 129 130 296 1483
19630 4 2 10 2 2009 1714 2023 3162
19631 4 2 10 2 1737 1789 1923 3206
19632 4 2 10 2 721 666 817 3434
19633 4 2 10 2 758 764 663 3609
19634 4 2 10 2 1786 1987 1503 3565
19635 4 2 10 2 1528 1927 2003 3576
19636 4 2 10 2 1249 1228 1226 3480
19637 4 2 10 2 666 664 817 3434
19638 4 2 10 2 1716 1718 1785 3346
19639 4 2 10 2 234 16 15 3649
19640 4 2 10 2 239 244 258 3717
19641 4 2 10 2 1091 1172 1097 3372
19642 4 2 10 2 970 1119 1118 3701
19643 4 2 10 2 441 442 270 3691
19644 4 2 10 2 102 101 1996 494
19645 4 2 10 2 349 351 415 3443
19646 4 2 10 2 253 252 259 3696
19647 4 2 10 2 1450 987 985 3661
19648 4 2 10 2 715 603 807 3249
19649 4 2 10 2 1664 1662 1661 3567
19650 4 2 10 2 1947 1732 1733 3198
19651 4 2 10 2 465 110 111 1502
19652 4 2 10 2 1746 1578 1869 3580
19653 4 2 10 2 1259 1260 1133 3751
19654 4 2 10 2 193 192 761 1495
19655 4 2 10 2 2051 1894 1969 3049
19656 4 2 10 2 640 642 731 3690
19657 4 2 10 2 1049 1259 1363 3522
19658 4 2 10 2 98 432 459 3672
19659 4 2 10 2 1209 917 1253 3505
19660 4 2 10 2 1180 1182 1472 3635
19661 4 2 10 2 720 664 661 2973
19662 4 2 10 2 1876 1744 1881 3600
19663 4 2 10 2 349 415 507 3182
19664 4 2 10 2 1222 1137 1216 3214
19665 4 2 10 2 493 411 526 3673
19666 4 2 10 2 2056 1811 5 3750
19667 4 2 10 2 105 106 453 1508
19668 4 2 10 2 1734 1939 1872 3486
19669 4 2 10 2 380 382 528 3179
19670 4 2 10 2 544 552 304 3687
19671 4 2 10 2 390 389 391 3475
19672 4 2 10 2 191 190 749 1517
19673 4 2 10 2 1130 1282 1275 3471
19674 4 2 10 2 715 651 649 3441
19675 4 2 10 2 763 703 854 3262
19676 4 2 10 2 253 234 256 3696
19677 4 2 10 2 588 753 754 3353
19678 4 2 10 2 1760 1759 1758 3495
19679 4 2 10 2 1425 1212 82 473
19680 4 2 10 2 192 191 592 1949
19681 4 2 10 2 1506 2034 1875 3417
19682 4 2 10 2 903 1419 1395 3105
19683 4 2 10 2 994 995 997 3492
19684 4 2 10 2 1799 1807 1970 3442
19685 4 2 10 2 1460 800 157 881
19686 4 2 10 2 701 730 820 3396
19687 4 2 10 2 1429 1398 892 3453
19688 4 2 10 2 1823 1687 1708 3375
19689 4 2 10 2 92 93 310 1932
19690 4 2 10 2 1523 233 873 1766
19691 4 2 10 2 1873 1485 2004 3677
19692 4 2 10 2 587 172 823 1476
19693 4 2 10 2 901 1346 1441 3197
19694 4 2 10 2 1449 1431 1003 3275
19695 4 2 10 2 484 115 116 1520
19696 4 2 10 2 1446 265 38 1153
19697 4 2 10 2 1809 2021 1724 3588
19698 4 2 10 2 755 648 726 3498
19699 4 2 10 2 283 83 531 1425
19700 4 2 10 2 792 674 716 3151
19701 4 2 10 2 2047 1774 1768 3303
19702 4 2 10 2 1023 1114 1311 3644
19703 4 2 10 2 1050 1426 1448 3520
19704 4 2 10 2 352 350 464 3504
19705 4 2 10 2 1353 1343 1294 3704
19706 4 2 10 2 533 427 298 3197
19707 4 2 10 2 123 122 1504 478
19708 4 2 10 2 1347 1166 1348 3544
19709 4 2 10 2 1761 1813 1812 3354
19710 4 2 10 2 20 1993 1530 3237
19711 4 2 10 2 1112 1111 1185 3705
19712 4 2 10 2 1476 1414 896 3581
19713 4 2 10 2 1817 1915 1966 3256
19714 4 2 10 2 981 979 980 3729
19715 4 2 10 2 1709 1711 1722 3642
19716 4 2 10 2 1227 1204 1226 3613
19717 4 2 10 2 1794 107 106 504
19718 4 2 10 2 406 331 333 3541
19719 4 2 10 2 1449 1448 1205 3248
19720 4 2 10 2 1400 52 539 907
19721 4 2 10 2 2043 1499 2026 3034
19722 4 2 10 2 1825 1507 2041 3465
19723 4 2 10 2 100 99 1995 288
19724 4 2 10 2 81 276 473 1479
19725 4 2 10 2 103 102 1958 292
19726 4 2 10 2 848 704 633 3171
19727 4 2 10 2 2 26 265 1446
19728 4 2 10 2 1946 2058 1496 3235
19729 4 2 10 2 1827 200 201 750
19730 4 2 10 2 196 195 789 1506
19731 4 2 10 2 469 330 387 3527
19732 4 2 10 2 236 20 19 3385
19733 4 2 10 2 199 200 1497 578
19734 4 2 10 2 695 693 833 3563
19735 4 2 10 2 549 7 45 2005
19736 4 2 10 2 542 306 438 3330
19737 4 2 10 2 705 742 844 3720
19738 4 2 10 2 189 188 610 1486
19739 4 2 10 2 1820 1738 1680 3651
19740 4 2 10 2 1598 1590 1597 3734
19741 4 2 10 2 915 1399 1327 3338
19742 4 2 10 2 518 301 420 3118
19743 4 2 10 2 112 454 1867 113
19744 4 2 10 2 814 718 598 3266
19745 4 2 10 2 91 92 306 1513
19746 4 2 10 2 97 98 459 1492
19747 4 2 10 2 351 510 415 3443
19748 4 2 10 2 715 806 603 3249
19749 4 2 10 2 340 339 338 3758
19750 4 2 10 2 96 97 294 1956
19751 4 2 10 2 1563 1876 1575 3757
19752 4 2 10 2 226 225 593 1484
19753 4 2 10 2 95 94 1942 443
19754 4 2 10 2 496 426 348 3464
19755 4 2 10 2 2030 1960 1887 3615
19756 4 2 10 2 816 600 720 3370
19757 4 2 10 2 265 268 38 1153
19758 4 2 10 2 495 329 541 3111
19759 4 2 10 2 641 639 801 3557
19760 4 2 10 2 1018 980 1006 3741
19761 4 2 10 2 902 1381 1415 3368
19762 4 2 10 2 852 741 742 3720
19763 4 2 10 2 1510 2007 1996 3474
19764 4 2 10 2 1911 1759 1760 3495
19765 4 2 10 2 593 855 747 3133
19766 4 2 10 2 694 853 690 3745
19767 4 2 10 2 146 147 765 1391
19768 4 2 10 2 1421 1466 914 3673
19769 4 2 10 2 335 337 460 3304
19770 4 2 10 2 887 1388 1408 3708
19771 4 2 10 2 5 542 37 1811
19772 4 2 10 2 289 422 524 3070
19773 4 2 10 2 637 796 710 2966
19774 4 2 10 2 875 65 303 1477
19775 4 2 10 2 1990 1979 1803 3032
19776 4 2 10 2 1838 1830 1877 3602
19777 4 2 10 2 356 497 358 3625
19778 4 2 10 2 1091 1031 1313 3676
19779 4 2 10 2 130 131 447 1940
19780 4 2 10 2 2058 1946 1645 3422
19781 4 2 10 2 1500 104 103 451
19782 4 2 10 2 1790 1839 1748 3590
19783 4 2 10 2 146 580 878 3749
19784 4 2 10 2 1723 1887 1960 3615
19785 4 2 10 2 132 133 441 1896
19786 4 2 10 2 1386 1235 1436 3345
19787 4 2 10 2 1827 1960 1497 3478
19788 4 2 10 2 654 656 760 3452
19789 4 2 10 2 208 1808 758 209
19790 4 2 10 2 2003 1927 1505 3576
19791 4 2 10 2 210 211 1953 582
19792 4 2 10 2 119 120 275 1982
19793 4 2 10 2 1525 216 217 788
19794 4 2 10 2 274 472 551 3196
19795 4 2 10 2 1804 1694 1692 3727
19796 4 2 10 2 921 919 1128 3742
19797 4 2 10 2 116 300 1971 117
19798 4 2 10 2 1332 1303 1142 3515
19799 4 2 10 2 877 1410 1191 3249
19800 4 2 10 2 534 394 396 3295
19801 4 2 10 2 1178 1296 1478 3674
19802 4 2 10 2 580 854 743 3759
19803 4 2 10 2 105 104 1945 297
19804 4 2 10 2 134 135 445 1485
19805 4 2 10 2 93 94 295 1489
19806 4 2 10 2 1741 1742 2011 3017
19807 4 2 10 2 53 52 277 1400
19808 4 2 10 2 95 96 446 1518
19809 4 2 10 2 543 305 445 3677
19810 4 2 10 2 1793 2042 2029 3296
19811 4 2 10 2 917 1209 886 3505
19812 4 2 10 2 2056 5 37 3750
19813 4 2 10 2 566 477 386 3287
19814 4 2 10 2 1690 1793 2013 3678
19815 4 2 10 2 27 867 28 3524
19816 4 2 10 2 2018 1896 1511 3691
19817 4 2 10 2 1983 215 216 573
19818 4 2 10 2 873 141 9 1523
19819 4 2 10 2 1150 161 804 1427
19820 4 2 10 2 915 1477 1399 3338
19821 4 2 10 2 2005 1939 1522 3392
19822 4 2 10 2 512 68 885 69
19823 4 2 10 2 1713 1961 1724 3315
19824 4 2 10 2 81 276 1479 895
19825 4 2 10 2 517 420 301 3118
19826 4 2 10 2 1378 1391 878 3749
19827 4 2 10 2 2016 2010 1802 3364
19828 4 2 10 2 1854 1725 1954 3586
19829 4 2 10 2 1698 1874 1763 3656
19830 4 2 10 2 209 210 1488 759
19831 4 2 10 2 485 117 118 1968
19832 4 2 10 2 1787 1721 1720 3488
19833 4 2 10 2 878 1391 146 3749
19834 4 2 10 2 721 821 669 3735
19835 4 2 10 2 83 283 888 1425
19836 4 2 10 2 769 153 154 899
19837 4 2 10 2 1670 1679 1678 3587
19838 4 2 10 2 50 49 282 883
19839 4 2 10 2 1509 201 202 597
19840 4 2 10 2 131 132 270 1511
19841 4 2 10 2 203 204 1519 588
19842 4 2 10 2 236 19 242 3385
19843 4 2 10 2 1516 108 107 290
19844 4 2 10 2 587 721 819 3735
19845 4 2 10 2 1745 2040 1808 3479
19846 4 2 10 2 70 71 906 515
19847 4 2 10 2 455 113 114 1487
19848 4 2 10 2 722 821 587 3581
19849 4 2 10 2 917 916 918 3713
19850 4 2 10 2 782 213 1969 214
19851 4 2 10 2 1506 1875 2045 3417
19852 4 2 10 2 114 284 1957 115
19853 4 2 10 2 489 120 121 1526
19854 4 2 10 2 221 220 775 1528
19855 4 2 10 2 1900 1901 1702 3518
19856 4 2 10 2 163 579 1223 164
19857 4 2 10 2 805 609 845 3405
19858 4 2 10 2 1764 1722 1711 3642
19859 4 2 10 2 801 639 710 3557
19860 4 2 10 2 124 125 476 1527
19861 4 2 10 2 119 118 1494 486
19862 4 2 10 2 145 144 1379 743
19863 4 2 10 2 1496 2058 10 3235
19864 4 2 10 2 147 148 767 908
19865 4 2 10 2 227 226 745 1941
19866 4 2 10 2 1940 1483 2022 3637
19867 4 2 10 2 716 863 776 3499
19868 4 2 10 2 914 78 79 526
19869 4 2 10 2 500 339 341 3447
19870 4 2 10 2 1984 202 203 752
19871 4 2 10 2 1430 893 1453 3336
19872 4 2 10 2 215 214 783 1493
19873 4 2 10 2 245 241 254 3668
19874 4 2 10 2 1408 1388 1462 3708
19875 4 2 10 2 109 110 272 1809
19876 4 2 10 2 296 447 448 3637
19877 4 2 10 2 856 691 688 3414
19878 4 2 10 2 1184 1422 1261 3667
19879 4 2 10 2 880 1417 1382 3723
19880 4 2 10 2 5 91 542 1811
19881 4 2 10 2 705 852 742 3720
19882 4 2 10 2 303 65 505 1477
19883 4 2 10 2 48 47 304 1443
19884 4 2 10 2 1667 1668 1669 3619
19885 4 2 10 2 143 144 604 904
19886 4 2 10 2 1797 2011 1696 3660
19887 4 2 10 2 194 193 735 2017
19888 4 2 10 2 641 712 643 3355
19889 4 2 10 2 198 199 1967 791
19890 4 2 10 2 197 196 572 2001
19891 4 2 10 2 178 889 772 177
19892 4 2 10 2 696 698 844 3554
19893 4 2 10 2 727 689 831 3731
19894 4 2 10 2 581 727 831 3731
19895 4 2 10 2 143 142 1372 805
19896 4 2 10 2 514 417 355 3715
19897 4 2 10 2 165 598 1408 166
19898 4 2 10 2 780 601 794 3336
19899 4 2 10 2 46 47 897 506
19900 4 2 10 2 601 780 150 3336
19901 4 2 10 2 69 70 1393 299
19902 4 2 10 2 581 180 905 179
19903 4 2 10 2 915 64 1477 505
19904 4 2 10 2 109 108 2044 492
19905 4 2 10 2 152 151 913 797
19906 4 2 10 2 1243 1452 1244 3738
19907 4 2 10 2 602 218 217 1999
19908 4 2 10 2 233 1766 2057 872
19909 4 2 10 2 1980 1982 1494 3620
19910 4 2 10 2 127 293 126 1498
19911 4 2 10 2 2018 1755 1895 3549
19912 4 2 10 2 302 122 2000 121
19913 4 2 10 2 251 255 249 3756
19914 4 2 10 2 183 184 585 902
19915 4 2 10 2 274 56 55 912
19916 4 2 10 2 721 587 821 3735
19917 4 2 10 2 21 1514 20 3700
19918 4 2 10 2 231 230 744 1943
19919 4 2 10 2 1182 1180 1181 3635
19920 4 2 10 2 111 112 291 1784
19921 4 2 10 2 1852 1725 1854 3586
19922 4 2 10 2 98 99 432 1965
19923 4 2 10 2 212 599 213 1994
19924 4 2 10 2 6 1387 847 186
19925 4 2 10 2 206 787 207 1503
19926 4 2 10 2 1212 1425 1187 3149
19927 4 2 10 2 2015 1756 1843 3697
19928 4 2 10 2 1261 1427 1184 3667
19929 4 2 10 2 204 205 2020 754
19930 4 2 10 2 90 89 307 903
19931 4 2 10 2 49 48 444 1394
19932 4 2 10 2 262 267 37 3750
19933 4 2 10 2 605 230 229 1490
19934 4 2 10 2 149 150 780 893
19935 4 2 10 2 872 3 31 2057
19936 4 2 10 2 1492 2039 1965 3672
19937 4 2 10 2 228 227 568 1512
19938 4 2 10 2 234 246 16 3649
19939 4 2 10 2 222 223 1499 591
19940 4 2 10 2 714 806 647 3408
19941 4 2 10 2 54 55 1429 481
19942 4 2 10 2 142 8 1176 845
19943 4 2 10 2 335 460 471 3304
19944 4 2 10 2 160 159 884 583
19945 4 2 10 2 526 411 527 3673
19946 4 2 10 2 525 422 373 3305
19947 4 2 10 2 1175 1432 1287 3633
19948 4 2 10 2 206 205 570 1923
19949 4 2 10 2 212 211 785 1521
19950 4 2 10 2 157 576 800 1460
19951 4 2 10 2 15 1515 14 3597
19952 4 2 10 2 9 839 1523 141
19953 4 2 10 2 2 232 871 891
19954 4 2 10 2 181 182 595 882
19955 4 2 10 2 249 257 248 3629
19956 4 2 10 2 183 182 1381 835
19957 4 2 10 2 243 21 20 3700
19958 4 2 10 2 1807 1977 1963 3671
19959 4 2 10 2 325 404 482 3535
19960 4 2 10 2 195 194 589 2045
19961 4 2 10 2 800 156 157 881
19962 4 2 10 2 574 177 1404 176
19963 4 2 10 2 232 891 1461 871
19964 4 2 10 2 898 57 58 467
19965 4 2 10 2 67 281 68 1224
19966 4 2 10 2 253 259 234 3696
19967 4 2 10 2 86 87 1382 536
19968 4 2 10 2 1407 168 167 577
19969 4 2 10 2 823 722 587 3581
19970 4 2 10 2 590 207 1786 208
19971 4 2 10 2 276 81 80 895
19972 4 2 10 2 40 808 847 3654
19973 4 2 10 2 179 178 1390 830
19974 4 2 10 2 807 162 163 1191
19975 4 2 10 2 414 347 507 3528
19976 4 2 10 2 100 101 513 1510
19977 4 2 10 2 50 51 1392 564
19978 4 2 10 2 168 894 169 816
19979 4 2 10 2 1522 231 7 846
19980 4 2 10 2 60 59 457 1233
19981 4 2 10 2 765 859 580 3749
19982 4 2 10 2 811 164 165 887
19983 4 2 10 2 532 413 388 3559
19984 4 2 10 2 221 222 1962 860
19985 4 2 10 2 2028 1811 2056 3750
19986 4 2 10 2 910 167 166 814
19987 4 2 10 2 266 3 39 1501
19988 4 2 10 2 72 71 279 1406
19989 4 2 10 2 88 87 287 880
19990 4 2 10 2 145 146 580 878
19991 4 2 10 2 65 66 875 303
19992 4 2 10 2 188 187 606 2050
19993 4 2 10 2 187 9 839 1523
19994 4 2 10 2 181 180 1297 832
19995 4 2 10 2 74 73 301 890
19996 4 2 10 2 741 229 228 1991
19997 4 2 10 2 708 627 794 3592
19998 4 2 10 2 1236 156 155 594
19999 4 2 10 2 148 149 575 1401
20000 4 2 10 2 184 185 834 1384
20001 4 2 10 2 185 186 607 876
20002 4 2 10 2 190 189 596 1990
20003 4 2 10 2 1351 158 802 159
20004 4 2 10 2 501 63 62 1209
20005 4 2 10 2 804 160 161 1150
20006 4 2 10 2 278 62 61 1210
20007 4 2 10 2 174 175 825 1456
20008 4 2 10 2 125 126 562 1964
20009 4 2 10 2 86 85 298 901
20010 4 2 10 2 84 83 283 888
20011 4 2 10 2 4 46 1459 548
20012 4 2 10 2 508 66 1190 67
20013 4 2 10 2 176 175 909 826
20014 4 2 10 2 73 72 517 1405
20015 4 2 10 2 586 152 153 1435
20016 4 2 10 2 268 4 38 1153
20017 4 2 10 2 285 64 63 886
20018 4 2 10 2 170 911 171 819
20019 4 2 10 2 59 58 280 1386
20020 4 2 10 2 88 89 1385 535
20021 4 2 10 2 244 237 258 3717
20022 4 2 10 2 133 134 305 2004
20023 4 2 10 2 54 53 480 892
20024 4 2 10 2 233 9 1523 873
20025 4 2 10 2 173 172 896 823
20026 4 2 10 2 128 129 558 2046
20027 4 2 10 2 38 2 265 1446
20028 4 2 10 2 1409 170 169 600
20029 4 2 10 2 51 52 907 539
20030 4 2 10 2 874 232 1461 871
20031 4 2 10 2 79 80 1421 527
20032 4 2 10 2 273 78 77 1471
20033 4 2 10 2 571 174 1416 173
20034 4 2 10 2 1389 155 154 762
20035 4 2 10 2 64 65 1477 505
20036 4 2 10 2 1439 75 76 289
20037 4 2 10 2 90 6 1419 550
20038 4 2 10 2 530 128 2035 127
20039 4 2 10 2 60 61 879 458
20040 4 2 10 2 224 2012 855 225
20041 4 2 10 2 2003 219 220 584
20042 4 2 10 2 2026 223 224 829
20043 4 2 10 2 82 81 473 1479
20044 4 2 10 2 286 124 2002 123
20045 4 2 10 2 900 76 77 524
20046 4 2 10 2 85 84 533 1441
20047 4 2 10 2 161 603 877 162
20048 4 2 10 2 150 151 601 1430
20049 4 2 10 2 172 171 1476 587
20050 4 2 10 2 157 158 576 1460
20051 4 2 10 2 56 57 1434 551
20052 4 2 10 2 135 7 549 2005
20053 4 2 10 2 1461 8 232 874
20054 4 2 10 2 233 2057 3 872
20055 4 2 10 2 75 74 519 1444
20056 4 2 10 2 39 5 267 2056
20057 4 2 10 2 83 82 531 1425
20058 4 2 10 2 3351 1302 2251 2809
20059 4 2 10 2 3351 2251 1302 2644
20060 4 2 10 2 2912 2930 1358 1353
20061 4 2 10 2 1358 2930 2912 2259
20062 4 2 10 2 3351 1113 2296 2978
20063 4 2 10 2 3351 2296 1113 2809
20064 4 2 10 2 2978 1302 3351 1113
20065 4 2 10 2 2978 3351 1302 2644
20066 4 2 10 2 2645 3491 2412 2106
20067 4 2 10 2 2412 3491 2645 2234
20068 4 2 10 2 3076 2486 3356 2069
20069 4 2 10 2 3076 3356 2486 2250
20070 4 2 10 2 1000 3492 2574 997
20071 4 2 10 2 2574 3492 1000 2580
20072 4 2 10 2 2758 963 960 2716
20073 4 2 10 2 2758 960 963 1295
20074 4 2 10 2 3613 2601 1227 1431
20075 4 2 10 2 3613 1227 2601 2327
20076 4 2 10 2 2240 3704 2894 2912
20077 4 2 10 2 2240 2894 3704 2511
20078 4 2 10 2 2259 2894 3704 2912
20079 4 2 10 2 2259 3704 2894 2511
20080 4 2 10 2 3544 2205 3088 2322
20081 4 2 10 2 3544 3088 2205 2845
20082 4 2 10 2 2001 3417 2024 1506
20083 4 2 10 2 2024 3417 2001 2643
20084 4 2 10 2 2395 2977 3117 2218
20085 4 2 10 2 3117 2977 2395 2243
20086 4 2 10 2 2978 2818 1081 2296
20087 4 2 10 2 3417 572 733 789
20088 4 2 10 2 3417 733 572 2643
20089 4 2 10 2 2751 1166 3060 2322
20090 4 2 10 2 2751 3060 1166 1277
20091 4 2 10 2 2300 3629 3267 2437
20092 4 2 10 2 2300 3267 3629 2620
20093 4 2 10 2 2238 3267 3629 2437
20094 4 2 10 2 2238 3629 3267 2620
20095 4 2 10 2 3103 1065 3113 1059
20096 4 2 10 2 3103 3113 1065 2543
20097 4 2 10 2 2930 3704 1132 1353
20098 4 2 10 2 1132 3704 2930 2511
20099 4 2 10 2 2950 1056 1055 1054
20100 4 2 10 2 2950 1055 1056 2799
20101 4 2 10 2 2570 2898 2481 2134
20102 4 2 10 2 2481 2898 2570 2381
20103 4 2 10 2 2790 3364 1686 2396
20104 4 2 10 2 1686 3364 2790 1818
20105 4 2 10 2 3518 1908 1819 1702
20106 4 2 10 2 3518 1819 1908 2680
20107 4 2 10 2 3229 2561 2223 2831
20108 4 2 10 2 3229 2223 2561 2761
20109 4 2 10 2 3420 3055 2898 2286
20110 4 2 10 2 3420 2898 3055 2498
20111 4 2 10 2 1780 3184 2652 1782
20112 4 2 10 2 2652 3184 1780 2382
20113 4 2 10 2 3733 2634 1077 2416
20114 4 2 10 2 2135 3523 2469 2346
20115 4 2 10 2 2469 3523 2135 2566
20116 4 2 10 2 3713 920 919 918
20117 4 2 10 2 3713 919 920 2529
20118 4 2 10 2 2852 874 871 869
20119 4 2 10 2 2852 871 874 1461
20120 4 2 10 2 3017 2858 2999 2235
20121 4 2 10 2 3017 2999 2858 2410
20122 4 2 10 2 3702 2650 2134 2503
20123 4 2 10 2 3702 2134 2650 3426
20124 4 2 10 2 2716 961 3736 962
20125 4 2 10 2 2716 3736 961 2701
20126 4 2 10 2 2579 3323 3710 2393
20127 4 2 10 2 3710 3323 2579 2521
20128 4 2 10 2 3347 1358 2912 2259
20129 4 2 10 2 3347 2912 1358 1051
20130 4 2 10 2 700 2708 701 810
20131 4 2 10 2 2993 574 711 2415
20132 4 2 10 2 2993 711 574 826
20133 4 2 10 2 2688 3095 3328 2405
20134 4 2 10 2 3328 3095 2688 2291
20135 4 2 10 2 3186 1005 2580 2438
20136 4 2 10 2 3186 2580 1005 1247
20137 4 2 10 2 2916 786 2925 2467
20138 4 2 10 2 2916 2925 786 768
20139 4 2 10 2 2679 1002 3298 1021
20140 4 2 10 2 2679 3298 1002 2346
20141 4 2 10 2 3446 2212 2534 2895
20142 4 2 10 2 3446 2534 2212 2774
20143 4 2 10 2 3086 772 713 830
20144 4 2 10 2 3086 713 772 2645
20145 4 2 10 2 3257 2869 2198 2580
20146 4 2 10 2 3257 2198 2869 2897
20147 4 2 10 2 904 805 2712 604
20148 4 2 10 2 2712 805 904 1372
20149 4 2 10 2 3093 2588 3213 2074
20150 4 2 10 2 3093 3213 2588 2241
20151 4 2 10 2 2993 1404 574 2415
20152 4 2 10 2 2993 574 1404 909
20153 4 2 10 2 2105 3739 2774 2370
20154 4 2 10 2 2105 2774 3739 2445
20155 4 2 10 2 2177 2774 3739 2370
20156 4 2 10 2 2177 3739 2774 2445
20157 4 2 10 2 2529 3328 3666 2093
20158 4 2 10 2 2529 3666 3328 2291
20159 4 2 10 2 3095 3666 3328 2093
20160 4 2 10 2 3095 3328 3666 2291
20161 4 2 10 2 3034 1962 1791 1499
20162 4 2 10 2 3034 1791 1962 2324
20163 4 2 10 2 3282 3472 2625 2325
20164 4 2 10 2 2625 3472 3282 1322
20165 4 2 10 2 2855 1132 3369 1085
20166 4 2 10 2 2855 3369 1132 2511
20167 4 2 10 2 3662 2748 2313 3599
20168 4 2 10 2 3662 2313 2748 3519
20169 4 2 10 2 3021 3143 3573 2140
20170 4 2 10 2 3573 3143 3021 2388
20171 4 2 10 2 2333 19 2794 1482
20172 4 2 10 2 2333 2794 19 3385
20173 4 2 10 2 18 2794 19 1482
20174 4 2 10 2 18 19 2794 3385
20175 4 2 10 2 3503 3562 2707 2239
20176 4 2 10 2 2707 3562 3503 2525
20177 4 2 10 2 2707 2360 3503 2239
20178 4 2 10 2 3503 2360 2707 2525
20179 4 2 10 2 2661 1093 1337 2368
20180 4 2 10 2 2661 1337 1093 1181
20181 4 2 10 2 3364 1686 1805 2016
20182 4 2 10 2 3364 1805 1686 2396
20183 4 2 10 2 3584 2094 2650 2362
20184 4 2 10 2 3584 2650 2094 2952
20185 4 2 10 2 3094 2908 3116 2065
20186 4 2 10 2 3094 3116 2908 2350
20187 4 2 10 2 2978 1272 1081 2818
20188 4 2 10 2 2978 1081 1272 1139
20189 4 2 10 2 2999 3660 2753 2301
20190 4 2 10 2 2753 3660 2999 3017
20191 4 2 10 2 2856 2617 2971 2247
20192 4 2 10 2 2856 2971 2617 2216
20193 4 2 10 2 1222 3345 898 1436
20194 4 2 10 2 898 3345 1222 2726
20195 4 2 10 2 2937 2865 3145 2288
20196 4 2 10 2 2937 3145 2865 2124
20197 4 2 10 2 3662 2527 2748 2095
20198 4 2 10 2 3662 2748 2527 3519
20199 4 2 10 2 3319 354 352 353
20200 4 2 10 2 3319 352 354 2557
20201 4 2 10 2 3104 2142 3037 2594
20202 4 2 10 2 3104 3037 2142 2404
20203 4 2 10 2 3619 2231 3331 2345
20204 4 2 10 2 3619 3331 2231 2790
20205 4 2 10 2 3226 683 684 687
20206 4 2 10 2 3226 684 683 2933
20207 4 2 10 2 3603 3457 2528 2096
20208 4 2 10 2 3603 2528 3457 2257
20209 4 2 10 2 2120 3461 2945 2482
20210 4 2 10 2 2120 2945 3461 2393
20211 4 2 10 2 2195 2945 3461 2482
20212 4 2 10 2 2195 3461 2945 2393
20213 4 2 10 2 3355 3457 2426 2425
20214 4 2 10 2 2426 3457 3355 2944
20215 4 2 10 2 3537 2079 2347 2837
20216 4 2 10 2 3537 2347 2079 2900
20217 4 2 10 2 3162 2741 1712 2263
20218 4 2 10 2 3162 1712 2741 2009
20219 4 2 10 2 3743 2511 2154 2855
20220 4 2 10 2 3743 2154 2511 2930
20221 4 2 10 2 3478 3289 732 2329
20222 4 2 10 2 3478 732 3289 756
20223 4 2 10 2 2988 440 425 2975
20224 4 2 10 2 2988 425 440 560
20225 4 2 10 2 3636 3307 2247 2641
20226 4 2 10 2 3636 2247 3307 2298
20227 4 2 10 2 3284 3584 2698 2186
20228 4 2 10 2 2698 3584 3284 2362
20229 4 2 10 2 3593 3172 3020 2075
20230 4 2 10 2 3593 3020 3172 2278
20231 4 2 10 2 3305 374 372 373
20232 4 2 10 2 3305 372 374 2288
20233 4 2 10 2 3328 2677 2688 2145
20234 4 2 10 2 3328 2688 2677 2291
20235 4 2 10 2 3336 1401 1371 2558
20236 4 2 10 2 3336 1371 1401 893
20237 4 2 10 2 3715 354 2705 2557
20238 4 2 10 2 3715 2705 354 355
20239 4 2 10 2 3028 1486 606 2050
20240 4 2 10 2 3028 606 1486 2450
20241 4 2 10 2 3282 3472 2922 1317
20242 4 2 10 2 2922 3472 3282 2325
20243 4 2 10 2 3597 1950 1749 1515
20244 4 2 10 2 3597 1749 1950 2638
20245 4 2 10 2 3758 470 2536 379
20246 4 2 10 2 3758 2536 470 2686
20247 4 2 10 2 1074 2341 2551 3220
20248 4 2 10 2 2551 2341 1074 3551
20249 4 2 10 2 3127 1908 3518 1702
20250 4 2 10 2 3127 3518 1908 2308
20251 4 2 10 2 3283 2640 3068 2265
20252 4 2 10 2 3283 3068 2640 2127
20253 4 2 10 2 3731 1478 3674 3086
20254 4 2 10 2 3731 3674 1478 2691
20255 4 2 10 2 3709 1333 2612 1089
20256 4 2 10 2 3709 2612 1333 2644
20257 4 2 10 2 3133 1936 1865 2038
20258 4 2 10 2 3133 1865 1936 2733
20259 4 2 10 2 3034 774 1962 591
20260 4 2 10 2 3034 1962 774 2324
20261 4 2 10 2 3242 3144 3475 392
20262 4 2 10 2 3242 3475 3144 2247
20263 4 2 10 2 3147 1143 1076 1146
20264 4 2 10 2 3147 1076 1143 2927
20265 4 2 10 2 3109 1076 2927 1063
20266 4 2 10 2 3109 2927 1076 2340
20267 4 2 10 2 2943 333 335 334
20268 4 2 10 2 2943 335 333 2387
20269 4 2 10 2 3611 3631 3698 2476
20270 4 2 10 2 3698 3631 3611 2279
20271 4 2 10 2 3422 1491 1646 1645
20272 4 2 10 2 3422 1646 1491 2284
20273 4 2 10 2 3417 3089 3656 2280
20274 4 2 10 2 3417 3656 3089 2034
20275 4 2 10 2 3549 1623 1868 2605
20276 4 2 10 2 3549 1868 1623 1755
20277 4 2 10 2 3591 3242 3054 2247
20278 4 2 10 2 3591 3054 3242 2336
20279 4 2 10 2 2926 3071 3321 2060
20280 4 2 10 2 3321 3071 2926 2544
20281 4 2 10 2 3405 869 874 2852
20282 4 2 10 2 3405 874 869 136
20283 4 2 10 2 2743 2926 3175 2544
20284 4 2 10 2 3175 2926 2743 2115
20285 4 2 10 2 2853 2712 3300 2193
20286 4 2 10 2 2853 3300 2712 2276
20287 4 2 10 2 3674 1089 1090 2612
20288 4 2 10 2 3674 1090 1089 1178
20289 4 2 10 2 2638 1950 2810 1749
20290 4 2 10 2 2638 2810 1950 2532
20291 4 2 10 2 2305 3497 3572 2530
20292 4 2 10 2 3572 3497 2305 3191
20293 4 2 10 2 3339 1620 1829 2822
20294 4 2 10 2 3339 1829 1620 1622
20295 4 2 10 2 3232 2595 2821 2206
20296 4 2 10 2 3232 2821 2595 2342
20297 4 2 10 2 2722 3054 3591 2336
20298 4 2 10 2 2722 3591 3054 3636
20299 4 2 10 2 3400 3277 2905 2199
20300 4 2 10 2 3400 2905 3277 2639
20301 4 2 10 2 1520 300 2626 1971
20302 4 2 10 2 2626 300 1520 484
20303 4 2 10 2 3676 3001 2269 3372
20304 4 2 10 2 3676 2269 3001 2612
20305 4 2 10 2 3624 2247 2617 2465
20306 4 2 10 2 3624 2617 2247 3591
20307 4 2 10 2 3181 3678 2790 1818
20308 4 2 10 2 3181 2790 3678 3587
20309 4 2 10 2 1678 2790 3678 1818
20310 4 2 10 2 1678 3678 2790 3587
20311 4 2 10 2 2813 3284 3222 2186
20312 4 2 10 2 3222 3284 2813 3026
20313 4 2 10 2 3568 3657 2619 2125
20314 4 2 10 2 2619 3657 3568 2286
20315 4 2 10 2 2540 2999 3383 2080
20316 4 2 10 2 2540 3383 2999 2301
20317 4 2 10 2 2987 3383 2999 2080
20318 4 2 10 2 2987 2999 3383 2301
20319 4 2 10 2 2976 2730 2708 2137
20320 4 2 10 2 3587 1680 2383 2768
20321 4 2 10 2 3587 2383 1680 1679
20322 4 2 10 2 3519 1909 3129 2313
20323 4 2 10 2 3519 3129 1909 1916
20324 4 2 10 2 3181 3364 2091 2344
20325 4 2 10 2 2091 3364 3181 2396
20326 4 2 10 2 3025 1135 3374 2451
20327 4 2 10 2 3025 3374 1135 1167
20328 4 2 10 2 1654 3215 1652 1655
20329 4 2 10 2 1652 3215 1654 2456
20330 4 2 10 2 3123 2255 2413 3039
20331 4 2 10 2 3123 2413 2255 2755
20332 4 2 10 2 3719 3334 2547 2068
20333 4 2 10 2 3719 2547 3334 2284
20334 4 2 10 2 1993 2294 2692 1735
20335 4 2 10 2 2692 2294 1993 3237
20336 4 2 10 2 3118 1406 1198 1405
20337 4 2 10 2 3118 1198 1406 2517
20338 4 2 10 2 2126 3690 3517 2444
20339 4 2 10 2 2126 3517 3690 2986
20340 4 2 10 2 2425 3517 3690 2444
20341 4 2 10 2 2425 3690 3517 2986
20342 4 2 10 2 3256 1993 3237 1915
20343 4 2 10 2 3256 3237 1993 2294
20344 4 2 10 2 3222 2813 2799 2299
20345 4 2 10 2 3222 2799 2813 2186
20346 4 2 10 2 2733 1937 3401 1936
20347 4 2 10 2 2733 3401 1937 2604
20348 4 2 10 2 3225 2037 2635 3012
20349 4 2 10 2 3225 2635 2037 1955
20350 4 2 10 2 3133 745 746 593
20351 4 2 10 2 3133 746 745 2506
20352 4 2 10 2 3441 3408 649 806
20353 4 2 10 2 3441 649 3408 2519
20354 4 2 10 2 3500 2585 2474 2146
20355 4 2 10 2 3500 2474 2585 2791
20356 4 2 10 2 3302 382 2354 383
20357 4 2 10 2 3302 2354 382 3179
20358 4 2 10 2 3451 1666 2939 2748
20359 4 2 10 2 3451 2939 1666 1674
20360 4 2 10 2 2795 2939 1666 2748
20361 4 2 10 2 2795 1666 2939 1674
20362 4 2 10 2 3080 1631 3394 1629
20363 4 2 10 2 3080 3394 1631 2423
20364 4 2 10 2 2770 963 968 969
20365 4 2 10 2 2770 968 963 2716
20366 4 2 10 2 2863 3717 2741 239
20367 4 2 10 2 2741 3717 2863 2264
20368 4 2 10 2 3347 1284 2366 2912
20369 4 2 10 2 3347 2366 1284 935
20370 4 2 10 2 3723 1385 535 880
20371 4 2 10 2 3723 535 1385 2847
20372 4 2 10 2 302 1504 122 478
20373 4 2 10 2 302 122 1504 2000
20374 4 2 10 2 2976 3382 2730 2268
20375 4 2 10 2 2730 3382 2976 2708
20376 4 2 10 2 3382 837 608 798
20377 4 2 10 2 3382 608 837 2730
20378 4 2 10 2 3705 1319 2482 2683
20379 4 2 10 2 3705 2482 1319 1069
20380 4 2 10 2 735 1495 193 761
20381 4 2 10 2 193 1495 735 2017
20382 4 2 10 2 3678 2010 1767 2013
20383 4 2 10 2 3678 1767 2010 2344
20384 4 2 10 2 3029 1845 1581 2878
20385 4 2 10 2 3029 1581 1845 1591
20386 4 2 10 2 3520 2839 2257 3248
20387 4 2 10 2 3520 2257 2839 2630
20388 4 2 10 2 3183 2037 2635 1737
20389 4 2 10 2 3183 2635 2037 3012
20390 4 2 10 2 3758 2622 2209 2433
20391 4 2 10 2 3758 2209 2622 3224
20392 4 2 10 2 2819 3239 2165 2249
20393 4 2 10 2 2165 3239 2819 3123
20394 4 2 10 2 3050 623 2461 622
20395 4 2 10 2 3050 2461 623 2842
20396 4 2 10 2 3511 2142 3747 2459
20397 4 2 10 2 3511 3747 2142 3037
20398 4 2 10 2 3748 1547 1542 2948
20399 4 2 10 2 3748 1542 1547 1548
20400 4 2 10 2 3529 2060 3316 2476
20401 4 2 10 2 3529 3316 2060 3337
20402 4 2 10 2 2871 992 2342 2595
20403 4 2 10 2 2871 2342 992 991
20404 4 2 10 2 990 2342 992 2595
20405 4 2 10 2 990 992 2342 991
20406 4 2 10 2 3318 2963 2749 2323
20407 4 2 10 2 3318 2749 2963 2116
20408 4 2 10 2 3700 2620 2162 2667
20409 4 2 10 2 3700 2162 2620 3244
20410 4 2 10 2 397 3295 3189 396
20411 4 2 10 2 3189 3295 397 2520
20412 4 2 10 2 3408 646 645 2370
20413 4 2 10 2 3408 645 646 647
20414 4 2 10 2 3731 905 1478 3086
20415 4 2 10 2 3731 1478 905 1297
20416 4 2 10 2 3147 2964 3119 2340
20417 4 2 10 2 3147 3119 2964 2254
20418 4 2 10 2 3092 485 368 2505
20419 4 2 10 2 3092 368 485 483
20420 4 2 10 2 3235 1804 2753 1496
20421 4 2 10 2 3235 2753 1804 2636
20422 4 2 10 2 3223 271 35 2399
20423 4 2 10 2 3223 35 271 540
20424 4 2 10 2 3685 2524 2829 2224
20425 4 2 10 2 3685 2829 2524 3264
20426 4 2 10 2 2882 3671 2940 2367
20427 4 2 10 2 2940 3671 2882 1963
20428 4 2 10 2 3733 1061 1077 2634
20429 4 2 10 2 3733 1077 1061 1062
20430 4 2 10 2 3705 3205 2482 1069
20431 4 2 10 2 3705 2482 3205 2304
20432 4 2 10 2 3746 2296 2081 2488
20433 4 2 10 2 3746 2081 2296 3008
20434 4 2 10 2 3644 2322 2117 2597
20435 4 2 10 2 3644 2117 2322 2751
20436 4 2 10 2 3444 2068 3595 2547
20437 4 2 10 2 3444 3595 2068 2932
20438 4 2 10 2 3635 2368 2885 2958
20439 4 2 10 2 3635 2885 2368 2661
20440 4 2 10 2 2416 3513 3733 2657
20441 4 2 10 2 2416 3733 3513 1077
20442 4 2 10 2 1062 3733 3513 2657
20443 4 2 10 2 1062 3513 3733 1077
20444 4 2 10 2 3110 1366 3166 2665
20445 4 2 10 2 3110 3166 1366 1168
20446 4 2 10 2 3315 1775 3588 1724
20447 4 2 10 2 3315 3588 1775 2439
20448 4 2 10 2 3047 928 929 927
20449 4 2 10 2 3047 929 928 2696
20450 4 2 10 2 1079 3398 3293 1349
20451 4 2 10 2 3293 3398 1079 2614
20452 4 2 10 2 3119 3147 2828 2379
20453 4 2 10 2 2828 3147 3119 2340
20454 4 2 10 2 3228 2754 2791 2067
20455 4 2 10 2 3228 2791 2754 2297
20456 4 2 10 2 3125 1488 1785 1953
20457 4 2 10 2 3125 1785 1488 2756
20458 4 2 10 2 1794 3530 2802 1795
20459 4 2 10 2 2802 3530 1794 2536
20460 4 2 10 2 637 3557 710 639
20461 4 2 10 2 710 3557 637 2966
20462 4 2 10 2 3437 282 2389 3042
20463 4 2 10 2 3437 2389 282 557
20464 4 2 10 2 3432 3733 2356 2634
20465 4 2 10 2 3432 2356 3733 2657
20466 4 2 10 2 2416 2356 3733 2634
20467 4 2 10 2 2416 3733 2356 2657
20468 4 2 10 2 3559 2354 384 2856
20469 4 2 10 2 3559 384 2354 3361
20470 4 2 10 2 3041 1169 2500 1281
20471 4 2 10 2 3041 2500 1169 2677
20472 4 2 10 2 3741 1050 3365 1018
20473 4 2 10 2 3741 3365 1050 3520
20474 4 2 10 2 3393 1073 2675 2799
20475 4 2 10 2 3393 2675 1073 1149
20476 4 2 10 2 3345 1457 1312 2499
20477 4 2 10 2 3345 1312 1457 1235
20478 4 2 10 2 3319 352 351 353
20479 4 2 10 2 3319 351 352 2408
20480 4 2 10 2 2947 3317 2225 2677
20481 4 2 10 2 2225 3317 2947 2674
20482 4 2 10 2 1228 3613 2327 1227
20483 4 2 10 2 2327 3613 1228 3480
20484 4 2 10 2 2327 1229 1228 1227
20485 4 2 10 2 1228 1229 2327 3480
20486 4 2 10 2 3605 1554 3748 1553
20487 4 2 10 2 3605 3748 1554 2573
20488 4 2 10 2 3124 1563 3313 2832
20489 4 2 10 2 3124 3313 1563 1569
20490 4 2 10 2 2905 3153 2695 2083
20491 4 2 10 2 2695 3153 2905 2403
20492 4 2 10 2 3577 2401 2253 2913
20493 4 2 10 2 3577 2253 2401 3064
20494 4 2 10 2 3696 239 256 253
20495 4 2 10 2 3696 256 239 2863
20496 4 2 10 2 3740 2062 2375 3126
20497 4 2 10 2 3740 2375 2062 3039
20498 4 2 10 2 3415 1289 1318 2995
20499 4 2 10 2 3415 1318 1289 1165
20500 4 2 10 2 3231 3722 1892 1904
20501 4 2 10 2 1892 3722 3231 2372
20502 4 2 10 2 3690 3355 641 642
20503 4 2 10 2 3690 641 3355 2444
20504 4 2 10 2 3738 1077 3513 1244
20505 4 2 10 2 3738 3513 1077 2416
20506 4 2 10 2 771 3749 763 859
20507 4 2 10 2 763 3749 771 3106
20508 4 2 10 2 1008 3173 2859 1009
20509 4 2 10 2 2859 3173 1008 2524
20510 4 2 10 2 3364 3678 3181 1818
20511 4 2 10 2 3181 3678 3364 2344
20512 4 2 10 2 3624 2722 3591 2336
20513 4 2 10 2 3624 3591 2722 2104
20514 4 2 10 2 3035 3507 2907 2428
20515 4 2 10 2 2907 3507 3035 2369
20516 4 2 10 2 3405 1397 1461 1176
20517 4 2 10 2 3405 1461 1397 2852
20518 4 2 10 2 591 1962 222 860
20519 4 2 10 2 222 1962 591 1499
20520 4 2 10 2 3083 1779 2326 3004
20521 4 2 10 2 3083 2326 1779 2014
20522 4 2 10 2 3302 475 386 474
20523 4 2 10 2 3302 386 475 2648
20524 4 2 10 2 3330 1813 3750 2008
20525 4 2 10 2 3330 3750 1813 2721
20526 4 2 10 2 2028 3750 1813 2008
20527 4 2 10 2 2028 1813 3750 2721
20528 4 2 10 2 2691 3731 3563 727
20529 4 2 10 2 2691 3563 3731 2662
20530 4 2 10 2 693 3563 3731 727
20531 4 2 10 2 693 3731 3563 2662
20532 4 2 10 2 3675 2744 2138 2586
20533 4 2 10 2 3675 2138 2744 2909
20534 4 2 10 2 3558 1040 2631 1246
20535 4 2 10 2 3558 2631 1040 3219
20536 4 2 10 2 3412 3652 3593 2227
20537 4 2 10 2 3593 3652 3412 2628
20538 4 2 10 2 3292 2973 2901 2369
20539 4 2 10 2 3292 2901 2973 2153
20540 4 2 10 2 3122 3294 3280 2348
20541 4 2 10 2 3280 3294 3122 2197
20542 4 2 10 2 2957 2033 3697 2575
20543 4 2 10 2 2957 3697 2033 1843
20544 4 2 10 2 493 3305 273 525
20545 4 2 10 2 273 3305 493 2417
20546 4 2 10 2 3456 967 1292 958
20547 4 2 10 2 3456 1292 967 2654
20548 4 2 10 2 524 1471 3070 273
20549 4 2 10 2 524 3070 1471 900
20550 4 2 10 2 3189 397 399 2520
20551 4 2 10 2 3189 399 397 398
20552 4 2 10 2 3641 2888 2623 2170
20553 4 2 10 2 3641 2623 2888 3174
20554 4 2 10 2 599 3507 723 781
20555 4 2 10 2 723 3507 599 2428
20556 4 2 10 2 3625 354 2705 356
20557 4 2 10 2 3625 2705 354 2557
20558 4 2 10 2 1555 3757 3502 1876
20559 4 2 10 2 3502 3757 1555 2832
20560 4 2 10 2 3197 283 888 533
20561 4 2 10 2 3197 888 283 3150
20562 4 2 10 2 3140 397 399 547
20563 4 2 10 2 3140 399 397 2520
20564 4 2 10 2 3465 1769 1707 1825
20565 4 2 10 2 3465 1707 1769 2435
20566 4 2 10 2 1874 2734 1698 1729
20567 4 2 10 2 1698 2734 1874 3656
20568 4 2 10 2 1889 3303 2823 2047
20569 4 2 10 2 2823 3303 1889 3246
20570 4 2 10 2 3338 303 507 505
20571 4 2 10 2 3338 507 303 2663
20572 4 2 10 2 3239 3663 3080 2249
20573 4 2 10 2 3080 3663 3239 2423
20574 4 2 10 2 3429 621 2925 620
20575 4 2 10 2 3429 2925 621 2461
20576 4 2 10 2 3138 3659 2983 2384
20577 4 2 10 2 2983 3659 3138 2158
20578 4 2 10 2 589 2017 194 735
20579 4 2 10 2 194 2017 589 2045
20580 4 2 10 2 293 1964 126 1498
20581 4 2 10 2 293 126 1964 562
20582 4 2 10 2 3396 700 2708 701
20583 4 2 10 2 3396 2708 700 2530
20584 4 2 10 2 3447 407 2674 500
20585 4 2 10 2 3447 2674 407 2433
20586 4 2 10 2 3561 1673 1675 2795
20587 4 2 10 2 3561 1675 1673 1883
20588 4 2 10 2 3360 2890 3169 2085
20589 4 2 10 2 3360 3169 2890 2339
20590 4 2 10 2 3656 2034 1875 1763
20591 4 2 10 2 3656 1875 2034 3417
20592 4 2 10 2 3171 762 769 704
20593 4 2 10 2 3171 769 762 2767
20594 4 2 10 2 3256 3487 1565 2537
20595 4 2 10 2 1565 3487 3256 2771
20596 4 2 10 2 998 3257 1002 1001
20597 4 2 10 2 998 1002 3257 3288
20598 4 2 10 2 3607 2930 3743 1361
20599 4 2 10 2 3743 2930 3607 2485
20600 4 2 10 2 3743 1252 3607 1361
20601 4 2 10 2 3607 1252 3743 2485
20602 4 2 10 2 581 1297 180 832
20603 4 2 10 2 581 180 1297 905
20604 4 2 10 2 3443 350 3504 2851
20605 4 2 10 2 3443 3504 350 351
20606 4 2 10 2 3401 1934 1936 1792
20607 4 2 10 2 3401 1936 1934 3277
20608 4 2 10 2 2367 2086 3014 3538
20609 4 2 10 2 2367 3014 2086 3608
20610 4 2 10 2 3261 1098 1208 1174
20611 4 2 10 2 3261 1208 1098 2740
20612 4 2 10 2 3634 3371 3468 2239
20613 4 2 10 2 3634 3468 3371 2358
20614 4 2 10 2 3741 1019 2549 1006
20615 4 2 10 2 3741 2549 1019 3365
20616 4 2 10 2 3094 3106 2925 2185
20617 4 2 10 2 2925 3106 3094 2350
20618 4 2 10 2 2925 2611 3094 2185
20619 4 2 10 2 3094 2611 2925 2350
20620 4 2 10 2 3642 1765 3015 1711
20621 4 2 10 2 3642 3015 1765 2904
20622 4 2 10 2 3131 3521 2700 2221
20623 4 2 10 2 2700 3521 3131 3448
20624 4 2 10 2 3469 3510 3116 2193
20625 4 2 10 2 3116 3510 3469 2542
20626 4 2 10 2 3032 1805 1979 1803
20627 4 2 10 2 3032 1979 1805 3004
20628 4 2 10 2 3643 3452 2618 2260
20629 4 2 10 2 3643 2618 3452 2457
20630 4 2 10 2 2420 2272 2133 2942
20631 4 2 10 2 2133 2272 2420 3612
20632 4 2 10 2 3511 3350 3747 2086
20633 4 2 10 2 3511 3747 3350 2366
20634 4 2 10 2 3426 3506 3659 2094
20635 4 2 10 2 3659 3506 3426 2384
20636 4 2 10 2 3348 1321 1118 1320
20637 4 2 10 2 3348 1118 1321 2836
20638 4 2 10 2 3569 2894 2769 2487
20639 4 2 10 2 3569 2769 2894 3014
20640 4 2 10 2 797 3336 3592 601
20641 4 2 10 2 3592 3336 797 2690
20642 4 2 10 2 3592 708 797 601
20643 4 2 10 2 797 708 3592 2690
20644 4 2 10 2 3444 3500 2548 2118
20645 4 2 10 2 2548 3500 3444 2378
20646 4 2 10 2 2709 3721 3489 2381
20647 4 2 10 2 3489 3721 2709 3208
20648 4 2 10 2 3681 511 269 498
20649 4 2 10 2 3681 269 511 2891
20650 4 2 10 2 3152 3177 3390 2164
20651 4 2 10 2 3390 3177 3152 2437
20652 4 2 10 2 3130 511 401 2891
20653 4 2 10 2 3130 401 511 409
20654 4 2 10 2 3446 3147 3454 2254
20655 4 2 10 2 3446 3454 3147 2379
20656 4 2 10 2 3300 615 703 617
20657 4 2 10 2 3300 703 615 3262
20658 4 2 10 2 3143 3573 3476 2388
20659 4 2 10 2 3476 3573 3143 2319
20660 4 2 10 2 3534 3290 3151 2236
20661 4 2 10 2 3534 3151 3290 2436
20662 4 2 10 2 3601 1005 1012 1034
20663 4 2 10 2 3601 1012 1005 2963
20664 4 2 10 2 302 1526 121 2000
20665 4 2 10 2 302 121 1526 489
20666 4 2 10 2 1808 590 208 758
20667 4 2 10 2 1808 208 590 1786
20668 4 2 10 2 3709 975 3252 1030
20669 4 2 10 2 3709 3252 975 2613
20670 4 2 10 2 3223 262 3750 2721
20671 4 2 10 2 3223 3750 262 36
20672 4 2 10 2 574 909 176 1404
20673 4 2 10 2 574 176 909 826
20674 4 2 10 2 2028 3296 3732 2029
20675 4 2 10 2 3732 3296 2028 2721
20676 4 2 10 2 3732 1501 2028 2029
20677 4 2 10 2 2028 1501 3732 2721
20678 4 2 10 2 3654 550 509 3105
20679 4 2 10 2 3654 509 550 40
20680 4 2 10 2 3588 465 496 2590
20681 4 2 10 2 3588 496 465 272
20682 4 2 10 2 3553 1276 2867 2826
20683 4 2 10 2 3553 2867 1276 946
20684 4 2 10 2 3113 1142 1099 1064
20685 4 2 10 2 3113 1099 1142 2955
20686 4 2 10 2 602 1505 218 1999
20687 4 2 10 2 602 218 1505 777
20688 4 2 10 2 2608 3707 3099 2492
20689 4 2 10 2 2608 3099 3707 2130
20690 4 2 10 2 3362 3099 3707 2492
20691 4 2 10 2 3362 3707 3099 2130
20692 4 2 10 2 782 3507 599 781
20693 4 2 10 2 599 3507 782 3049
20694 4 2 10 2 3567 3628 2748 2527
20695 4 2 10 2 2748 3628 3567 2289
20696 4 2 10 2 3242 3624 3230 2465
20697 4 2 10 2 3230 3624 3242 2336
20698 4 2 10 2 3196 541 495 472
20699 4 2 10 2 3196 495 541 3111
20700 4 2 10 2 3538 3747 3065 2086
20701 4 2 10 2 3065 3747 3538 2404
20702 4 2 10 2 3440 3698 3428 2188
20703 4 2 10 2 3428 3698 3440 2510
20704 4 2 10 2 3715 353 354 3319
20705 4 2 10 2 3715 354 353 355
20706 4 2 10 2 3649 17 2917 246
20707 4 2 10 2 3649 2917 17 2732
20708 4 2 10 2 3671 1842 1536 1977
20709 4 2 10 2 3671 1536 1842 2940
20710 4 2 10 2 3687 48 444 304
20711 4 2 10 2 3687 444 48 1394
20712 4 2 10 2 2794 1532 1482 2054
20713 4 2 10 2 2794 1482 1532 3409
20714 4 2 10 2 1521 599 212 1994
20715 4 2 10 2 1521 212 599 785
20716 4 2 10 2 1345 3150 1188 1396
20717 4 2 10 2 1188 3150 1345 2581
20718 4 2 10 2 3496 2054 18 1798
20719 4 2 10 2 3496 18 2054 2794
20720 4 2 10 2 3654 1437 876 1387
20721 4 2 10 2 3654 876 1437 2824
20722 4 2 10 2 2046 450 128 1925
20723 4 2 10 2 2046 128 450 558
20724 4 2 10 2 3576 776 716 584
20725 4 2 10 2 3576 716 776 3499
20726 4 2 10 2 772 1390 178 830
20727 4 2 10 2 772 178 1390 889
20728 4 2 10 2 876 834 3098 607
20729 4 2 10 2 876 3098 834 1384
20730 4 2 10 2 914 273 78 526
20731 4 2 10 2 914 78 273 1471
20732 4 2 10 2 1456 826 2993 909
20733 4 2 10 2 2993 826 1456 825
20734 4 2 10 2 1501 267 39 266
20735 4 2 10 2 1501 39 267 2056
20736 4 2 10 2 3700 1993 2692 1514
20737 4 2 10 2 3700 2692 1993 3237
20738 4 2 10 2 476 1964 125 562
20739 4 2 10 2 476 125 1964 1527
20740 4 2 10 2 3150 1187 1425 3149
20741 4 2 10 2 3150 1425 1187 1396
20742 4 2 10 2 1459 32 4 548
20743 4 2 10 2 1459 4 32 268
20744 4 2 10 2 896 571 173 823
20745 4 2 10 2 173 571 896 1416
20746 4 2 10 2 1425 473 3149 1212
20747 4 2 10 2 3149 473 1425 531
20748 4 2 10 2 31 1501 3 266
20749 4 2 10 2 3 1501 31 2057
$EndElements
