$MeshFormat
2.2 0 8
$EndMeshFormat
$PhysicalNames
4
2 1 "Top_Plate"
2 2 "Soundhole"
2 3 "Body_Shell"
3 10 "Air_Internal"
$EndPhysicalNames
$Nodes
747
1 0.0496 -9.797174393178826e-18 0.047
2 0.237 0 -0.047
3 0.237 0 0.047
4 0.237 0.0266 -0.047
5 0.237 0.0266 0.047
6 -0.237 0 -0.047
7 -0.237 0 0.047
8 0.237 -0.0266 -0.047
9 0.237 -0.0266 0.047
10 0.04024177772475915 0.02571150438746155 0.047
11 0.01654592710667729 0.03939231012048831 0.047
12 -0.01039999999999992 0.03464101615137759 0.047
13 -0.02798770483143628 0.01368080573302691 0.047
14 -0.02798770483143639 -0.0136808057330266 0.047
15 -0.01040000000000011 -0.03464101615137748 0.047
16 0.01654592710667713 -0.03939231012048834 0.047
17 0.04024177772475909 -0.02571150438746161 0.047
18 0.237 0 -0.02349999999999995
19 0.237 0 4.85722573273506e-17
20 0.237 0 0.02350000000000003
21 0.237 0.0266 -0.02349999999999995
22 0.237 0.0266 4.85722573273506e-17
23 0.237 0.0266 0.02350000000000003
24 -0.237 0 -0.02349999999999995
25 -0.237 0 4.85722573273506e-17
26 -0.237 0 0.02350000000000003
27 0.2203693697226852 0.05138943581973032 -0.047
28 0.2020684434732045 0.07497529283140179 -0.047
29 0.1819049362524257 0.09697900551109845 -0.047
30 0.1589118870385122 0.1159631353042531 -0.047
31 0.1319691248828368 0.128483899379993 -0.047
32 0.1024040572634705 0.1283301572759633 -0.047
33 0.0741971461918394 0.1186453694530859 -0.047
34 0.04651717174678782 0.1074578141759367 -0.047
35 0.01765954317111146 0.1000538023113713 -0.047
36 -0.01131750005800565 0.1048045129371428 -0.047
37 -0.03411300701242833 0.1238712867417145 -0.047
38 -0.05389827243442716 0.1462321859248922 -0.047
39 -0.075835139414584 0.1664108392890966 -0.047
40 -0.1019743558538712 0.180676579279081 -0.047
41 -0.1308915912551038 0.1877195591667041 -0.047
42 -0.160428555197375 0.1850196315548363 -0.04700000000000001
43 -0.1852309593616462 0.1690080610801001 -0.047
44 -0.2018338391380115 0.1443148621777896 -0.047
45 -0.2131453098728679 0.1167065331200843 -0.047
46 -0.2217765542873819 0.08812851724532847 -0.047
47 -0.2286640403950325 0.05907931249687351 -0.047
48 -0.2338852678242508 0.02968527457831903 -0.04700000000000001
49 0.2203693697226852 0.05138943581973032 0.04699999999999999
50 0.2020684434732045 0.07497529283140179 0.04699999999999999
51 0.1819049362524257 0.09697900551109845 0.04699999999999999
52 0.1589118870385122 0.1159631353042531 0.04699999999999999
53 0.1319691248828368 0.128483899379993 0.04699999999999999
54 0.1024040572634705 0.1283301572759633 0.04699999999999999
55 0.0741971461918394 0.1186453694530859 0.04699999999999999
56 0.04651717174678782 0.1074578141759367 0.04699999999999999
57 0.01765954317111146 0.1000538023113713 0.04699999999999999
58 -0.01131750005800565 0.1048045129371428 0.04699999999999999
59 -0.03411300701242833 0.1238712867417145 0.04699999999999999
60 -0.05389827243442716 0.1462321859248922 0.04699999999999998
61 -0.075835139414584 0.1664108392890966 0.04699999999999999
62 -0.1019743558538712 0.180676579279081 0.04699999999999999
63 -0.1308915912551038 0.1877195591667041 0.04699999999999999
64 -0.160428555197375 0.1850196315548363 0.04699999999999999
65 -0.1852309593616462 0.1690080610801001 0.04699999999999999
66 -0.2018338391380115 0.1443148621777896 0.04699999999999999
67 -0.2131453098728679 0.1167065331200843 0.04699999999999999
68 -0.2217765542873819 0.08812851724532847 0.04699999999999999
69 -0.2286640403950325 0.05907931249687351 0.04699999999999999
70 -0.2338852678242508 0.02968527457831903 0.04699999999999999
71 0.237 -0.0266 -0.02349999999999995
72 0.237 -0.0266 4.85722573273506e-17
73 0.237 -0.0266 0.02350000000000003
74 0.2203693697226852 -0.05138943581973032 -0.047
75 0.2020684434732045 -0.07497529283140179 -0.047
76 0.1819049362524257 -0.09697900551109845 -0.047
77 0.1589118870385122 -0.1159631353042531 -0.047
78 0.1319691248828368 -0.128483899379993 -0.047
79 0.1024040572634705 -0.1283301572759633 -0.047
80 0.0741971461918394 -0.1186453694530859 -0.047
81 0.04651717174678782 -0.1074578141759367 -0.047
82 0.01765954317111146 -0.1000538023113713 -0.047
83 -0.01131750005800565 -0.1048045129371428 -0.047
84 -0.03411300701242833 -0.1238712867417145 -0.047
85 -0.05389827243442716 -0.1462321859248922 -0.047
86 -0.075835139414584 -0.1664108392890966 -0.047
87 -0.1019743558538712 -0.180676579279081 -0.047
88 -0.1308915912551038 -0.1877195591667041 -0.047
89 -0.160428555197375 -0.1850196315548363 -0.04700000000000001
90 -0.1852309593616462 -0.1690080610801001 -0.047
91 -0.2018338391380115 -0.1443148621777896 -0.047
92 -0.2131453098728679 -0.1167065331200843 -0.047
93 -0.2217765542873819 -0.08812851724532847 -0.047
94 -0.2286640403950325 -0.05907931249687351 -0.047
95 -0.2338852678242508 -0.02968527457831903 -0.04700000000000001
96 0.2203693697226852 -0.05138943581973032 0.04699999999999999
97 0.2020684434732045 -0.07497529283140179 0.04699999999999999
98 0.1819049362524257 -0.09697900551109845 0.04699999999999999
99 0.1589118870385122 -0.1159631353042531 0.04699999999999999
100 0.1319691248828368 -0.128483899379993 0.04699999999999999
101 0.1024040572634705 -0.1283301572759633 0.04699999999999999
102 0.0741971461918394 -0.1186453694530859 0.04699999999999999
103 0.04651717174678782 -0.1074578141759367 0.04699999999999999
104 0.01765954317111146 -0.1000538023113713 0.04699999999999999
105 -0.01131750005800565 -0.1048045129371428 0.04699999999999999
106 -0.03411300701242833 -0.1238712867417145 0.04699999999999999
107 -0.05389827243442716 -0.1462321859248922 0.04699999999999998
108 -0.075835139414584 -0.1664108392890966 0.04699999999999999
109 -0.1019743558538712 -0.180676579279081 0.04699999999999999
110 -0.1308915912551038 -0.1877195591667041 0.04699999999999999
111 -0.160428555197375 -0.1850196315548363 0.04699999999999999
112 -0.1852309593616462 -0.1690080610801001 0.04699999999999999
113 -0.2018338391380115 -0.1443148621777896 0.04699999999999999
114 -0.2131453098728679 -0.1167065331200843 0.04699999999999999
115 -0.2217765542873819 -0.08812851724532847 0.04699999999999999
116 -0.2286640403950325 -0.05907931249687351 0.04699999999999999
117 -0.2338852678242508 -0.02968527457831903 0.04699999999999999
118 0.237 -0.01329999999999999 -0.047
119 0.237 -0.01329999999999999 0.04699999999999999
120 -0.004264209891958184 -0.001150949784147551 0.047
121 0.02302294307924804 0.003610366423242987 0.047
122 0.006193122197881683 0.01931417550524163 0.047
123 0.01287245274359438 -0.01856516343793778 0.047
124 0.237 0.0133 0.03353717201166181
125 0.237 0.0133 0.01175000000000005
126 0.237 0.0133 -0.03353717201166178
127 0.237 0.0133 -0.01174999999999995
128 0.002211856649651405 0.1001873494251775 0.02185442878651914
129 -0.1738834327873413 0.1786460213651593 0.02150739315832198
130 0.1166337596978564 0.1302181235746148 -0.02168882624687146
131 -0.1161352854361842 0.18518911997384 -0.0216487605127334
132 -0.04425680287218938 0.1353305446483186 -0.02209779589758337
133 0.1708380946272593 0.1069914904666582 -0.02123273065797013
134 -0.207954012870698 0.1307009837385362 -0.02120098884061047
135 0.06022302970009964 0.1128132625305203 0.02184182684307703
136 -0.2318250894924864 0.04253022210795261 -0.02233050121107003
137 0.2124676501065077 0.06195990738502608 -0.02257822579859797
138 0.1922714282923975 0.08623807447347046 0.02116826259546015
139 0.03208778974025914 0.1028781316361981 -0.02303723614497693
140 0.1457371432309035 0.1235006870593209 0.02315733608872227
141 -0.06435150696014739 0.1568816020711154 0.02121025323824938
142 -0.2176977916945219 0.1024890624522198 0.0211552192985095
143 0.2260026962388998 0.04343647087146733 0.0115018960839367
144 -0.2351809384337113 0.02004998714581675 0.01218172114805472
145 -0.1738834327873413 0.1786460213651593 -0.02150739315832198
146 -0.1161884058758856 0.1852022210515935 0.02128999481941527
147 0.1924557514811353 0.0860358279057532 -0.02291073008291412
148 0.1708895598821273 0.1069485866650208 0.02188084379965831
149 0.06039206383173571 0.1128829676015908 -0.02167071483097651
150 0.08781701165835845 0.1239646949547472 -0.02221247307255321
151 0.1011217964014327 0.1280284642264787 0.0010826768160314
152 -0.04404341984831542 0.1350847354061341 0.02119034245811542
153 -0.02358215883540629 0.1134696990537351 0.02219015412300586
154 -0.01221547493625715 0.1052943769229006 -0.000941399678255038
155 0.03188775912170019 0.1028251762446735 0.0227103021493634
156 -0.2176880637181 0.1025213652694132 -0.02117389348598404
157 -0.2254360390115867 0.07360861124097456 -0.02208668537610993
158 -0.2282801273385327 0.06091225874729779 0.0008740302813954604
159 -0.2079758085701701 0.1306471144447153 0.021537214804738
160 -0.06435318708192835 0.1568831730697602 -0.02160505556186306
161 -0.1944554431274497 0.1571940151136898 0.02161922267776432
162 -0.1944436031656928 0.157211989386613 -0.02185010004510133
163 -0.08841093834440886 0.1743492576115888 -0.02160174486381719
164 -0.08848914504093994 0.174391897806383 0.0212557738772613
165 0.1455407779250897 0.1235931470525245 -0.02250128550666253
166 0.2127882068846787 0.06154287649454583 0.02306004418902368
167 -0.1457285265302185 0.1878510335817107 -0.02170387168031114
168 -0.1457525846543689 0.1878490421913674 0.02186093720976943
169 -0.2352252731670648 0.01968591434146999 -0.01144586345289692
170 0.2260127192796814 0.0434219679923169 -0.0109946362776142
171 0.2016011303559043 0.07553553493239823 -0.0001952325134420355
172 -0.02375173160333394 0.1136180325307323 -0.02373806483989492
173 0.01649980875503227 0.09992998171312077 -0.001053842967573999
174 0.08764163089796573 0.1239018473937167 0.02368646152193184
175 0.1314790556523179 0.1286034534865116 0.0009630378434909367
176 0.1818734183376646 0.09700970811736631 8.963884887358553e-06
177 -0.2253195308909975 0.07409947707184394 0.02359358036758956
178 0.002274485946079227 0.1001774300576315 -0.02377049026238413
179 -0.1603583140485479 0.1850418849052504 6.374845079560459e-05
180 -0.1852896970682674 0.1689454277882401 -6.133565722188372e-05
181 0.1167418200276014 0.130220638898078 0.02378090139482344
182 0.04637858731058334 0.1074077180472374 5.506283818158819e-06
183 0.1589932377402891 0.1159086570594314 0.0003672661312658573
184 -0.1310523712261826 0.187734561472831 0.0001574062410181973
185 -0.102021244368255 0.1806949273247775 -2.157903681044432e-05
186 -0.03417925683244506 0.123943077170545 5.197826161830454e-05
187 -0.2017352162329357 0.1445108898426143 -0.0001810928865348879
188 -0.2317648697862127 0.04287528646389199 0.02355246341018465
189 0.07429601166957833 0.1186862264347931 -0.0001441824940821221
190 -0.07583966547289561 0.1664141231313732 -6.287981304656243e-05
191 -0.05386047727771617 0.1461909175762371 -3.862838636010946e-05
192 -0.2217621428312715 0.08818235971061829 -2.325538778580327e-05
193 -0.2131339937349571 0.1167396243279478 -2.725084536329969e-05
194 0.2157908611906848 0.05758997371799374 0.0001053627823551437
195 -0.2326588185725979 0.03759609814573302 0.0005918283673472385
196 0.2267246832152194 0.0423883563492934 -0.03009738568431793
197 0.2268153536555229 0.04225623269417088 0.03029918316203208
198 -0.2353299516012824 0.01881438293991382 -0.02971328350855765
199 -0.2353116934392903 0.01896764065803458 0.03014528716006507
200 0.002211856649652048 -0.1001873494251774 0.0218544287865198
201 -0.1743068592510208 -0.1783656034101727 0.02174251871187885
202 0.1166337596978562 -0.1302181235746148 -0.02168882624687147
203 -0.1161400318716563 -0.1851902917425269 0.02167291077781933
204 -0.04425680287218857 -0.1353305446483177 -0.02209779589758271
205 0.1708380946272593 -0.1069914904666582 -0.02123273065797012
206 -0.2080502138047348 -0.1304629154183697 -0.02182863490521367
207 0.06022302970009944 -0.1128132625305202 0.02184182684307343
208 -0.2318250894924858 -0.04253022210795651 -0.02233050121106882
209 0.212467650106505 -0.06195990738502959 -0.02257822579859902
210 0.1922714282923975 -0.08623807447347046 0.02116826259546015
211 0.03208778974025885 -0.102878131636198 -0.02303723614497687
212 -0.146045396639168 -0.1878241835675508 -0.02312192186353539
213 0.1457371432309035 -0.1235006870593209 0.02315733608872216
214 -0.06435150696014739 -0.1568816020711154 0.02121025323824938
215 -0.2176977916945219 -0.1024890624522198 0.0211552192985095
216 -0.0884526843527563 -0.1743720280370542 -0.02123515973218013
217 0.2260026962388993 -0.04343647087146817 0.0115018960839367
218 -0.2351809384337111 -0.020049987145819 0.0121817211480551
219 0.1924557514811336 -0.08603582790575498 -0.02291073008291451
220 0.1708895598821273 -0.1069485866650208 0.02188084379965827
221 0.06039206383173555 -0.1128829676015907 -0.02167071483097651
222 0.08781701165835837 -0.1239646949547472 -0.02221247307255328
223 0.1011217964014327 -0.1280284642264787 0.001082676816031213
224 -0.04404341984831538 -0.135084735406134 0.02119034245811542
225 -0.02358215883540597 -0.1134696990537348 0.02219015412300626
226 -0.01221547493625437 -0.105294376922899 -0.0009413996782533865
227 0.03188775912169987 -0.1028251762446735 0.02271030214936329
228 -0.2176880637180976 -0.1025213652694215 -0.02117389348598904
229 -0.2254360390115862 -0.07360861124097684 -0.02208668537610934
230 -0.2282801273385323 -0.0609122587472999 0.0008740302813973339
231 -0.2079575137370117 -0.1306923338544725 0.02115852766398031
232 -0.1945812152453233 -0.1570025884031304 0.02210807135736553
233 -0.186106249803577 -0.1680594260988507 -0.001096086950232805
234 -0.06435464283067452 -0.1568845342281196 -0.02160881717388652
235 -0.08848914504093998 -0.174391897806383 0.0212557738772613
236 -0.1161264304584286 -0.1851869333085534 -0.02186715913192382
237 0.1455407779250896 -0.1235931470525246 -0.02250128550666257
238 0.212788206884677 -0.06154287649454795 0.0230600441890236
239 -0.1462338868057015 -0.1878075719259413 0.02262323918856583
240 -0.2352252731670645 -0.01968591434147254 -0.01144586345289614
241 0.2260127192796802 -0.04342196799231851 -0.01099463627761432
242 0.2016011303559028 -0.07553553493240005 -0.0001952325134421187
243 -0.02375173160333322 -0.1136180325307316 -0.02373806483989498
244 0.01649980875503271 -0.09992998171312084 -0.001053842967573257
245 -0.1946998189758217 -0.1568212462504594 -0.02370264534029519
246 0.08764163089796563 -0.1239018473937167 0.0236864615219311
247 -0.1608631007233167 -0.1848798085822682 -0.0009139152386746438
248 0.1314790556523179 -0.1286034534865117 0.000963037843490798
249 0.1818734183376646 -0.09700970811736627 8.963884888149587e-06
250 -0.2253195308909974 -0.07409947707184432 0.02359358036759079
251 0.002274485946079974 -0.1001774300576314 -0.02377049026238368
252 0.1167418200276014 -0.1302206388980781 0.02378090139482328
253 -0.1310529170748043 -0.1877346119275937 8.810915586351248e-05
254 -0.1742379999702632 -0.1784115827718097 -0.02377678998191642
255 0.04637858731057937 -0.107407718047236 5.506283818318414e-06
256 0.1589932377402891 -0.1159086570594314 0.0003672661312659406
257 -0.03417925683244494 -0.1239430771705448 5.197826161815189e-05
258 -0.1020154608774426 -0.1806926654296626 5.15090179981359e-05
259 -0.2317648697862125 -0.04287528646389344 0.02355246341018555
260 -0.07587680673218765 -0.166441057711354 4.711652509872127e-05
261 0.07429601166957844 -0.1186862264347931 -0.0001441824940823996
262 -0.2018313992810211 -0.144319720174534 7.410271044162864e-05
263 -0.05386047727771621 -0.1461909175762372 -3.862838636012333e-05
264 -0.2217621428312714 -0.08818235971061866 -2.325538777965541e-05
265 -0.2131339937349568 -0.1167396243279486 -2.725084536247396e-05
266 0.2157908611906827 -0.05758997371799651 0.0001053627823550327
267 -0.2326588185725975 -0.03759609814573552 0.0005918283673482447
268 0.2267246832152187 -0.04238835634929451 -0.03009738568431815
269 0.2268153536555224 -0.04225623269417152 0.03029918316203206
270 -0.2353299516012822 -0.01881438293991537 -0.02971328350855713
271 -0.2353116934392901 -0.01896764065803565 0.03014528716006531
272 0.237 -0.0133 0.01175000000000005
273 0.237 -0.0133 0.03329166666666668
274 0.237 -0.0133 -0.01174999999999995
275 0.237 -0.0133 -0.03329166666666664
276 -0.2099526162193503 0.01073457252985669 -0.047
277 0.0689845828347765 -0.08938470499687599 -0.047
278 -0.03912910683068328 -0.09471412337988087 -0.047
279 -0.03910361393069718 0.09472938353768194 -0.047
280 0.1729397601022819 0.06852314441529125 -0.047
281 0.2251885408018766 -0.006331615730648568 -0.047
282 -0.2000087409255207 -0.06841198911425368 -0.047
283 0.03845431616184677 0.07894406089145228 -0.047
284 -0.1927188124259629 0.09494481318603958 -0.047
285 0.1744196366611756 -0.06795332725961351 -0.047
286 -0.1016001080216071 -0.1494530794891099 -0.047
287 -0.08183259577099446 0.1348706542724246 -0.047
288 0.09422821194659906 0.0988654185722664 -0.047
289 -0.1836120625854145 -0.1207277884138281 -0.047
290 -0.1608515600794743 0.155395154391974 -0.047
291 -0.0009432145313938919 -0.07733430206128175 -0.047
292 -0.01731426927504868 0.07480890850109478 -0.047
293 -0.04434567753836751 0.06551169119122113 -0.047
294 -0.02174247314597415 0.04655131185907333 -0.047
295 -0.04930544541752915 0.03661540353607692 -0.047
296 -0.07196735375623653 0.05555880346334999 -0.047
297 -0.07706696668003653 0.02644922777941545 -0.047
298 -0.09974788068326575 0.04546322059496508 -0.047
299 -0.1048571766791948 0.01628611988361258 -0.047
300 -0.08215609091712077 -0.00270429190237723 -0.047
301 -0.1099555091839876 -0.01288515651899182 -0.047
302 -0.02669580949102205 0.01762979545376474 -0.047
303 -0.1275832063918053 0.03529546105509328 -0.047
304 -0.1224527037508443 0.06451643102398771 -0.047
305 0.001019895439497848 0.0277682027880466 -0.047
306 -0.08764861519901973 -0.03181007849224928 -0.047
307 -0.1151165935879997 -0.04204815466958499 -0.047
308 -0.1373669108957907 -0.02313133457532424 -0.047
309 -0.004029851466569697 -0.00129953258315945 -0.047
310 0.02372155398111401 0.008866562830256018 -0.047
311 -0.09281278964091907 -0.06097496500250166 -0.047
312 -0.1202423703939128 -0.07122612296552228 -0.047
313 0.1356194893279594 -0.1016675744222615 -0.047
314 0.01865342200139429 -0.02025107036539581 -0.047
315 0.04645758918570225 -0.01008310041982098 -0.047
316 0.05152828813828013 0.01909962215499744 -0.047
317 0.07430576003925538 0.0001134349825552447 -0.047
318 0.07938467964068441 0.02936460175322478 -0.047
319 0.1024599338882147 0.01012631081166776 -0.047
320 0.09710009965681639 -0.01894995844165764 -0.047
321 0.125029827413936 -0.008729815527779773 -0.047
322 0.1072894528737234 0.03962301171689798 -0.047
323 0.1198248798388497 -0.03787406746221833 -0.047
324 -0.09897279735210315 -0.08998468005477223 -0.047
325 -0.1255309326622634 -0.1004129672319971 -0.047
326 -0.1503158178533992 0.05429119519724482 -0.047
327 -0.05950037636044934 -0.02157578766002041 -0.047
328 -0.1551427657686365 0.02506140608657641 -0.047
329 0.03935141377264398 -0.04511479929421651 -0.047
330 0.2095324113996215 0.02933199665899342 -0.047
331 -0.1448211690608426 0.08346140829775377 -0.047
332 -0.1172286786786701 0.09372831610595139 -0.047
333 -0.14808095741331 -0.0814055672344732 -0.047
334 -0.1446539633453464 -0.1609707035780547 -0.047
335 -0.009033151592146684 -0.02940681145945948 -0.047
336 0.1470297322720948 -0.02712816694414631 -0.047
337 0.1523924913638635 0.0003654226588751655 -0.047
338 0.1735345760160564 -0.01549238902185654 -0.047
339 -0.1782058851016641 0.04475113049266988 -0.047
340 -0.139793012943982 0.1113341849040493 -0.047
341 0.09260685216529141 -0.04745654870302124 -0.047
342 0.08444789728524395 0.05867399111754349 -0.047
343 0.1357824719171848 0.09788279743073766 -0.047
344 -0.1225218746089601 0.1591981135313511 -0.047
345 0.1778745669219403 0.008384609786784817 -0.047
346 0.1565441713032799 0.02725428911114672 -0.047
347 0.2125834739873148 -0.0281928066840392 -0.047
348 -0.05984903837604603 -0.1146145982699128 -0.047
349 0.04294709960501958 -0.07851353081504439 -0.047
350 0.1156906298879228 -0.06358282276878044 -0.047
351 0.1122700250100599 0.07621558445944185 -0.047
352 0.2035570222858981 -0.008391011641764692 -0.047
353 -0.06921001593482579 -0.0832589282770885 -0.047
354 -0.04327398901841034 -0.06434962348597908 -0.047
355 0.134607393174485 0.04885632779337273 -0.047
356 -0.1123872043741046 0.128232551197266 -0.047
357 -0.08907764979595136 0.1049559427264232 -0.047
358 0.06724471463192816 0.08619982466673307 -0.047
359 -0.1531357103467458 -0.1106619234049644 -0.047
360 -0.1297702567332271 -0.1349377683144557 -0.047
361 0.129720545002917 0.0195825910940301 -0.047
362 -0.1758366373375944 -0.09007838231134371 -0.047
363 0.1830948024159301 0.03520648523648204 -0.047
364 0.2198947300886898 0.008736355945485406 -0.047
365 0.1453796676910312 -0.05790061750514074 -0.047
366 0.005615514803305358 0.05626149939252415 -0.047
367 0.008887867645496317 -0.04977610398135555 -0.047
368 -0.03145763469415083 -0.0109265077433363 -0.047
369 -0.05436372059338478 0.007581306577253862 -0.047
370 -0.1700014934412837 -0.06090203910997151 -0.047
371 -0.1907288077699048 -0.038765978929494 -0.047
372 -0.1030401357440993 -0.1195998229853128 -0.047
373 0.0539468180632704 0.05286055477241111 -0.047
374 -0.09457298536983355 0.07470771466882487 -0.047
375 0.1944862055826522 -0.04790431698088064 -0.047
376 -0.1325565276385901 0.006095645074677762 -0.047
377 -0.1423306698186168 -0.05206464080390272 -0.047
378 0.06902775233294839 -0.02995009535992146 -0.047
379 -0.0667834056153588 0.08484320619256946 -0.047
380 0.02873349100880859 0.03793630443306178 -0.047
381 -0.1594034392456087 -0.00391439026717085 -0.047
382 0.0663798386188032 -0.05996360386112499 -0.047
383 -0.0614166473640204 0.1139396749986135 -0.047
384 -0.1724780983861207 0.07346395511756618 -0.047
385 -0.2004917571019108 0.06646220724293017 -0.047
386 -0.1595359063623822 -0.1387536652609432 -0.047
387 0.09440232507873314 -0.1015894865280294 -0.047
388 -0.1826509448846555 0.01638069256424892 -0.047
389 0.1712600280949021 -0.04024429778786311 -0.047
390 -0.165993030933073 0.1020881229916981 -0.047
391 -0.1856081897302441 0.1217840865425797 -0.047
392 -0.06697565108965642 -0.05044991556504705 -0.047
393 -0.1640482203419129 -0.03238145423555737 -0.047
394 -0.1865975514997423 -0.01031961592235186 -0.047
395 -0.03762785890985836 -0.03873297046552064 -0.047
396 -0.07961323887112097 -0.1340058530233083 -0.047
397 -0.01706069743869228 -0.05600539366250546 -0.047
398 -0.2119367536056007 -0.01820892231368643 -0.047
399 -0.205641751921144 0.0378488649841497 -0.047
400 0.09213262008297268 -0.07514387563023323 -0.047
401 0.1551002614744053 -0.08625186939001567 -0.047
402 0.157477304392424 0.09075905214845302 -0.047
403 -0.1614789330091091 0.1288149324167619 -0.047
404 -0.1388486189587245 0.1402782881135284 -0.047
405 0.1416257329999604 0.07325238630595887 -0.047
406 0.2248529432639212 -0.01906835870764538 -0.047
407 -0.09891023400450288 0.1538777475138438 -0.047
408 -0.1993891535297095 -0.09695941576191232 -0.047
409 0.1910842611933648 -0.02804496442328084 -0.047
410 -0.1212858256971527 -0.1634938063633345 -0.047
411 0.1577623719991875 0.05061852657245033 -0.047
412 -0.2130447221040619 -0.04283029548652533 -0.047
413 -0.02405627038829454 -0.07719147080117376 -0.047
414 0.007634213152168962 0.07967403086609831 -0.047
415 0.1978199078993069 0.05278570640979414 -0.047
416 -0.1790006962636971 0.143863419321841 -0.047
417 0.02082508692681677 -0.07086046382849825 -0.047
418 0.1982711131269967 0.01347152461418946 -0.047
419 -0.08345673923596227 -0.1077245921815259 -0.047
420 0.1158252976930617 -0.1097914409059629 -0.047
421 0.1157037159586796 0.1105572753465829 -0.047
422 -0.1657103692233425 -0.1598108653046779 -0.047
423 0.1339790554407062 -0.07799880920369852 -0.047
424 0.02783433957610092 0.05980547838986492 -0.047
425 0.1146434521548688 -0.08846435929470566 -0.047
426 -0.142119266875083 0.1680923341892474 -0.047
427 0.08899923283647589 0.07993487188753393 -0.047
428 -0.1801872732578463 -0.1458360114437238 -0.047
429 -0.05181760633688748 6.472677920431249e-05 0.04699999999999999
430 0.2248302247237739 -0.005865334904977298 0.04699999999999999
431 -0.1906678158552699 0.09247529101607396 0.04699999999999999
432 -0.1939535892544541 -0.09598000430762058 0.04699999999999999
433 -0.2074371029758048 -0.01680666683943871 0.04699999999999999
434 0.174161519740557 0.07096515039388718 0.04699999999999999
435 0.1726526519577737 -0.07076572831668689 0.04699999999999999
436 -0.06330897841744548 0.1179718471721732 0.04699999999999999
437 -0.06291815092256525 -0.1173287797969154 0.04699999999999999
438 0.06751888361342731 0.02173970258528669 0.04699999999999999
439 0.06752610065656901 -0.02173351514891649 0.04699999999999999
440 -0.1238445153577834 0.1595029599077347 0.04699999999999999
441 -0.1225218746089601 -0.1591981135313511 0.04699999999999999
442 -0.05248923658907041 -0.0263830834230003 0.04699999999999999
443 -0.07657078900516902 -0.01270241545956158 0.04699999999999999
444 -0.07590113370712172 0.01444605709983586 0.04699999999999999
445 -0.1004123129945429 0.0007168628141243047 0.04699999999999999
446 -0.1018344488465779 -0.02655422250258014 0.04699999999999999
447 -0.1001081567054478 0.02896124636458459 0.04699999999999999
448 0.09511103786188582 0.09723532618537478 0.04699999999999999
449 0.09512302361341796 -0.09725231211802438 0.04699999999999999
450 -0.1249881703139093 0.01497777748496118 0.04699999999999999
451 -0.1247498572085148 0.04365663304808954 0.04699999999999999
452 -0.2035476643406103 0.03886595591022309 0.04699999999999999
453 -0.07594830302866827 0.04270002252426931 0.04699999999999999
454 0.05891416098773102 0.04620877590031539 0.04699999999999999
455 0.08549696583825336 0.04216817894045057 0.04699999999999999
456 0.09630595810774062 0.01252932527244086 0.04699999999999999
457 0.1134251867566712 0.03663282181793741 0.04699999999999999
458 0.1244905145192658 0.01023577961659787 0.04699999999999999
459 0.0589164015896666 -0.04621513745016442 0.04699999999999999
460 0.08555566008369991 -0.04218399441419097 0.04699999999999999
461 -0.1717977876992255 -0.1412640883227829 0.04699999999999999
462 -0.1709191453728814 0.1424282637845838 0.04699999999999999
463 -0.1499243147512297 0.02944840810007957 0.04699999999999999
464 -0.1510688097089899 -0.0001462828458632661 0.04699999999999999
465 -0.1488262912916506 0.05847358126328534 0.04699999999999999
466 -0.1241355337507117 0.07271979640781984 0.04699999999999999
467 0.2083854961903865 0.02537648536229602 0.04699999999999999
468 0.1415186178396969 0.03082026411862589 0.04699999999999999
469 0.1509737752495431 0.004579029193222098 0.04699999999999999
470 0.1337563875302443 -0.01598606360228608 0.04699999999999999
471 0.1307758907266093 0.05534746226216646 0.04699999999999999
472 0.1595393772898704 -0.02154769239266529 0.04699999999999999
473 -0.1475520689429315 0.08643769478841942 0.04699999999999999
474 -0.1236157144394517 0.1018928181390373 0.04699999999999999
475 -0.09922394167110282 0.08598803902219285 0.04699999999999999
476 -0.001732755480582507 0.05950737136879791 0.04699999999999999
477 -0.02604100396994715 0.05653805299912069 0.04699999999999999
478 -0.001723007074858684 -0.05946123527685325 0.04699999999999999
479 0.1384044359025589 -0.04111361915156374 0.04699999999999999
480 -0.02826645892940253 -0.05570268476406761 0.04699999999999999
481 0.1780829091803167 -0.0009206136791065313 0.04699999999999999
482 0.1360754713837271 -0.09993394123393265 0.04699999999999999
483 -0.1754241450341897 0.01600379472392515 0.04699999999999999
484 0.02473217090857984 0.06467593772616234 0.04699999999999999
485 0.02473414634042105 -0.06467180133163529 0.04699999999999999
486 0.138537697497236 0.09943844830997571 0.04699999999999999
487 0.1856117076207026 -0.02645644312077331 0.04699999999999999
488 -0.04534639251867105 0.09540845102248875 0.04699999999999999
489 -0.04105053820331779 -0.09709653201981294 0.04699999999999999
490 -0.06963201053098493 -0.08821573440117142 0.04699999999999999
491 -0.0913117192360659 -0.1076328213562124 0.04699999999999999
492 -0.09720982050045349 -0.0793884563802159 0.04699999999999999
493 -0.1190002618083219 -0.09817993851992515 0.04699999999999999
494 -0.1248507832860041 -0.07007578324604059 0.04699999999999999
495 -0.1464730146045987 -0.08809980598476522 0.04699999999999999
496 -0.1519106870791474 -0.0593879423372091 0.04699999999999999
497 -0.07580711927701952 -0.06164777867139985 0.04699999999999999
498 -0.1417190305310103 -0.1174856167290296 0.04699999999999999
499 0.0760529857931837 0.06867146730022851 0.04699999999999999
500 0.07607004706132883 -0.06871863571056673 0.04699999999999999
501 0.1020001328258403 -0.06405602356880907 0.04699999999999999
502 -0.1801653482909164 -0.008471878214208381 0.04699999999999999
503 -0.09450220689729136 0.1163639925248374 0.04699999999999999
504 -0.1272278624026542 -0.04266980409600563 0.04699999999999999
505 -0.1510483329881555 0.1168697912181753 0.04699999999999999
506 0.09217955658589475 -0.01605052103098627 0.04699999999999999
507 -0.08268563006390317 -0.1368777063602435 0.04699999999999999
508 0.1695018257334644 0.02596155324028285 0.04699999999999999
509 0.2125834739873148 -0.0281928066840392 0.04699999999999999
510 -0.09979817442296861 0.05754870667715024 0.04699999999999999
511 -0.1735265773639225 0.04701806385353536 0.04699999999999999
512 0.1027359479382216 0.06408375169556123 0.04699999999999999
513 -0.1144536428513774 -0.1315222173553239 0.04699999999999999
514 0.1125977768526083 -0.0346595208067312 0.04699999999999999
515 -0.05284563092082664 0.02703274990411584 0.04699999999999999
516 -0.06996395137470855 0.07264175012985105 0.04699999999999999
517 -0.1979891358656454 0.06646822593625326 0.04699999999999999
518 0.1889594032320341 0.04493194245542734 0.04699999999999999
519 -0.1247464786139367 -0.01319829646619233 0.04699999999999999
520 -0.1232995674883067 0.1307148770047804 0.04699999999999999
521 -0.1688620317741638 -0.1070286018506441 0.04699999999999999
522 0.2058498542357313 -0.00342513179353654 0.04699999999999999
523 -0.2009364950878144 -0.06797813676114367 0.04699999999999999
524 -0.2065660821169162 -0.04211499751714151 0.04699999999999999
525 -0.1798141040235685 -0.05135703675615764 0.04699999999999999
526 -0.09942814523629563 0.1472507098018099 0.04699999999999999
527 -0.1577054572690561 -0.02934234625735365 0.04699999999999999
528 -0.1438501869261669 -0.1459202753529119 0.04699999999999999
529 -0.1738355163738788 -0.07746538614070428 0.04699999999999999
530 -0.01901058803198065 0.07939430839025155 0.04699999999999999
531 -0.04896471522163678 -0.07101170298496956 0.04699999999999999
532 -0.2041008501598222 0.01161030384680008 0.04699999999999999
533 -0.01980217609728077 -0.07892752297267308 0.04699999999999999
534 -0.1017904101890594 -0.05306268092019881 0.04699999999999999
535 -0.1457515788425607 0.1459768244895944 0.04699999999999999
536 -0.180883780806392 0.1173300029529891 0.04699999999999999
537 -0.04946850482140219 0.05126127053992151 0.04699999999999999
538 0.04981800740516031 -0.06757301566867424 0.04699999999999999
539 0.04981633673774497 0.06756045635209784 0.04699999999999999
540 0.223000023013748 0.01094867144498347 0.04699999999999999
541 0.06428001741641752 0.09160210413536757 0.04699999999999999
542 0.06428057435928243 -0.09161868262626539 0.04699999999999999
543 -0.1899185115477446 -0.1210588179557843 0.04699999999999999
544 0.1609433286661026 0.09032382900547947 0.04699999999999999
545 0.1571943342523062 -0.09095949133413053 0.04699999999999999
546 0.1402774287165353 -0.07044206141100326 0.04699999999999999
547 -0.170591225026486 0.07378219538992847 0.04699999999999999
548 -0.07472586076880196 0.0972448583885792 0.04699999999999999
549 0.1594060307240003 0.04819669230706872 0.04699999999999999
550 0.1930683808679914 -0.04957544834338784 0.04699999999999999
551 0.0760082476004683 -0.0003586743185893239 0.04699999999999999
552 0.1651246384462677 -0.04567298328769558 0.04699999999999999
553 0.1204039978989234 0.08304869977489847 0.04699999999999999
554 0.1186654718157616 -0.08292616988856581 0.04699999999999999
555 -0.07789752907858201 -0.0376860391962584 0.04699999999999999
556 -0.07678633941467745 0.1383341691700184 0.04699999999999999
557 -0.09914318158599023 -0.155972327505678 0.04699999999999999
558 -0.1444437400351936 -0.1677509980797858 0.04699999999999999
559 0.003970943994530882 -0.08224655097247106 0.04699999999999999
560 0.003958751480978757 0.08225229426584314 0.04699999999999999
561 -0.1444464829874241 0.1686214712089103 0.04699999999999999
562 -0.0351256435489493 -0.03576712853415123 0.04699999999999999
563 -0.03229065517431134 0.03536641389495468 0.04699999999999999
564 0.0371013036820115 -0.04742729217983138 0.04699999999999999
565 0.03710087462215794 0.04742621459441596 0.04699999999999999
566 0.03449399857693672 0.08560040149446313 0.04699999999999999
567 0.03449673116954899 -0.08560361118105897 0.04699999999999999
568 -0.04149808763721113 0.07189586581629254 0.04699999999999999
569 0.1888231370399412 0.01765898723332453 0.04699999999999999
570 0.1171190496173874 0.1082358688027673 0.04699999999999999
571 0.1162872434245792 -0.1089389185265385 0.04699999999999999
572 -0.05475367779242533 -0.04822653065864999 0.04699999999999999
573 0.224953657334711 -0.01878555150887927 0.04699999999999999
574 0.1473714108755714 0.07455338034224598 0.04699999999999999
575 -0.168148644723847 0.09737899507311727 0.04699999999999999
576 -0.1613553443523774 0.162210850423605 0.04699999999999999
577 0.1228130583963696 -0.05531540565304262 0.04699999999999999
578 -0.1622567475804371 -0.1619535151527016 0.04699999999999999
579 -0.1876440475861554 -0.0298863065710539 0.04699999999999999
580 0.1128887751842845 -0.008229962061499599 0.04699999999999999
581 0.1891702680940464 -0.01184031954887221 4.85722573273506e-17
582 -0.1894280145177768 0.009221058550983464 0.0004460924628237536
583 0.02385997429275716 0.05099126409074899 0.0005028992889800146
584 -0.02139634387047975 0.03346417361100467 -0.000261108809131598
585 0.02386104827219553 -0.05098874561770374 -0.0002004166165461285
586 0.1205320836892352 -0.07624938710397486 -0.0007224354187716081
587 -0.03906379390726156 -0.02229778868061705 5.198115002619935e-05
588 0.0627053728068379 -0.007450113318169164 0.0001887166915975624
589 -0.1613722549447083 0.0859945342042731 -0.0005576051227676668
590 0.1360593256332798 -0.0004242489413450283 0.0003023475114663984
591 -0.09217306501333036 0.01475196599836407 0.000540579849959727
592 0.006365197290585977 -0.006011562911356469 -0.0001086370342568838
593 -0.1495298621416632 0.1332951731021918 6.514284790029579e-05
594 -0.1401466432665025 0.04153055835747455 0.0002386427129300664
595 -0.1168520798126808 -0.05678249091512091 0.0001094590490258937
596 -0.06494107361827257 0.05499900720372315 0.001083452532512644
597 0.1467300530233822 0.05833464918348662 0.0004372764370330698
598 -0.1849028851630792 -0.0407002214222994 0.0004615534978615831
599 0.07166587384511863 0.0406378974924296 0.0001052939565957117
600 -0.1401471682324965 -0.007664386843194772 -0.0003784689508030958
601 -0.06224597037006709 -0.06592857241271904 -0.0003177060786435301
602 -0.1602021197599348 -0.08290572572902485 0.000352626308124139
603 -0.1129866019402797 0.08180760126088078 0.0005979498946991554
604 0.07892030681205059 -0.05250842725996129 -0.00136294919229181
605 0.1608483701576933 -0.05042434317529746 -0.00138488471457366
606 -0.1556199064808177 -0.1308283941816573 0.0003226663555893419
607 0.1007384714884774 0.07872494906774029 -0.0005564461518540523
608 -0.1043608186129116 -0.1043315654120783 -0.0002855670596123988
609 0.1828501697225001 0.03039207184819579 0.00620520484939921
610 -0.1027653957074849 0.1277917417423779 0.002031181427460442
611 -0.01873890295058774 -0.06110906121815315 0.004362105887556776
612 -0.08209455073930265 -0.02745048287488055 0.004826429550084214
613 -0.07017752020536092 0.09858688810681425 -0.005000797334728971
614 -0.186567521607885 0.05177131172431036 0.006258917453305615
615 0.1127948684264729 0.03413803559485688 0.005136696797634906
616 -0.05386644693482229 0.01349023048502744 0.00994589152074829
617 0.1158792957269767 -0.03587766225411006 0.005963711969061994
618 -0.02960679126428741 0.07110791479254389 0.009167082022816558
619 -0.1168154956346175 -0.1428974088778836 0.007417152461878757
620 -0.06639349838195004 -0.1036655988094535 0.01021155237347996
621 0.09965729744234471 -0.001796516673501868 0.0117605380046187
622 0.0351872440904397 0.01645239951513306 -0.01133103314817425
623 0.2048008480725852 0.01871707052010884 -0.01524766882902376
624 0.05350256424841169 0.07194714420362766 0.009933375749909417
625 -0.1494046692111611 -0.04225101478141764 -0.01151044703710608
626 0.08921451595616947 -0.08871452768151067 -0.01366738125667962
627 0.05105491480218034 -0.07279843501907685 0.0108328053558186
628 -0.1053191390744221 0.04743903162961437 -0.01054243556866255
629 -0.1770413120525234 0.1152207422668918 -0.01319341274955025
630 0.1333570052738468 0.09080119344255833 0.01156864921337049
631 -0.005907748868769987 0.06129856477953925 -0.01446803202055079
632 0.1512101294281991 -0.07934891020164916 0.0149651295281515
633 -0.1806835338625555 -0.1090360814140606 -0.01312201153824134
634 0.2084677737470458 0.02001171096695713 0.01755514843740176
635 -0.06492057795287416 -0.006110701660484334 -0.01643873077229561
636 -0.02258124932715215 0.00306949493714136 -0.01618163426107505
637 0.1536710324519035 0.02675500550968442 -0.01235169889923613
638 -0.1120851313984605 -0.02457325899183345 -0.01369126982857304
639 -0.1912474021743707 -0.08043354731473845 0.01594913158193256
640 0.05210977368983907 -0.03722205787631366 0.0142864556539211
641 -0.003915711640972529 -0.03587473041211665 -0.0136432854865415
642 -0.08589474203545727 -0.133484583280892 -0.006741434176988335
643 -0.1289927154418883 -0.0855199986533986 0.01590329302577253
644 0.03425213938996862 -0.0210239615866702 -0.01545969020373372
645 0.164996944044387 0.004139064969582333 0.01666119687625855
646 -0.150717285542444 -0.1567623827800894 0.01791442803814169
647 -0.1590562021648346 0.01673369114138418 0.01584152481046365
648 0.1475351797590448 -0.07445921047206333 -0.01806926788591765
649 -0.1236912919918629 0.1548929221523941 -0.007127298788484611
650 0.1865794899537499 -0.03903769620685117 -0.01706089029296342
651 0.0855094118346388 0.01315058993805704 -0.01652980360177395
652 -0.1222003214027227 0.01713393758956969 -0.01609669857377266
653 -0.1919422618054749 0.07994199519289441 -0.01575304321670999
654 0.1772060071545503 0.0566907463540199 -0.01471030638631183
655 -0.1691209166490424 0.03188041309368227 -0.01606943700543606
656 -0.1106904759198663 -0.008823472348892613 0.0162149096647723
657 0.158612225820961 -0.01986796586683706 -0.01595144751911958
658 -0.09185238842150173 -0.07574321451451022 0.01350468826659715
659 -0.2076030577258508 -0.02101859698806963 0.0002984101132406184
660 -0.1279564795179627 0.1097449818294402 -0.01414637690422547
661 0.1459410791964091 -0.02726941619041919 0.01721979881665832
662 -0.1499290667313868 0.1575775209147399 0.01888135194021924
663 -0.1388777693363953 0.06975078940783719 0.01750483920567923
664 -0.1701888996181149 -0.01420581262537523 -0.01593470207335988
665 0.0900892614208943 -0.02259104792193582 -0.01369234645145037
666 -0.1367122586605592 -0.1048329121097974 -0.01116366024427012
667 0.00175034761124596 0.06843985512661623 0.01620939178307888
668 -0.03664560114595207 -0.08468865312462368 -0.01193910227353825
669 0.1081066475564522 -0.09991858481374463 0.01720515998805783
670 0.003189579093244566 0.03635530354457979 0.01887091805569519
671 0.2117724642857032 -0.0156247337092732 0.02252083333333336
672 0.1228400061507405 -0.098706432152007 -0.02021407435157521
673 -0.04195954182140138 -0.04669158735756132 0.01886768108288453
674 -0.1161453774892359 0.0283698360170552 0.01836152749318207
675 -0.138921840086341 -0.1561758854245699 -0.01419428335763917
676 0.2094612719557073 -0.01788133591699251 -0.01996655168544674
677 0.006383531298336715 0.02960911360938184 -0.01555991568688692
678 0.1871792223800831 -0.04065873081590355 0.01583749944861488
679 -0.1402456141686896 0.1056103271318947 0.01704300558330071
680 -0.06208230756977462 0.02851781917153744 -0.0179606419227508
681 -0.1376202923227218 0.06928574386094755 -0.01783510564110204
682 -0.04353209654966166 0.04044722117573448 0.01927972041879346
683 -0.04564299366522066 0.08082354391425318 -0.01788901222108295
684 0.0817967709424768 -0.02732505450551909 0.01926642421712284
685 -0.0213622698618414 1.266348137463069e-16 0.01735454272982653
686 0.05088082292999167 -0.05699095261741456 -0.01807624280146151
687 -0.1869037481674358 -0.07015988542667717 -0.01592560270000569
688 0.03484513630168319 -0.008988977412288896 0.01846682146557602
689 -0.1851423041957792 0.1019005789771518 0.01587589306865029
690 0.1473329415782975 0.08543071636526477 -0.01692284884064464
691 -0.1672939847168117 -0.01544284089384124 0.01715620117682419
692 0.07310552876126429 0.06938277388289815 -0.01723772005061161
693 0.1540382526177252 0.03353076459786039 0.0183185812755442
694 0.1735954027069224 0.05869058796246009 0.01758832311911643
695 0.003693692849616797 -0.06924790891564575 -0.01662120809406796
696 0.003791634534460631 -0.03294087746640822 0.01784672682649714
697 0.0478166901052374 0.0433983668096339 0.01880422722860521
698 -0.1791420677671591 -0.1179478619533223 0.01730503186481773
699 -0.08407751164564134 0.07745279931587783 0.01698504083865065
700 -0.0746769271347054 0.1269061238417937 0.01723614057003891
701 0.07877875612624154 -0.08748259866376637 0.01641550086039615
702 0.007506009495285928 -0.06925904888971146 0.01894941384851774
703 -0.03930067716339372 0.05009687628358929 -0.02005597878964835
704 -0.06117731295145509 -0.0383245589994958 -0.0174676725976054
705 -0.08344639076761226 -0.08498735742286734 -0.01715710232815524
706 0.1342918039483419 -0.0449905528644082 -0.01898757742015162
707 -0.2069020318316017 0.02965141114607802 0.01352030868371085
708 -0.1604136588216729 -0.05473942196095567 0.01617882625150381
709 0.1190680178527947 0.05710790102800614 -0.01846307868308825
710 -0.08589838552851486 0.072631854679511 -0.01598530985337419
711 -0.09137170463653765 -0.04855444365987226 -0.01719589878177724
712 0.02172550051923341 0.07379758584722525 -0.02017939764069455
713 -0.1362008490348727 -0.07387846002622654 -0.01846906482891257
714 0.1205105204644047 0.06212919579347925 0.01780733521524216
715 -0.07562536090123392 0.1282821655846589 -0.01431444586043004
716 -0.05986694649361858 -0.01419903132671564 0.02037911338481466
717 -0.08720494192983266 0.04049785275986822 0.01778688054006908
718 -0.2130334079253846 0.004258033607808924 -0.01174999999999995
719 -0.1344662131610782 -0.03488954326173438 0.01633970644634861
720 0.1192621812153922 0.09954457439499222 -0.01517306964237057
721 0.1048786359844076 -0.05582220995062931 -0.01861922115652666
722 -0.03733532423995822 -0.08172632919967728 0.01957319178986551
723 -0.1771628688699322 0.1321024997879122 0.0146375601718377
724 0.131947349309852 -0.05717097922821395 0.01887018714345752
725 0.1166449599080127 0.0146598115972971 -0.01902301772914919
726 0.05492525699507036 0.01386531705000814 0.02045118031193021
727 -0.1156582619279794 -0.1265283343974961 -0.01922115862647848
728 -0.167378506663764 0.1456197315375987 -0.01993712028311653
729 0.07864688100404903 0.08772561067886862 0.01956700100162654
730 0.1198486624449629 -0.01811792634445838 -0.01847728444819815
731 -0.2001314314928956 0.03519847116682262 -0.01641580001078743
732 -0.1671979585050781 0.06275139250424222 -0.01913279341075738
733 0.1075378160986694 0.1025008866746534 0.01970490862948092
734 -0.1680066314847705 -0.1477036991964428 -0.02153431124175397
735 0.1768593701731085 0.008890266260262267 -0.01732947784359964
736 -0.03204999394060064 -0.04554940672398908 -0.0175769709437162
737 0.1342417170673215 -0.1003524734325474 0.005851674813784001
738 -0.1511339367432825 -0.1062298150695345 0.01754508290795362
739 -0.09837152221395014 0.1032000827945469 -0.01514579207354474
740 -0.05265164508793171 0.1062891063139687 0.01834269107331606
741 -0.09574775282553229 -0.1248321725086144 0.02146484496402
742 0.08872068621962501 0.05810473474816654 0.01967394877499405
743 -0.1014738906512397 0.1027900084843613 0.02013592001497975
744 0.1019445201937868 -0.06032014027131224 0.01700667168645128
745 -0.1262953496689349 0.1390109867315928 0.01826236311996895
746 -0.1038800076350562 -0.03981188659104801 0.02060822800990166
747 0.08809322687459246 0.02501286064364915 0.02045302104035615
$EndNodes
$Elements
3814
1 2 2 2 15 10 1 121
2 2 2 2 15 1 17 121
3 2 2 2 15 11 10 122
4 2 2 2 15 10 121 122
5 2 2 2 15 12 11 122
6 2 2 2 15 13 12 122
7 2 2 2 15 14 13 120
8 2 2 2 15 120 13 122
9 2 2 2 15 15 14 120
10 2 2 2 15 16 15 123
11 2 2 2 15 15 120 123
12 2 2 2 15 17 16 123
13 2 2 2 15 121 17 123
14 2 2 2 15 121 120 122
15 2 2 2 15 120 121 123
16 2 2 3 16 2 4 126
17 2 2 3 16 18 2 126
18 2 2 3 16 5 3 124
19 2 2 3 16 3 20 124
20 2 2 3 16 4 21 126
21 2 2 3 16 23 5 124
22 2 2 3 16 19 18 127
23 2 2 3 16 18 126 127
24 2 2 3 16 20 19 125
25 2 2 3 16 125 19 127
26 2 2 3 16 124 20 125
27 2 2 3 16 21 22 127
28 2 2 3 16 126 21 127
29 2 2 3 16 22 23 125
30 2 2 3 16 22 125 127
31 2 2 3 16 23 124 125
32 2 2 3 17 21 4 196
33 2 2 3 17 4 27 196
34 2 2 3 17 5 23 197
35 2 2 3 17 49 5 197
36 2 2 3 17 6 24 198
37 2 2 3 17 48 6 198
38 2 2 3 17 26 7 199
39 2 2 3 17 7 70 199
40 2 2 3 17 22 21 170
41 2 2 3 17 170 21 196
42 2 2 3 17 23 22 143
43 2 2 3 17 143 22 170
44 2 2 3 17 23 143 197
45 2 2 3 17 24 25 169
46 2 2 3 17 24 169 198
47 2 2 3 17 25 26 144
48 2 2 3 17 25 144 169
49 2 2 3 17 144 26 199
50 2 2 3 17 27 28 137
51 2 2 3 17 27 137 196
52 2 2 3 17 28 29 147
53 2 2 3 17 137 28 147
54 2 2 3 17 29 30 133
55 2 2 3 17 29 133 147
56 2 2 3 17 30 31 165
57 2 2 3 17 133 30 165
58 2 2 3 17 31 32 130
59 2 2 3 17 31 130 165
60 2 2 3 17 32 33 150
61 2 2 3 17 130 32 150
62 2 2 3 17 33 34 149
63 2 2 3 17 33 149 150
64 2 2 3 17 34 35 139
65 2 2 3 17 34 139 149
66 2 2 3 17 35 36 178
67 2 2 3 17 139 35 178
68 2 2 3 17 36 37 172
69 2 2 3 17 36 172 178
70 2 2 3 17 37 38 132
71 2 2 3 17 37 132 172
72 2 2 3 17 38 39 160
73 2 2 3 17 132 38 160
74 2 2 3 17 39 40 163
75 2 2 3 17 160 39 163
76 2 2 3 17 40 41 131
77 2 2 3 17 40 131 163
78 2 2 3 17 41 42 167
79 2 2 3 17 131 41 167
80 2 2 3 17 42 43 145
81 2 2 3 17 42 145 167
82 2 2 3 17 43 44 162
83 2 2 3 17 145 43 162
84 2 2 3 17 44 45 134
85 2 2 3 17 44 134 162
86 2 2 3 17 45 46 156
87 2 2 3 17 134 45 156
88 2 2 3 17 46 47 157
89 2 2 3 17 156 46 157
90 2 2 3 17 47 48 136
91 2 2 3 17 47 136 157
92 2 2 3 17 136 48 198
93 2 2 3 17 50 49 166
94 2 2 3 17 166 49 197
95 2 2 3 17 51 50 138
96 2 2 3 17 138 50 166
97 2 2 3 17 52 51 148
98 2 2 3 17 51 138 148
99 2 2 3 17 53 52 140
100 2 2 3 17 140 52 148
101 2 2 3 17 54 53 181
102 2 2 3 17 53 140 181
103 2 2 3 17 55 54 174
104 2 2 3 17 174 54 181
105 2 2 3 17 56 55 135
106 2 2 3 17 135 55 174
107 2 2 3 17 57 56 155
108 2 2 3 17 56 135 155
109 2 2 3 17 58 57 128
110 2 2 3 17 128 57 155
111 2 2 3 17 59 58 153
112 2 2 3 17 58 128 153
113 2 2 3 17 60 59 152
114 2 2 3 17 152 59 153
115 2 2 3 17 61 60 141
116 2 2 3 17 141 60 152
117 2 2 3 17 62 61 164
118 2 2 3 17 61 141 164
119 2 2 3 17 63 62 146
120 2 2 3 17 146 62 164
121 2 2 3 17 64 63 168
122 2 2 3 17 63 146 168
123 2 2 3 17 65 64 129
124 2 2 3 17 129 64 168
125 2 2 3 17 66 65 161
126 2 2 3 17 65 129 161
127 2 2 3 17 67 66 159
128 2 2 3 17 159 66 161
129 2 2 3 17 68 67 142
130 2 2 3 17 142 67 159
131 2 2 3 17 69 68 177
132 2 2 3 17 68 142 177
133 2 2 3 17 70 69 188
134 2 2 3 17 69 177 188
135 2 2 3 17 70 188 199
136 2 2 3 17 153 128 154
137 2 2 3 17 154 128 173
138 2 2 3 17 128 155 173
139 2 2 3 17 161 129 180
140 2 2 3 17 129 168 179
141 2 2 3 17 129 179 180
142 2 2 3 17 130 150 151
143 2 2 3 17 130 151 175
144 2 2 3 17 165 130 175
145 2 2 3 17 163 131 185
146 2 2 3 17 131 167 184
147 2 2 3 17 131 184 185
148 2 2 3 17 132 160 191
149 2 2 3 17 172 132 186
150 2 2 3 17 186 132 191
151 2 2 3 17 147 133 176
152 2 2 3 17 133 165 183
153 2 2 3 17 176 133 183
154 2 2 3 17 134 156 193
155 2 2 3 17 162 134 187
156 2 2 3 17 187 134 193
157 2 2 3 17 155 135 182
158 2 2 3 17 135 174 189
159 2 2 3 17 182 135 189
160 2 2 3 17 157 136 158
161 2 2 3 17 158 136 195
162 2 2 3 17 136 169 195
163 2 2 3 17 169 136 198
164 2 2 3 17 137 147 171
165 2 2 3 17 170 137 194
166 2 2 3 17 137 170 196
167 2 2 3 17 137 171 194
168 2 2 3 17 148 138 176
169 2 2 3 17 138 166 171
170 2 2 3 17 138 171 176
171 2 2 3 17 149 139 182
172 2 2 3 17 173 139 178
173 2 2 3 17 139 173 182
174 2 2 3 17 140 148 183
175 2 2 3 17 140 175 181
176 2 2 3 17 175 140 183
177 2 2 3 17 141 152 191
178 2 2 3 17 164 141 190
179 2 2 3 17 190 141 191
180 2 2 3 17 142 159 193
181 2 2 3 17 177 142 192
182 2 2 3 17 192 142 193
183 2 2 3 17 166 143 194
184 2 2 3 17 143 166 197
185 2 2 3 17 143 170 194
186 2 2 3 17 169 144 195
187 2 2 3 17 144 188 195
188 2 2 3 17 188 144 199
189 2 2 3 17 145 162 180
190 2 2 3 17 167 145 179
191 2 2 3 17 179 145 180
192 2 2 3 17 146 164 185
193 2 2 3 17 168 146 184
194 2 2 3 17 184 146 185
195 2 2 3 17 171 147 176
196 2 2 3 17 148 176 183
197 2 2 3 17 150 149 189
198 2 2 3 17 149 182 189
199 2 2 3 17 151 150 189
200 2 2 3 17 151 174 181
201 2 2 3 17 174 151 189
202 2 2 3 17 175 151 181
203 2 2 3 17 152 153 186
204 2 2 3 17 152 186 191
205 2 2 3 17 153 154 186
206 2 2 3 17 172 154 178
207 2 2 3 17 154 172 186
208 2 2 3 17 154 173 178
209 2 2 3 17 173 155 182
210 2 2 3 17 156 157 192
211 2 2 3 17 156 192 193
212 2 2 3 17 157 158 192
213 2 2 3 17 177 158 188
214 2 2 3 17 158 177 192
215 2 2 3 17 188 158 195
216 2 2 3 17 159 161 187
217 2 2 3 17 159 187 193
218 2 2 3 17 160 163 190
219 2 2 3 17 160 190 191
220 2 2 3 17 161 180 187
221 2 2 3 17 180 162 187
222 2 2 3 17 163 185 190
223 2 2 3 17 185 164 190
224 2 2 3 17 165 175 183
225 2 2 3 17 171 166 194
226 2 2 3 17 167 179 184
227 2 2 3 17 179 168 184
228 2 2 3 18 6 270 24
229 2 2 3 18 95 270 6
230 2 2 3 18 26 271 7
231 2 2 3 18 7 271 117
232 2 2 3 18 71 268 8
233 2 2 3 18 8 268 74
234 2 2 3 18 9 269 73
235 2 2 3 18 96 269 9
236 2 2 3 18 24 240 25
237 2 2 3 18 24 270 240
238 2 2 3 18 25 218 26
239 2 2 3 18 25 240 218
240 2 2 3 18 218 271 26
241 2 2 3 18 72 241 71
242 2 2 3 18 241 268 71
243 2 2 3 18 73 217 72
244 2 2 3 18 217 241 72
245 2 2 3 18 73 269 217
246 2 2 3 18 74 209 75
247 2 2 3 18 74 268 209
248 2 2 3 18 75 219 76
249 2 2 3 18 209 219 75
250 2 2 3 18 76 205 77
251 2 2 3 18 76 219 205
252 2 2 3 18 77 237 78
253 2 2 3 18 205 237 77
254 2 2 3 18 78 202 79
255 2 2 3 18 78 237 202
256 2 2 3 18 79 222 80
257 2 2 3 18 202 222 79
258 2 2 3 18 80 221 81
259 2 2 3 18 80 222 221
260 2 2 3 18 81 211 82
261 2 2 3 18 81 221 211
262 2 2 3 18 82 251 83
263 2 2 3 18 211 251 82
264 2 2 3 18 83 243 84
265 2 2 3 18 83 251 243
266 2 2 3 18 84 204 85
267 2 2 3 18 84 243 204
268 2 2 3 18 85 234 86
269 2 2 3 18 204 234 85
270 2 2 3 18 86 216 87
271 2 2 3 18 86 234 216
272 2 2 3 18 87 236 88
273 2 2 3 18 216 236 87
274 2 2 3 18 88 212 89
275 2 2 3 18 88 236 212
276 2 2 3 18 89 254 90
277 2 2 3 18 212 254 89
278 2 2 3 18 90 245 91
279 2 2 3 18 90 254 245
280 2 2 3 18 91 206 92
281 2 2 3 18 91 245 206
282 2 2 3 18 92 228 93
283 2 2 3 18 206 228 92
284 2 2 3 18 93 229 94
285 2 2 3 18 228 229 93
286 2 2 3 18 94 208 95
287 2 2 3 18 94 229 208
288 2 2 3 18 208 270 95
289 2 2 3 18 97 238 96
290 2 2 3 18 238 269 96
291 2 2 3 18 98 210 97
292 2 2 3 18 210 238 97
293 2 2 3 18 99 220 98
294 2 2 3 18 98 220 210
295 2 2 3 18 100 213 99
296 2 2 3 18 213 220 99
297 2 2 3 18 101 252 100
298 2 2 3 18 100 252 213
299 2 2 3 18 102 246 101
300 2 2 3 18 246 252 101
301 2 2 3 18 103 207 102
302 2 2 3 18 207 246 102
303 2 2 3 18 104 227 103
304 2 2 3 18 103 227 207
305 2 2 3 18 105 200 104
306 2 2 3 18 200 227 104
307 2 2 3 18 106 225 105
308 2 2 3 18 105 225 200
309 2 2 3 18 107 224 106
310 2 2 3 18 224 225 106
311 2 2 3 18 108 214 107
312 2 2 3 18 214 224 107
313 2 2 3 18 109 235 108
314 2 2 3 18 108 235 214
315 2 2 3 18 110 203 109
316 2 2 3 18 203 235 109
317 2 2 3 18 111 239 110
318 2 2 3 18 110 239 203
319 2 2 3 18 112 201 111
320 2 2 3 18 201 239 111
321 2 2 3 18 113 232 112
322 2 2 3 18 112 232 201
323 2 2 3 18 114 231 113
324 2 2 3 18 231 232 113
325 2 2 3 18 115 215 114
326 2 2 3 18 215 231 114
327 2 2 3 18 116 250 115
328 2 2 3 18 115 250 215
329 2 2 3 18 117 259 116
330 2 2 3 18 116 259 250
331 2 2 3 18 117 271 259
332 2 2 3 18 225 226 200
333 2 2 3 18 226 244 200
334 2 2 3 18 200 244 227
335 2 2 3 18 232 233 201
336 2 2 3 18 233 247 201
337 2 2 3 18 201 247 239
338 2 2 3 18 202 223 222
339 2 2 3 18 202 248 223
340 2 2 3 18 237 248 202
341 2 2 3 18 203 258 235
342 2 2 3 18 239 253 203
343 2 2 3 18 253 258 203
344 2 2 3 18 204 263 234
345 2 2 3 18 243 257 204
346 2 2 3 18 257 263 204
347 2 2 3 18 219 249 205
348 2 2 3 18 205 256 237
349 2 2 3 18 249 256 205
350 2 2 3 18 206 265 228
351 2 2 3 18 245 262 206
352 2 2 3 18 262 265 206
353 2 2 3 18 227 255 207
354 2 2 3 18 207 261 246
355 2 2 3 18 255 261 207
356 2 2 3 18 229 230 208
357 2 2 3 18 230 267 208
358 2 2 3 18 208 267 240
359 2 2 3 18 240 270 208
360 2 2 3 18 209 242 219
361 2 2 3 18 241 266 209
362 2 2 3 18 209 268 241
363 2 2 3 18 209 266 242
364 2 2 3 18 220 249 210
365 2 2 3 18 210 242 238
366 2 2 3 18 210 249 242
367 2 2 3 18 221 255 211
368 2 2 3 18 244 251 211
369 2 2 3 18 211 255 244
370 2 2 3 18 236 253 212
371 2 2 3 18 212 253 247
372 2 2 3 18 247 254 212
373 2 2 3 18 213 256 220
374 2 2 3 18 213 252 248
375 2 2 3 18 248 256 213
376 2 2 3 18 214 263 224
377 2 2 3 18 235 260 214
378 2 2 3 18 260 263 214
379 2 2 3 18 215 265 231
380 2 2 3 18 250 264 215
381 2 2 3 18 264 265 215
382 2 2 3 18 234 260 216
383 2 2 3 18 216 258 236
384 2 2 3 18 216 260 258
385 2 2 3 18 238 266 217
386 2 2 3 18 217 269 238
387 2 2 3 18 217 266 241
388 2 2 3 18 240 267 218
389 2 2 3 18 218 267 259
390 2 2 3 18 259 271 218
391 2 2 3 18 242 249 219
392 2 2 3 18 220 256 249
393 2 2 3 18 222 261 221
394 2 2 3 18 221 261 255
395 2 2 3 18 223 261 222
396 2 2 3 18 223 252 246
397 2 2 3 18 246 261 223
398 2 2 3 18 248 252 223
399 2 2 3 18 224 257 225
400 2 2 3 18 224 263 257
401 2 2 3 18 225 257 226
402 2 2 3 18 243 251 226
403 2 2 3 18 226 257 243
404 2 2 3 18 226 251 244
405 2 2 3 18 244 255 227
406 2 2 3 18 228 264 229
407 2 2 3 18 228 265 264
408 2 2 3 18 229 264 230
409 2 2 3 18 250 259 230
410 2 2 3 18 230 264 250
411 2 2 3 18 259 267 230
412 2 2 3 18 231 262 232
413 2 2 3 18 231 265 262
414 2 2 3 18 232 262 233
415 2 2 3 18 245 254 233
416 2 2 3 18 233 262 245
417 2 2 3 18 233 254 247
418 2 2 3 18 234 263 260
419 2 2 3 18 258 260 235
420 2 2 3 18 236 258 253
421 2 2 3 18 237 256 248
422 2 2 3 18 242 266 238
423 2 2 3 18 247 253 239
424 2 2 3 19 18 275 2
425 2 2 3 19 2 275 118
426 2 2 3 19 3 273 20
427 2 2 3 19 119 273 3
428 2 2 3 19 8 275 71
429 2 2 3 19 118 275 8
430 2 2 3 19 73 273 9
431 2 2 3 19 9 273 119
432 2 2 3 19 19 274 18
433 2 2 3 19 274 275 18
434 2 2 3 19 20 272 19
435 2 2 3 19 272 274 19
436 2 2 3 19 20 273 272
437 2 2 3 19 71 274 72
438 2 2 3 19 71 275 274
439 2 2 3 19 72 272 73
440 2 2 3 19 72 274 272
441 2 2 3 19 272 273 73
442 2 2 3 20 4 2 364
443 2 2 3 20 2 118 281
444 2 2 3 20 2 281 364
445 2 2 3 20 27 4 330
446 2 2 3 20 330 4 364
447 2 2 3 20 6 48 276
448 2 2 3 20 95 6 398
449 2 2 3 20 6 276 398
450 2 2 3 20 8 74 347
451 2 2 3 20 118 8 406
452 2 2 3 20 8 347 406
453 2 2 3 20 28 27 415
454 2 2 3 20 27 330 415
455 2 2 3 20 29 28 280
456 2 2 3 20 280 28 415
457 2 2 3 20 30 29 402
458 2 2 3 20 29 280 402
459 2 2 3 20 31 30 343
460 2 2 3 20 343 30 402
461 2 2 3 20 32 31 421
462 2 2 3 20 31 343 421
463 2 2 3 20 33 32 288
464 2 2 3 20 288 32 421
465 2 2 3 20 34 33 358
466 2 2 3 20 33 288 358
467 2 2 3 20 35 34 283
468 2 2 3 20 283 34 358
469 2 2 3 20 36 35 414
470 2 2 3 20 35 283 414
471 2 2 3 20 37 36 279
472 2 2 3 20 279 36 292
473 2 2 3 20 292 36 414
474 2 2 3 20 38 37 383
475 2 2 3 20 37 279 383
476 2 2 3 20 39 38 287
477 2 2 3 20 287 38 383
478 2 2 3 20 40 39 407
479 2 2 3 20 39 287 407
480 2 2 3 20 41 40 344
481 2 2 3 20 344 40 407
482 2 2 3 20 42 41 426
483 2 2 3 20 41 344 426
484 2 2 3 20 43 42 290
485 2 2 3 20 290 42 426
486 2 2 3 20 44 43 416
487 2 2 3 20 43 290 416
488 2 2 3 20 45 44 391
489 2 2 3 20 391 44 416
490 2 2 3 20 46 45 284
491 2 2 3 20 284 45 391
492 2 2 3 20 47 46 385
493 2 2 3 20 46 284 385
494 2 2 3 20 48 47 399
495 2 2 3 20 47 385 399
496 2 2 3 20 276 48 399
497 2 2 3 20 74 75 375
498 2 2 3 20 347 74 375
499 2 2 3 20 75 76 285
500 2 2 3 20 75 285 375
501 2 2 3 20 76 77 401
502 2 2 3 20 285 76 401
503 2 2 3 20 77 78 313
504 2 2 3 20 77 313 401
505 2 2 3 20 78 79 420
506 2 2 3 20 313 78 420
507 2 2 3 20 79 80 387
508 2 2 3 20 79 387 420
509 2 2 3 20 80 81 277
510 2 2 3 20 80 277 387
511 2 2 3 20 81 82 349
512 2 2 3 20 277 81 349
513 2 2 3 20 82 83 291
514 2 2 3 20 82 291 417
515 2 2 3 20 349 82 417
516 2 2 3 20 83 84 278
517 2 2 3 20 83 278 413
518 2 2 3 20 291 83 413
519 2 2 3 20 84 85 348
520 2 2 3 20 278 84 348
521 2 2 3 20 85 86 396
522 2 2 3 20 348 85 396
523 2 2 3 20 86 87 286
524 2 2 3 20 86 286 396
525 2 2 3 20 87 88 410
526 2 2 3 20 286 87 410
527 2 2 3 20 88 89 334
528 2 2 3 20 88 334 410
529 2 2 3 20 89 90 422
530 2 2 3 20 334 89 422
531 2 2 3 20 90 91 428
532 2 2 3 20 422 90 428
533 2 2 3 20 91 92 289
534 2 2 3 20 91 289 428
535 2 2 3 20 92 93 408
536 2 2 3 20 289 92 408
537 2 2 3 20 93 94 282
538 2 2 3 20 93 282 408
539 2 2 3 20 94 95 412
540 2 2 3 20 282 94 412
541 2 2 3 20 95 398 412
542 2 2 3 20 281 118 406
543 2 2 3 20 276 388 394
544 2 2 3 20 388 276 399
545 2 2 3 20 276 394 398
546 2 2 3 20 277 349 382
547 2 2 3 20 277 382 400
548 2 2 3 20 387 277 400
549 2 2 3 20 278 348 353
550 2 2 3 20 278 353 354
551 2 2 3 20 278 354 413
552 2 2 3 20 279 292 293
553 2 2 3 20 279 293 379
554 2 2 3 20 279 379 383
555 2 2 3 20 280 363 411
556 2 2 3 20 363 280 415
557 2 2 3 20 402 280 405
558 2 2 3 20 405 280 411
559 2 2 3 20 281 352 364
560 2 2 3 20 352 281 406
561 2 2 3 20 362 282 370
562 2 2 3 20 282 362 408
563 2 2 3 20 370 282 371
564 2 2 3 20 371 282 412
565 2 2 3 20 283 358 373
566 2 2 3 20 283 373 424
567 2 2 3 20 414 283 424
568 2 2 3 20 284 384 385
569 2 2 3 20 384 284 390
570 2 2 3 20 390 284 391
571 2 2 3 20 285 365 389
572 2 2 3 20 365 285 401
573 2 2 3 20 375 285 389
574 2 2 3 20 286 360 372
575 2 2 3 20 360 286 410
576 2 2 3 20 286 372 396
577 2 2 3 20 356 287 357
578 2 2 3 20 287 356 407
579 2 2 3 20 357 287 383
580 2 2 3 20 351 288 421
581 2 2 3 20 288 351 427
582 2 2 3 20 358 288 427
583 2 2 3 20 359 289 362
584 2 2 3 20 289 359 386
585 2 2 3 20 362 289 408
586 2 2 3 20 289 386 428
587 2 2 3 20 403 290 404
588 2 2 3 20 290 403 416
589 2 2 3 20 404 290 426
590 2 2 3 20 367 291 397
591 2 2 3 20 291 367 417
592 2 2 3 20 397 291 413
593 2 2 3 20 293 292 294
594 2 2 3 20 294 292 366
595 2 2 3 20 366 292 414
596 2 2 3 20 293 294 295
597 2 2 3 20 293 295 296
598 2 2 3 20 293 296 379
599 2 2 3 20 295 294 302
600 2 2 3 20 302 294 305
601 2 2 3 20 305 294 366
602 2 2 3 20 296 295 297
603 2 2 3 20 297 295 369
604 2 2 3 20 295 302 369
605 2 2 3 20 296 297 298
606 2 2 3 20 296 298 374
607 2 2 3 20 296 374 379
608 2 2 3 20 298 297 299
609 2 2 3 20 299 297 300
610 2 2 3 20 300 297 369
611 2 2 3 20 298 299 303
612 2 2 3 20 298 303 304
613 2 2 3 20 298 304 374
614 2 2 3 20 299 300 301
615 2 2 3 20 299 301 376
616 2 2 3 20 303 299 376
617 2 2 3 20 301 300 306
618 2 2 3 20 306 300 327
619 2 2 3 20 327 300 369
620 2 2 3 20 301 306 307
621 2 2 3 20 301 307 308
622 2 2 3 20 301 308 376
623 2 2 3 20 302 305 309
624 2 2 3 20 302 309 368
625 2 2 3 20 302 368 369
626 2 2 3 20 304 303 326
627 2 2 3 20 326 303 328
628 2 2 3 20 328 303 376
629 2 2 3 20 304 326 331
630 2 2 3 20 304 331 332
631 2 2 3 20 304 332 374
632 2 2 3 20 309 305 310
633 2 2 3 20 310 305 380
634 2 2 3 20 305 366 380
635 2 2 3 20 307 306 311
636 2 2 3 20 311 306 392
637 2 2 3 20 306 327 392
638 2 2 3 20 308 307 377
639 2 2 3 20 307 311 312
640 2 2 3 20 307 312 377
641 2 2 3 20 376 308 381
642 2 2 3 20 308 377 393
643 2 2 3 20 381 308 393
644 2 2 3 20 309 310 314
645 2 2 3 20 309 314 335
646 2 2 3 20 309 335 368
647 2 2 3 20 314 310 315
648 2 2 3 20 315 310 316
649 2 2 3 20 316 310 380
650 2 2 3 20 312 311 324
651 2 2 3 20 324 311 353
652 2 2 3 20 353 311 392
653 2 2 3 20 312 324 325
654 2 2 3 20 312 325 333
655 2 2 3 20 312 333 377
656 2 2 3 20 401 313 423
657 2 2 3 20 313 420 425
658 2 2 3 20 423 313 425
659 2 2 3 20 314 315 329
660 2 2 3 20 314 329 367
661 2 2 3 20 335 314 367
662 2 2 3 20 315 316 317
663 2 2 3 20 315 317 378
664 2 2 3 20 329 315 378
665 2 2 3 20 317 316 318
666 2 2 3 20 318 316 373
667 2 2 3 20 373 316 380
668 2 2 3 20 317 318 319
669 2 2 3 20 317 319 320
670 2 2 3 20 317 320 378
671 2 2 3 20 319 318 322
672 2 2 3 20 322 318 342
673 2 2 3 20 342 318 373
674 2 2 3 20 320 319 321
675 2 2 3 20 321 319 361
676 2 2 3 20 319 322 361
677 2 2 3 20 320 321 323
678 2 2 3 20 320 323 341
679 2 2 3 20 320 341 378
680 2 2 3 20 323 321 336
681 2 2 3 20 336 321 337
682 2 2 3 20 337 321 361
683 2 2 3 20 322 342 351
684 2 2 3 20 322 351 355
685 2 2 3 20 322 355 361
686 2 2 3 20 323 336 365
687 2 2 3 20 341 323 350
688 2 2 3 20 350 323 365
689 2 2 3 20 325 324 372
690 2 2 3 20 324 353 419
691 2 2 3 20 372 324 419
692 2 2 3 20 333 325 359
693 2 2 3 20 359 325 360
694 2 2 3 20 360 325 372
695 2 2 3 20 326 328 339
696 2 2 3 20 331 326 384
697 2 2 3 20 326 339 384
698 2 2 3 20 368 327 369
699 2 2 3 20 327 368 395
700 2 2 3 20 392 327 395
701 2 2 3 20 339 328 388
702 2 2 3 20 328 376 381
703 2 2 3 20 328 381 388
704 2 2 3 20 349 329 382
705 2 2 3 20 329 349 417
706 2 2 3 20 367 329 417
707 2 2 3 20 329 378 382
708 2 2 3 20 330 363 415
709 2 2 3 20 363 330 418
710 2 2 3 20 330 364 418
711 2 2 3 20 332 331 340
712 2 2 3 20 340 331 390
713 2 2 3 20 331 384 390
714 2 2 3 20 332 340 356
715 2 2 3 20 332 356 357
716 2 2 3 20 332 357 374
717 2 2 3 20 333 359 362
718 2 2 3 20 333 362 370
719 2 2 3 20 333 370 377
720 2 2 3 20 360 334 386
721 2 2 3 20 334 360 410
722 2 2 3 20 386 334 422
723 2 2 3 20 335 367 397
724 2 2 3 20 368 335 395
725 2 2 3 20 395 335 397
726 2 2 3 20 336 337 338
727 2 2 3 20 336 338 389
728 2 2 3 20 365 336 389
729 2 2 3 20 338 337 345
730 2 2 3 20 345 337 346
731 2 2 3 20 346 337 361
732 2 2 3 20 338 345 352
733 2 2 3 20 338 352 409
734 2 2 3 20 389 338 409
735 2 2 3 20 384 339 385
736 2 2 3 20 385 339 399
737 2 2 3 20 339 388 399
738 2 2 3 20 356 340 404
739 2 2 3 20 340 390 403
740 2 2 3 20 340 403 404
741 2 2 3 20 341 350 400
742 2 2 3 20 378 341 382
743 2 2 3 20 382 341 400
744 2 2 3 20 351 342 427
745 2 2 3 20 358 342 373
746 2 2 3 20 342 358 427
747 2 2 3 20 351 343 405
748 2 2 3 20 343 351 421
749 2 2 3 20 343 402 405
750 2 2 3 20 344 356 404
751 2 2 3 20 356 344 407
752 2 2 3 20 344 404 426
753 2 2 3 20 345 346 363
754 2 2 3 20 352 345 418
755 2 2 3 20 345 363 418
756 2 2 3 20 355 346 361
757 2 2 3 20 346 355 411
758 2 2 3 20 363 346 411
759 2 2 3 20 347 352 406
760 2 2 3 20 352 347 409
761 2 2 3 20 347 375 409
762 2 2 3 20 353 348 419
763 2 2 3 20 348 396 419
764 2 2 3 20 350 365 423
765 2 2 3 20 400 350 425
766 2 2 3 20 350 423 425
767 2 2 3 20 355 351 405
768 2 2 3 20 364 352 418
769 2 2 3 20 354 353 392
770 2 2 3 20 354 392 395
771 2 2 3 20 354 395 397
772 2 2 3 20 354 397 413
773 2 2 3 20 355 405 411
774 2 2 3 20 374 357 379
775 2 2 3 20 379 357 383
776 2 2 3 20 359 360 386
777 2 2 3 20 365 401 423
778 2 2 3 20 380 366 424
779 2 2 3 20 366 414 424
780 2 2 3 20 370 371 393
781 2 2 3 20 377 370 393
782 2 2 3 20 393 371 394
783 2 2 3 20 394 371 398
784 2 2 3 20 398 371 412
785 2 2 3 20 396 372 419
786 2 2 3 20 373 380 424
787 2 2 3 20 375 389 409
788 2 2 3 20 388 381 394
789 2 2 3 20 381 393 394
790 2 2 3 20 386 422 428
791 2 2 3 20 387 400 425
792 2 2 3 20 420 387 425
793 2 2 3 20 390 391 403
794 2 2 3 20 403 391 416
795 2 2 1 21 1 438 10
796 2 2 1 21 17 439 1
797 2 2 1 21 1 551 438
798 2 2 1 21 439 551 1
799 2 2 1 21 5 540 3
800 2 2 1 21 3 430 119
801 2 2 1 21 3 540 430
802 2 2 1 21 49 467 5
803 2 2 1 21 467 540 5
804 2 2 1 21 7 532 70
805 2 2 1 21 117 433 7
806 2 2 1 21 433 532 7
807 2 2 1 21 9 509 96
808 2 2 1 21 119 573 9
809 2 2 1 21 9 573 509
810 2 2 1 21 10 565 11
811 2 2 1 21 438 454 10
812 2 2 1 21 454 565 10
813 2 2 1 21 11 476 12
814 2 2 1 21 11 484 476
815 2 2 1 21 11 565 484
816 2 2 1 21 12 563 13
817 2 2 1 21 476 477 12
818 2 2 1 21 477 563 12
819 2 2 1 21 13 429 14
820 2 2 1 21 13 515 429
821 2 2 1 21 13 563 515
822 2 2 1 21 14 562 15
823 2 2 1 21 429 442 14
824 2 2 1 21 442 562 14
825 2 2 1 21 15 478 16
826 2 2 1 21 15 480 478
827 2 2 1 21 15 562 480
828 2 2 1 21 16 564 17
829 2 2 1 21 478 485 16
830 2 2 1 21 485 564 16
831 2 2 1 21 17 459 439
832 2 2 1 21 17 564 459
833 2 2 1 21 50 518 49
834 2 2 1 21 49 518 467
835 2 2 1 21 51 434 50
836 2 2 1 21 434 518 50
837 2 2 1 21 52 544 51
838 2 2 1 21 51 544 434
839 2 2 1 21 53 486 52
840 2 2 1 21 486 544 52
841 2 2 1 21 54 570 53
842 2 2 1 21 53 570 486
843 2 2 1 21 55 448 54
844 2 2 1 21 448 570 54
845 2 2 1 21 56 541 55
846 2 2 1 21 55 541 448
847 2 2 1 21 57 566 56
848 2 2 1 21 56 566 541
849 2 2 1 21 58 560 57
850 2 2 1 21 560 566 57
851 2 2 1 21 59 488 58
852 2 2 1 21 488 530 58
853 2 2 1 21 530 560 58
854 2 2 1 21 60 436 59
855 2 2 1 21 436 488 59
856 2 2 1 21 61 556 60
857 2 2 1 21 60 556 436
858 2 2 1 21 62 526 61
859 2 2 1 21 526 556 61
860 2 2 1 21 63 440 62
861 2 2 1 21 440 526 62
862 2 2 1 21 64 561 63
863 2 2 1 21 63 561 440
864 2 2 1 21 65 576 64
865 2 2 1 21 64 576 561
866 2 2 1 21 66 462 65
867 2 2 1 21 462 576 65
868 2 2 1 21 67 536 66
869 2 2 1 21 66 536 462
870 2 2 1 21 68 431 67
871 2 2 1 21 431 536 67
872 2 2 1 21 69 517 68
873 2 2 1 21 68 517 431
874 2 2 1 21 70 452 69
875 2 2 1 21 452 517 69
876 2 2 1 21 70 532 452
877 2 2 1 21 96 550 97
878 2 2 1 21 509 550 96
879 2 2 1 21 97 435 98
880 2 2 1 21 97 550 435
881 2 2 1 21 98 545 99
882 2 2 1 21 435 545 98
883 2 2 1 21 99 482 100
884 2 2 1 21 99 545 482
885 2 2 1 21 100 571 101
886 2 2 1 21 482 571 100
887 2 2 1 21 101 449 102
888 2 2 1 21 101 571 449
889 2 2 1 21 102 542 103
890 2 2 1 21 449 542 102
891 2 2 1 21 103 567 104
892 2 2 1 21 542 567 103
893 2 2 1 21 104 559 105
894 2 2 1 21 104 567 559
895 2 2 1 21 105 489 106
896 2 2 1 21 105 533 489
897 2 2 1 21 105 559 533
898 2 2 1 21 106 437 107
899 2 2 1 21 106 489 437
900 2 2 1 21 107 507 108
901 2 2 1 21 437 507 107
902 2 2 1 21 108 557 109
903 2 2 1 21 507 557 108
904 2 2 1 21 109 441 110
905 2 2 1 21 109 557 441
906 2 2 1 21 110 558 111
907 2 2 1 21 441 558 110
908 2 2 1 21 111 578 112
909 2 2 1 21 558 578 111
910 2 2 1 21 112 461 113
911 2 2 1 21 112 578 461
912 2 2 1 21 113 543 114
913 2 2 1 21 461 543 113
914 2 2 1 21 114 432 115
915 2 2 1 21 114 543 432
916 2 2 1 21 115 523 116
917 2 2 1 21 432 523 115
918 2 2 1 21 116 524 117
919 2 2 1 21 523 524 116
920 2 2 1 21 117 524 433
921 2 2 1 21 430 573 119
922 2 2 1 21 429 443 442
923 2 2 1 21 429 444 443
924 2 2 1 21 429 515 444
925 2 2 1 21 430 540 522
926 2 2 1 21 522 573 430
927 2 2 1 21 517 547 431
928 2 2 1 21 431 575 536
929 2 2 1 21 547 575 431
930 2 2 1 21 521 529 432
931 2 2 1 21 432 543 521
932 2 2 1 21 432 529 523
933 2 2 1 21 502 532 433
934 2 2 1 21 433 579 502
935 2 2 1 21 524 579 433
936 2 2 1 21 434 549 518
937 2 2 1 21 544 574 434
938 2 2 1 21 434 574 549
939 2 2 1 21 435 546 545
940 2 2 1 21 435 552 546
941 2 2 1 21 550 552 435
942 2 2 1 21 436 548 488
943 2 2 1 21 503 548 436
944 2 2 1 21 436 556 503
945 2 2 1 21 489 490 437
946 2 2 1 21 490 491 437
947 2 2 1 21 491 507 437
948 2 2 1 21 438 455 454
949 2 2 1 21 438 456 455
950 2 2 1 21 438 551 456
951 2 2 1 21 459 460 439
952 2 2 1 21 460 506 439
953 2 2 1 21 506 551 439
954 2 2 1 21 520 526 440
955 2 2 1 21 440 535 520
956 2 2 1 21 440 561 535
957 2 2 1 21 513 528 441
958 2 2 1 21 441 557 513
959 2 2 1 21 528 558 441
960 2 2 1 21 443 555 442
961 2 2 1 21 555 572 442
962 2 2 1 21 442 572 562
963 2 2 1 21 444 445 443
964 2 2 1 21 445 446 443
965 2 2 1 21 446 555 443
966 2 2 1 21 444 447 445
967 2 2 1 21 444 453 447
968 2 2 1 21 444 515 453
969 2 2 1 21 445 519 446
970 2 2 1 21 447 450 445
971 2 2 1 21 450 519 445
972 2 2 1 21 446 519 504
973 2 2 1 21 504 534 446
974 2 2 1 21 534 555 446
975 2 2 1 21 447 451 450
976 2 2 1 21 447 510 451
977 2 2 1 21 453 510 447
978 2 2 1 21 499 512 448
979 2 2 1 21 448 541 499
980 2 2 1 21 512 553 448
981 2 2 1 21 553 570 448
982 2 2 1 21 449 501 500
983 2 2 1 21 500 542 449
984 2 2 1 21 449 554 501
985 2 2 1 21 449 571 554
986 2 2 1 21 451 463 450
987 2 2 1 21 463 464 450
988 2 2 1 21 464 519 450
989 2 2 1 21 451 465 463
990 2 2 1 21 451 466 465
991 2 2 1 21 451 510 466
992 2 2 1 21 483 511 452
993 2 2 1 21 452 532 483
994 2 2 1 21 511 517 452
995 2 2 1 21 453 516 510
996 2 2 1 21 515 537 453
997 2 2 1 21 453 537 516
998 2 2 1 21 455 499 454
999 2 2 1 21 499 539 454
1000 2 2 1 21 539 565 454
1001 2 2 1 21 456 457 455
1002 2 2 1 21 457 512 455
1003 2 2 1 21 455 512 499
1004 2 2 1 21 456 458 457
1005 2 2 1 21 456 580 458
1006 2 2 1 21 456 551 506
1007 2 2 1 21 506 580 456
1008 2 2 1 21 458 468 457
1009 2 2 1 21 468 471 457
1010 2 2 1 21 471 512 457
1011 2 2 1 21 458 469 468
1012 2 2 1 21 458 470 469
1013 2 2 1 21 458 580 470
1014 2 2 1 21 459 500 460
1015 2 2 1 21 459 538 500
1016 2 2 1 21 459 564 538
1017 2 2 1 21 500 501 460
1018 2 2 1 21 501 514 460
1019 2 2 1 21 460 514 506
1020 2 2 1 21 498 521 461
1021 2 2 1 21 461 528 498
1022 2 2 1 21 521 543 461
1023 2 2 1 21 461 578 528
1024 2 2 1 21 505 535 462
1025 2 2 1 21 462 536 505
1026 2 2 1 21 535 576 462
1027 2 2 1 21 463 483 464
1028 2 2 1 21 465 511 463
1029 2 2 1 21 463 511 483
1030 2 2 1 21 483 502 464
1031 2 2 1 21 502 527 464
1032 2 2 1 21 464 527 519
1033 2 2 1 21 466 473 465
1034 2 2 1 21 473 547 465
1035 2 2 1 21 465 547 511
1036 2 2 1 21 466 474 473
1037 2 2 1 21 466 475 474
1038 2 2 1 21 466 510 475
1039 2 2 1 21 518 569 467
1040 2 2 1 21 522 540 467
1041 2 2 1 21 467 569 522
1042 2 2 1 21 469 508 468
1043 2 2 1 21 468 549 471
1044 2 2 1 21 508 549 468
1045 2 2 1 21 470 472 469
1046 2 2 1 21 472 481 469
1047 2 2 1 21 481 508 469
1048 2 2 1 21 470 479 472
1049 2 2 1 21 470 514 479
1050 2 2 1 21 470 580 514
1051 2 2 1 21 471 553 512
1052 2 2 1 21 549 574 471
1053 2 2 1 21 471 574 553
1054 2 2 1 21 479 552 472
1055 2 2 1 21 472 487 481
1056 2 2 1 21 472 552 487
1057 2 2 1 21 474 505 473
1058 2 2 1 21 505 575 473
1059 2 2 1 21 473 575 547
1060 2 2 1 21 475 503 474
1061 2 2 1 21 503 520 474
1062 2 2 1 21 474 520 505
1063 2 2 1 21 475 548 503
1064 2 2 1 21 510 516 475
1065 2 2 1 21 516 548 475
1066 2 2 1 21 476 530 477
1067 2 2 1 21 484 560 476
1068 2 2 1 21 476 560 530
1069 2 2 1 21 530 568 477
1070 2 2 1 21 537 563 477
1071 2 2 1 21 477 568 537
1072 2 2 1 21 480 533 478
1073 2 2 1 21 478 559 485
1074 2 2 1 21 533 559 478
1075 2 2 1 21 514 577 479
1076 2 2 1 21 546 552 479
1077 2 2 1 21 479 577 546
1078 2 2 1 21 531 533 480
1079 2 2 1 21 480 572 531
1080 2 2 1 21 562 572 480
1081 2 2 1 21 487 522 481
1082 2 2 1 21 481 569 508
1083 2 2 1 21 522 569 481
1084 2 2 1 21 545 546 482
1085 2 2 1 21 546 554 482
1086 2 2 1 21 554 571 482
1087 2 2 1 21 483 532 502
1088 2 2 1 21 484 565 539
1089 2 2 1 21 539 566 484
1090 2 2 1 21 484 566 560
1091 2 2 1 21 538 564 485
1092 2 2 1 21 485 567 538
1093 2 2 1 21 559 567 485
1094 2 2 1 21 486 574 544
1095 2 2 1 21 486 570 553
1096 2 2 1 21 553 574 486
1097 2 2 1 21 509 522 487
1098 2 2 1 21 487 550 509
1099 2 2 1 21 487 552 550
1100 2 2 1 21 488 548 516
1101 2 2 1 21 516 568 488
1102 2 2 1 21 488 568 530
1103 2 2 1 21 489 531 490
1104 2 2 1 21 489 533 531
1105 2 2 1 21 490 492 491
1106 2 2 1 21 490 497 492
1107 2 2 1 21 490 531 497
1108 2 2 1 21 492 493 491
1109 2 2 1 21 493 513 491
1110 2 2 1 21 491 513 507
1111 2 2 1 21 492 494 493
1112 2 2 1 21 492 534 494
1113 2 2 1 21 497 534 492
1114 2 2 1 21 494 495 493
1115 2 2 1 21 495 498 493
1116 2 2 1 21 498 513 493
1117 2 2 1 21 494 496 495
1118 2 2 1 21 494 504 496
1119 2 2 1 21 494 534 504
1120 2 2 1 21 496 529 495
1121 2 2 1 21 495 521 498
1122 2 2 1 21 495 529 521
1123 2 2 1 21 504 527 496
1124 2 2 1 21 496 527 525
1125 2 2 1 21 525 529 496
1126 2 2 1 21 531 572 497
1127 2 2 1 21 497 555 534
1128 2 2 1 21 497 572 555
1129 2 2 1 21 498 528 513
1130 2 2 1 21 499 541 539
1131 2 2 1 21 538 542 500
1132 2 2 1 21 501 577 514
1133 2 2 1 21 554 577 501
1134 2 2 1 21 502 579 527
1135 2 2 1 21 503 526 520
1136 2 2 1 21 503 556 526
1137 2 2 1 21 519 527 504
1138 2 2 1 21 520 535 505
1139 2 2 1 21 536 575 505
1140 2 2 1 21 514 580 506
1141 2 2 1 21 513 557 507
1142 2 2 1 21 518 549 508
1143 2 2 1 21 508 569 518
1144 2 2 1 21 509 573 522
1145 2 2 1 21 511 547 517
1146 2 2 1 21 515 563 537
1147 2 2 1 21 537 568 516
1148 2 2 1 21 523 525 524
1149 2 2 1 21 523 529 525
1150 2 2 1 21 525 579 524
1151 2 2 1 21 527 579 525
1152 2 2 1 21 528 578 558
1153 2 2 1 21 561 576 535
1154 2 2 1 21 538 567 542
1155 2 2 1 21 541 566 539
1156 2 2 1 21 546 577 554
1157 4 2 10 2 603 663 674 717
1158 4 2 10 2 511 594 614 663
1159 4 2 10 2 511 465 594 663
1160 4 2 10 2 373 599 583 622
1161 4 2 10 2 348 620 204 668
1162 4 2 10 2 328 600 652 655
1163 4 2 10 2 670 688 622 726
1164 4 2 10 2 221 627 626 686
1165 4 2 10 2 300 591 301 638
1166 4 2 10 2 670 622 697 726
1167 4 2 10 2 301 300 299 591
1168 4 2 10 2 299 301 591 652
1169 4 2 10 2 26 582 659 718
1170 4 2 10 2 26 582 532 659
1171 4 2 10 2 348 620 668 705
1172 4 2 10 2 510 674 663 717
1173 4 2 10 2 301 638 591 652
1174 4 2 10 2 444 443 445 591
1175 4 2 10 2 444 443 591 716
1176 4 2 10 2 585 627 244 686
1177 4 2 10 2 250 598 524 639
1178 4 2 10 2 348 642 620 705
1179 4 2 10 2 328 381 600 655
1180 4 2 10 2 643 738 608 741
1181 4 2 10 2 608 738 619 741
1182 4 2 10 2 470 580 590 661
1183 4 2 10 2 603 674 628 717
1184 4 2 10 2 328 600 381 652
1185 4 2 10 2 204 620 257 668
1186 4 2 10 2 555 572 497 673
1187 4 2 10 2 497 612 601 658
1188 4 2 10 2 612 658 497 746
1189 4 2 10 2 547 614 589 663
1190 4 2 10 2 204 620 348 642
1191 4 2 10 2 163 610 407 715
1192 4 2 10 2 407 610 163 649
1193 4 2 10 2 591 443 656 716
1194 4 2 10 2 445 591 443 656
1195 4 2 10 2 511 614 594 647
1196 4 2 10 2 221 626 277 686
1197 4 2 10 2 216 675 619 727
1198 4 2 10 2 603 510 663 717
1199 4 2 10 2 300 635 591 638
1200 4 2 10 2 380 373 583 622
1201 4 2 10 2 615 651 599 709
1202 4 2 10 2 555 612 497 746
1203 4 2 10 2 348 419 642 705
1204 4 2 10 2 583 599 373 692
1205 4 2 10 2 26 532 582 707
1206 4 2 10 2 600 655 381 664
1207 4 2 10 2 603 663 628 674
1208 4 2 10 2 463 465 594 647
1209 4 2 10 2 590 615 458 693
1210 4 2 10 2 259 524 250 598
1211 4 2 10 2 148 544 630 694
1212 4 2 10 2 288 607 150 692
1213 4 2 10 2 221 255 627 686
1214 4 2 10 2 150 607 189 692
1215 4 2 10 2 574 630 544 694
1216 4 2 10 2 211 244 627 686
1217 4 2 10 2 580 621 590 661
1218 4 2 10 2 376 328 381 652
1219 4 2 10 2 547 589 614 689
1220 4 2 10 2 511 594 465 647
1221 4 2 10 2 149 150 189 692
1222 4 2 10 2 230 598 250 639
1223 4 2 10 2 19 623 581 634
1224 4 2 10 2 511 614 547 663
1225 4 2 10 2 484 624 583 667
1226 4 2 10 2 26 707 582 718
1227 4 2 10 2 617 621 580 661
1228 4 2 10 2 410 236 216 675
1229 4 2 10 2 463 511 465 647
1230 4 2 10 2 583 624 599 692
1231 4 2 10 2 624 692 583 712
1232 4 2 10 2 376 381 600 652
1233 4 2 10 2 523 250 524 639
1234 4 2 10 2 217 241 266 678
1235 4 2 10 2 493 738 643 741
1236 4 2 10 2 511 547 465 663
1237 4 2 10 2 412 598 208 687
1238 4 2 10 2 15 562 14 673
1239 4 2 10 2 583 692 373 712
1240 4 2 10 2 622 670 592 688
1241 4 2 10 2 484 565 11 583
1242 4 2 10 2 259 250 230 598
1243 4 2 10 2 568 699 516 740
1244 4 2 10 2 26 25 144 718
1245 4 2 10 2 26 532 433 659
1246 4 2 10 2 221 211 255 686
1247 4 2 10 2 192 614 653 689
1248 4 2 10 2 378 665 588 686
1249 4 2 10 2 149 288 150 692
1250 4 2 10 2 378 588 644 686
1251 4 2 10 2 481 581 634 671
1252 4 2 10 2 121 688 670 726
1253 4 2 10 2 390 629 589 660
1254 4 2 10 2 217 676 241 678
1255 4 2 10 2 322 599 651 709
1256 4 2 10 2 444 591 616 716
1257 4 2 10 2 673 685 14 696
1258 4 2 10 2 271 218 26 659
1259 4 2 10 2 177 614 192 689
1260 4 2 10 2 16 564 485 702
1261 4 2 10 2 176 630 597 694
1262 4 2 10 2 604 588 665 686
1263 4 2 10 2 255 626 221 627
1264 4 2 10 2 176 148 630 694
1265 4 2 10 2 469 590 458 693
1266 4 2 10 2 458 470 580 590
1267 4 2 10 2 324 608 705 713
1268 4 2 10 2 26 659 25 718
1269 4 2 10 2 595 312 705 713
1270 4 2 10 2 19 634 581 671
1271 4 2 10 2 581 623 19 676
1272 4 2 10 2 564 627 585 640
1273 4 2 10 2 371 412 598 659
1274 4 2 10 2 194 623 609 654
1275 4 2 10 2 427 607 288 692
1276 4 2 10 2 581 481 634 645
1277 4 2 10 2 390 589 331 660
1278 4 2 10 2 412 371 598 687
1279 4 2 10 2 595 705 312 711
1280 4 2 10 2 583 670 622 697
1281 4 2 10 2 547 614 517 689
1282 4 2 10 2 208 598 412 659
1283 4 2 10 2 568 596 618 682
1284 4 2 10 2 597 630 176 690
1285 4 2 10 2 348 204 243 668
1286 4 2 10 2 243 204 257 668
1287 4 2 10 2 619 642 216 727
1288 4 2 10 2 517 614 177 689
1289 4 2 10 2 564 640 585 696
1290 4 2 10 2 299 591 297 628
1291 4 2 10 2 403 593 629 660
1292 4 2 10 2 468 458 615 693
1293 4 2 10 2 271 26 433 659
1294 4 2 10 2 26 144 707 718
1295 4 2 10 2 510 603 699 717
1296 4 2 10 2 458 615 590 621
1297 4 2 10 2 10 670 697 726
1298 4 2 10 2 173 583 624 667
1299 4 2 10 2 651 709 615 725
1300 4 2 10 2 596 618 613 740
1301 4 2 10 2 565 583 484 697
1302 4 2 10 2 618 667 477 670
1303 4 2 10 2 565 11 583 697
1304 4 2 10 2 619 608 666 738
1305 4 2 10 2 568 537 596 682
1306 4 2 10 2 451 663 510 674
1307 4 2 10 2 596 613 699 740
1308 4 2 10 2 460 604 459 684
1309 4 2 10 2 349 221 277 686
1310 4 2 10 2 458 590 580 621
1311 4 2 10 2 210 605 632 678
1312 4 2 10 2 604 640 588 686
1313 4 2 10 2 591 297 628 680
1314 4 2 10 2 221 349 211 686
1315 4 2 10 2 600 450 656 674
1316 4 2 10 2 297 591 635 680
1317 4 2 10 2 587 685 673 696
1318 4 2 10 2 469 645 590 693
1319 4 2 10 2 590 621 617 661
1320 4 2 10 2 211 686 417 695
1321 4 2 10 2 600 647 450 674
1322 4 2 10 2 426 649 167 728
1323 4 2 10 2 19 274 272 676
1324 4 2 10 2 297 591 300 635
1325 4 2 10 2 164 649 610 745
1326 4 2 10 2 150 607 288 720
1327 4 2 10 2 10 121 670 726
1328 4 2 10 2 178 631 154 683
1329 4 2 10 2 241 650 266 678
1330 4 2 10 2 324 705 312 713
1331 4 2 10 2 569 634 481 645
1332 4 2 10 2 179 649 662 728
1333 4 2 10 2 230 208 267 659
1334 4 2 10 2 14 673 562 716
1335 4 2 10 2 595 705 608 713
1336 4 2 10 2 127 18 19 623
1337 4 2 10 2 555 673 612 716
1338 4 2 10 2 297 299 300 591
1339 4 2 10 2 640 644 588 686
1340 4 2 10 2 208 598 230 687
1341 4 2 10 2 450 600 464 647
1342 4 2 10 2 583 624 484 697
1343 4 2 10 2 15 673 14 696
1344 4 2 10 2 267 259 230 659
1345 4 2 10 2 173 624 155 667
1346 4 2 10 2 591 656 612 716
1347 4 2 10 2 404 593 403 660
1348 4 2 10 2 211 627 255 686
1349 4 2 10 2 481 634 522 671
1350 4 2 10 2 581 671 217 676
1351 4 2 10 2 464 600 450 656
1352 4 2 10 2 190 610 163 715
1353 4 2 10 2 547 575 473 589
1354 4 2 10 2 599 622 316 651
1355 4 2 10 2 306 635 300 638
1356 4 2 10 2 309 592 310 677
1357 4 2 10 2 472 661 645 678
1358 4 2 10 2 613 618 596 683
1359 4 2 10 2 219 285 605 650
1360 4 2 10 2 219 605 285 648
1361 4 2 10 2 167 649 179 728
1362 4 2 10 2 444 445 447 591
1363 4 2 10 2 137 623 194 654
1364 4 2 10 2 294 584 302 677
1365 4 2 10 2 139 283 692 712
1366 4 2 10 2 121 592 670 688
1367 4 2 10 2 194 609 623 634
1368 4 2 10 2 466 603 510 663
1369 4 2 10 2 470 458 469 590
1370 4 2 10 2 356 610 407 649
1371 4 2 10 2 612 638 635 711
1372 4 2 10 2 217 581 676 678
1373 4 2 10 2 306 635 638 711
1374 4 2 10 2 403 629 340 660
1375 4 2 10 2 607 692 427 709
1376 4 2 10 2 607 599 692 709
1377 4 2 10 2 286 216 642 727
1378 4 2 10 2 178 292 631 683
1379 4 2 10 2 316 599 373 622
1380 4 2 10 2 604 640 459 684
1381 4 2 10 2 296 628 298 680
1382 4 2 10 2 219 249 605 648
1383 4 2 10 2 210 632 435 678
1384 4 2 10 2 350 423 586 672
1385 4 2 10 2 163 610 190 649
1386 4 2 10 2 19 671 581 676
1387 4 2 10 2 426 404 649 728
1388 4 2 10 2 607 599 709 742
1389 4 2 10 2 348 668 353 705
1390 4 2 10 2 614 663 594 732
1391 4 2 10 2 371 398 412 659
1392 4 2 10 2 137 170 194 623
1393 4 2 10 2 371 659 598 664
1394 4 2 10 2 371 394 659 664
1395 4 2 10 2 419 608 642 705
1396 4 2 10 2 407 610 356 715
1397 4 2 10 2 296 628 680 710
1398 4 2 10 2 547 575 589 689
1399 4 2 10 2 11 484 583 670
1400 4 2 10 2 490 497 531 601
1401 4 2 10 2 615 709 599 742
1402 4 2 10 2 12 584 670 685
1403 4 2 10 2 589 663 614 732
1404 4 2 10 2 328 303 326 594
1405 4 2 10 2 214 224 263 741
1406 4 2 10 2 393 598 370 625
1407 4 2 10 2 370 625 598 687
1408 4 2 10 2 241 676 650 678
1409 4 2 10 2 302 680 636 703
1410 4 2 10 2 494 643 708 719
1411 4 2 10 2 524 598 259 659
1412 4 2 10 2 72 217 671 676
1413 4 2 10 2 72 272 274 676
1414 4 2 10 2 586 632 554 737
1415 4 2 10 2 490 497 601 658
1416 4 2 10 2 579 598 524 659
1417 4 2 10 2 592 622 310 677
1418 4 2 10 2 477 12 563 682
1419 4 2 10 2 595 625 307 713
1420 4 2 10 2 325 608 324 713
1421 4 2 10 2 419 642 608 727
1422 4 2 10 2 164 526 610 700
1423 4 2 10 2 398 371 394 659
1424 4 2 10 2 423 648 586 672
1425 4 2 10 2 333 602 359 666
1426 4 2 10 2 164 610 526 745
1427 4 2 10 2 359 602 633 666
1428 4 2 10 2 210 605 249 632
1429 4 2 10 2 554 632 586 724
1430 4 2 10 2 463 465 451 594
1431 4 2 10 2 318 322 599 651
1432 4 2 10 2 591 635 612 638
1433 4 2 10 2 164 610 190 700
1434 4 2 10 2 516 568 537 596
1435 4 2 10 2 219 249 242 605
1436 4 2 10 2 214 263 642 741
1437 4 2 10 2 303 594 328 652
1438 4 2 10 2 487 472 645 678
1439 4 2 10 2 173 624 583 712
1440 4 2 10 2 172 613 383 683
1441 4 2 10 2 612 656 443 716
1442 4 2 10 2 423 350 586 648
1443 4 2 10 2 72 241 217 676
1444 4 2 10 2 172 132 383 613
1445 4 2 10 2 296 298 297 680
1446 4 2 10 2 647 652 600 655
1447 4 2 10 2 586 554 669 737
1448 4 2 10 2 154 631 618 683
1449 4 2 10 2 326 328 594 655
1450 4 2 10 2 588 316 622 651
1451 4 2 10 2 636 680 584 703
1452 4 2 10 2 340 404 403 660
1453 4 2 10 2 444 616 591 717
1454 4 2 10 2 217 671 581 678
1455 4 2 10 2 459 460 500 604
1456 4 2 10 2 288 607 427 720
1457 4 2 10 2 299 297 298 628
1458 4 2 10 2 19 272 671 676
1459 4 2 10 2 574 597 630 694
1460 4 2 10 2 594 652 647 655
1461 4 2 10 2 307 625 595 638
1462 4 2 10 2 331 660 589 681
1463 4 2 10 2 468 458 457 615
1464 4 2 10 2 404 649 593 660
1465 4 2 10 2 498 738 493 741
1466 4 2 10 2 584 636 302 677
1467 4 2 10 2 451 594 465 663
1468 4 2 10 2 327 587 368 635
1469 4 2 10 2 376 600 308 638
1470 4 2 10 2 400 604 626 721
1471 4 2 10 2 298 628 297 680
1472 4 2 10 2 219 605 242 650
1473 4 2 10 2 394 659 664 718
1474 4 2 10 2 325 666 608 713
1475 4 2 10 2 583 622 599 697
1476 4 2 10 2 370 393 371 598
1477 4 2 10 2 340 390 331 660
1478 4 2 10 2 591 628 299 652
1479 4 2 10 2 535 662 593 723
1480 4 2 10 2 470 590 469 661
1481 4 2 10 2 333 687 602 713
1482 4 2 10 2 210 242 249 605
1483 4 2 10 2 316 588 317 651
1484 4 2 10 2 370 598 371 687
1485 4 2 10 2 592 670 622 677
1486 4 2 10 2 398 659 394 718
1487 4 2 10 2 403 593 404 728
1488 4 2 10 2 370 625 687 713
1489 4 2 10 2 390 340 629 660
1490 4 2 10 2 445 447 591 674
1491 4 2 10 2 304 603 628 710
1492 4 2 10 2 164 146 649 745
1493 4 2 10 2 444 591 447 717
1494 4 2 10 2 380 677 583 712
1495 4 2 10 2 400 604 382 626
1496 4 2 10 2 304 628 603 681
1497 4 2 10 2 367 641 585 644
1498 4 2 10 2 532 582 433 659
1499 4 2 10 2 310 622 592 644
1500 4 2 10 2 249 632 605 648
1501 4 2 10 2 439 551 588 726
1502 4 2 10 2 607 189 692 729
1503 4 2 10 2 189 182 692 729
1504 4 2 10 2 484 667 583 670
1505 4 2 10 2 294 302 584 703
1506 4 2 10 2 490 620 601 722
1507 4 2 10 2 628 663 594 674
1508 4 2 10 2 149 182 139 692
1509 4 2 10 2 172 186 132 613
1510 4 2 10 2 403 629 593 728
1511 4 2 10 2 18 19 623 676
1512 4 2 10 2 380 622 583 677
1513 4 2 10 2 185 164 146 649
1514 4 2 10 2 382 604 400 721
1515 4 2 10 2 439 588 551 684
1516 4 2 10 2 328 652 594 655
1517 4 2 10 2 382 277 626 686
1518 4 2 10 2 531 490 601 722
1519 4 2 10 2 494 595 643 719
1520 4 2 10 2 327 587 635 704
1521 4 2 10 2 242 605 210 678
1522 4 2 10 2 481 569 522 634
1523 4 2 10 2 302 636 584 703
1524 4 2 10 2 382 626 604 686
1525 4 2 10 2 310 309 314 592
1526 4 2 10 2 149 189 182 692
1527 4 2 10 2 601 620 490 658
1528 4 2 10 2 377 307 625 713
1529 4 2 10 2 551 621 588 726
1530 4 2 10 2 370 687 333 713
1531 4 2 10 2 579 598 659 691
1532 4 2 10 2 164 440 146 745
1533 4 2 10 2 337 590 637 725
1534 4 2 10 2 26 218 25 659
1535 4 2 10 2 390 331 589 732
1536 4 2 10 2 549 471 574 597
1537 4 2 10 2 437 620 224 741
1538 4 2 10 2 412 208 229 687
1539 4 2 10 2 538 485 564 627
1540 4 2 10 2 600 638 376 652
1541 4 2 10 2 531 497 572 673
1542 4 2 10 2 333 362 359 602
1543 4 2 10 2 359 602 362 633
1544 4 2 10 2 510 603 466 699
1545 4 2 10 2 468 615 457 714
1546 4 2 10 2 451 466 510 663
1547 4 2 10 2 368 641 636 736
1548 4 2 10 2 368 587 327 704
1549 4 2 10 2 515 616 444 717
1550 4 2 10 2 547 589 473 663
1551 4 2 10 2 468 693 615 714
1552 4 2 10 2 178 154 172 683
1553 4 2 10 2 602 687 625 713
1554 4 2 10 2 255 626 627 701
1555 4 2 10 2 483 614 647 707
1556 4 2 10 2 390 589 653 732
1557 4 2 10 2 593 662 649 728
1558 4 2 10 2 311 312 705 711
1559 4 2 10 2 176 654 597 690
1560 4 2 10 2 390 589 629 653
1561 4 2 10 2 494 658 595 746
1562 4 2 10 2 588 621 551 684
1563 4 2 10 2 199 26 144 707
1564 4 2 10 2 321 337 590 730
1565 4 2 10 2 309 636 592 677
1566 4 2 10 2 322 709 651 725
1567 4 2 10 2 549 471 597 693
1568 4 2 10 2 121 592 122 670
1569 4 2 10 2 173 583 667 712
1570 4 2 10 2 615 621 458 747
1571 4 2 10 2 494 708 496 719
1572 4 2 10 2 137 415 623 654
1573 4 2 10 2 314 310 592 644
1574 4 2 10 2 232 646 606 698
1575 4 2 10 2 244 627 585 702
1576 4 2 10 2 419 372 642 727
1577 4 2 10 2 555 572 673 716
1578 4 2 10 2 321 590 337 725
1579 4 2 10 2 178 172 292 683
1580 4 2 10 2 376 381 308 600
1581 4 2 10 2 609 654 623 735
1582 4 2 10 2 618 683 613 740
1583 4 2 10 2 487 645 581 678
1584 4 2 10 2 579 659 433 691
1585 4 2 10 2 189 607 150 720
1586 4 2 10 2 494 534 658 746
1587 4 2 10 2 487 581 481 671
1588 4 2 10 2 451 463 594 674
1589 4 2 10 2 593 649 404 728
1590 4 2 10 2 368 587 704 736
1591 4 2 10 2 469 458 468 693
1592 4 2 10 2 487 481 581 645
1593 4 2 10 2 360 666 606 727
1594 4 2 10 2 427 692 342 709
1595 4 2 10 2 309 592 636 641
1596 4 2 10 2 350 425 423 672
1597 4 2 10 2 419 324 608 705
1598 4 2 10 2 597 654 176 694
1599 4 2 10 2 531 601 497 673
1600 4 2 10 2 647 655 600 664
1601 4 2 10 2 417 585 367 695
1602 4 2 10 2 321 590 725 730
1603 4 2 10 2 204 263 620 642
1604 4 2 10 2 72 671 272 676
1605 4 2 10 2 590 645 469 661
1606 4 2 10 2 232 233 262 606
1607 4 2 10 2 515 682 616 717
1608 4 2 10 2 205 648 313 672
1609 4 2 10 2 598 639 230 687
1610 4 2 10 2 164 190 141 700
1611 4 2 10 2 127 125 22 634
1612 4 2 10 2 296 683 596 703
1613 4 2 10 2 473 589 575 679
1614 4 2 10 2 294 631 584 677
1615 4 2 10 2 584 636 616 680
1616 4 2 10 2 186 613 172 683
1617 4 2 10 2 368 635 587 636
1618 4 2 10 2 338 650 409 676
1619 4 2 10 2 303 326 594 681
1620 4 2 10 2 11 670 583 697
1621 4 2 10 2 163 407 160 715
1622 4 2 10 2 594 628 303 681
1623 4 2 10 2 232 606 262 698
1624 4 2 10 2 196 137 330 623
1625 4 2 10 2 398 208 412 659
1626 4 2 10 2 307 595 312 711
1627 4 2 10 2 233 606 232 646
1628 4 2 10 2 154 683 618 740
1629 4 2 10 2 574 549 597 694
1630 4 2 10 2 314 592 309 641
1631 4 2 10 2 417 686 585 695
1632 4 2 10 2 312 595 307 713
1633 4 2 10 2 645 661 581 678
1634 4 2 10 2 285 605 389 648
1635 4 2 10 2 214 260 235 741
1636 4 2 10 2 306 704 635 711
1637 4 2 10 2 628 699 603 717
1638 4 2 10 2 177 614 517 707
1639 4 2 10 2 592 584 670 677
1640 4 2 10 2 208 230 229 687
1641 4 2 10 2 337 637 590 657
1642 4 2 10 2 390 653 384 732
1643 4 2 10 2 20 125 19 671
1644 4 2 10 2 511 483 614 647
1645 4 2 10 2 368 636 587 736
1646 4 2 10 2 477 667 476 670
1647 4 2 10 2 599 624 583 697
1648 4 2 10 2 199 532 26 707
1649 4 2 10 2 619 666 606 738
1650 4 2 10 2 596 680 628 710
1651 4 2 10 2 151 189 150 720
1652 4 2 10 2 230 598 208 659
1653 4 2 10 2 511 614 483 707
1654 4 2 10 2 460 604 684 744
1655 4 2 10 2 214 507 224 741
1656 4 2 10 2 151 607 189 720
1657 4 2 10 2 211 349 417 686
1658 4 2 10 2 378 604 665 686
1659 4 2 10 2 393 598 625 664
1660 4 2 10 2 466 603 475 699
1661 4 2 10 2 186 683 154 740
1662 4 2 10 2 439 688 1 726
1663 4 2 10 2 364 18 623 676
1664 4 2 10 2 587 673 611 696
1665 4 2 10 2 337 657 590 730
1666 4 2 10 2 514 580 617 621
1667 4 2 10 2 259 598 230 659
1668 4 2 10 2 360 359 606 666
1669 4 2 10 2 494 643 595 658
1670 4 2 10 2 360 606 675 727
1671 4 2 10 2 602 666 333 713
1672 4 2 10 2 626 627 604 686
1673 4 2 10 2 624 692 182 729
1674 4 2 10 2 507 437 224 741
1675 4 2 10 2 362 602 333 687
1676 4 2 10 2 569 609 634 645
1677 4 2 10 2 122 670 592 685
1678 4 2 10 2 529 495 602 708
1679 4 2 10 2 584 667 618 670
1680 4 2 10 2 294 302 305 677
1681 4 2 10 2 318 599 316 651
1682 4 2 10 2 442 14 562 716
1683 4 2 10 2 505 535 593 723
1684 4 2 10 2 216 619 258 642
1685 4 2 10 2 308 600 381 664
1686 4 2 10 2 514 506 580 621
1687 4 2 10 2 502 433 532 582
1688 4 2 10 2 494 595 719 746
1689 4 2 10 2 464 691 600 719
1690 4 2 10 2 368 335 636 641
1691 4 2 10 2 356 649 404 660
1692 4 2 10 2 458 457 615 747
1693 4 2 10 2 317 588 378 665
1694 4 2 10 2 498 493 513 741
1695 4 2 10 2 647 652 594 674
1696 4 2 10 2 574 597 471 714
1697 4 2 10 2 494 643 496 708
1698 4 2 10 2 596 683 296 710
1699 4 2 10 2 205 313 237 672
1700 4 2 10 2 635 636 369 680
1701 4 2 10 2 439 588 688 726
1702 4 2 10 2 205 648 672 737
1703 4 2 10 2 12 13 584 685
1704 4 2 10 2 308 625 600 664
1705 4 2 10 2 403 390 340 629
1706 4 2 10 2 348 278 353 668
1707 4 2 10 2 214 642 260 741
1708 4 2 10 2 369 636 302 680
1709 4 2 10 2 194 654 609 694
1710 4 2 10 2 603 663 466 743
1711 4 2 10 2 478 480 15 611
1712 4 2 10 2 589 653 614 689
1713 4 2 10 2 595 658 608 705
1714 4 2 10 2 597 654 411 690
1715 4 2 10 2 635 704 612 711
1716 4 2 10 2 471 468 457 714
1717 4 2 10 2 445 591 656 674
1718 4 2 10 2 575 679 589 689
1719 4 2 10 2 643 666 608 738
1720 4 2 10 2 593 662 535 745
1721 4 2 10 2 605 632 552 724
1722 4 2 10 2 315 588 316 622
1723 4 2 10 2 303 628 594 652
1724 4 2 10 2 394 582 388 718
1725 4 2 10 2 557 214 235 741
1726 4 2 10 2 393 371 598 664
1727 4 2 10 2 260 216 258 642
1728 4 2 10 2 525 639 598 708
1729 4 2 10 2 235 619 557 741
1730 4 2 10 2 405 597 411 690
1731 4 2 10 2 460 500 604 744
1732 4 2 10 2 356 610 649 660
1733 4 2 10 2 584 631 294 703
1734 4 2 10 2 621 726 551 747
1735 4 2 10 2 335 641 368 736
1736 4 2 10 2 547 517 431 689
1737 4 2 10 2 172 383 279 683
1738 4 2 10 2 430 540 20 671
1739 4 2 10 2 636 641 587 736
1740 4 2 10 2 243 278 348 668
1741 4 2 10 2 525 524 579 598
1742 4 2 10 2 600 625 308 638
1743 4 2 10 2 439 640 588 684
1744 4 2 10 2 587 641 592 696
1745 4 2 10 2 390 384 331 732
1746 4 2 10 2 365 389 605 648
1747 4 2 10 2 626 672 425 721
1748 4 2 10 2 358 427 288 692
1749 4 2 10 2 606 633 359 734
1750 4 2 10 2 439 588 640 688
1751 4 2 10 2 595 708 643 719
1752 4 2 10 2 260 258 619 642
1753 4 2 10 2 413 695 397 736
1754 4 2 10 2 18 274 19 676
1755 4 2 10 2 433 579 524 659
1756 4 2 10 2 519 464 450 656
1757 4 2 10 2 447 591 674 717
1758 4 2 10 2 581 661 657 678
1759 4 2 10 2 495 643 602 708
1760 4 2 10 2 337 637 361 725
1761 4 2 10 2 354 601 353 668
1762 4 2 10 2 529 639 602 738
1763 4 2 10 2 600 652 647 674
1764 4 2 10 2 592 670 584 685
1765 4 2 10 2 549 693 597 694
1766 4 2 10 2 378 604 341 665
1767 4 2 10 2 557 235 203 619
1768 4 2 10 2 164 526 440 745
1769 4 2 10 2 368 704 395 736
1770 4 2 10 2 557 203 441 619
1771 4 2 10 2 439 1 551 726
1772 4 2 10 2 341 378 382 604
1773 4 2 10 2 611 641 587 696
1774 4 2 10 2 616 636 635 680
1775 4 2 10 2 495 529 602 738
1776 4 2 10 2 575 505 679 689
1777 4 2 10 2 407 356 287 715
1778 4 2 10 2 296 680 596 710
1779 4 2 10 2 188 177 517 707
1780 4 2 10 2 389 605 285 650
1781 4 2 10 2 205 672 237 737
1782 4 2 10 2 453 596 537 682
1783 4 2 10 2 480 15 611 673
1784 4 2 10 2 376 638 301 652
1785 4 2 10 2 608 643 595 713
1786 4 2 10 2 538 627 564 640
1787 4 2 10 2 304 603 332 681
1788 4 2 10 2 317 316 315 588
1789 4 2 10 2 125 634 19 671
1790 4 2 10 2 605 657 661 678
1791 4 2 10 2 177 158 192 614
1792 4 2 10 2 257 204 263 620
1793 4 2 10 2 380 316 373 622
1794 4 2 10 2 126 364 18 623
1795 4 2 10 2 598 691 579 708
1796 4 2 10 2 149 139 358 692
1797 4 2 10 2 519 600 464 656
1798 4 2 10 2 338 581 650 676
1799 4 2 10 2 164 141 526 700
1800 4 2 10 2 306 300 301 638
1801 4 2 10 2 158 192 614 653
1802 4 2 10 2 208 398 270 659
1803 4 2 10 2 603 679 663 743
1804 4 2 10 2 185 163 190 649
1805 4 2 10 2 474 466 663 743
1806 4 2 10 2 376 308 301 638
1807 4 2 10 2 127 22 623 634
1808 4 2 10 2 471 693 468 714
1809 4 2 10 2 367 585 329 644
1810 4 2 10 2 581 676 338 735
1811 4 2 10 2 307 308 625 638
1812 4 2 10 2 330 137 415 623
1813 4 2 10 2 270 659 398 718
1814 4 2 10 2 413 668 695 736
1815 4 2 10 2 358 139 283 692
1816 4 2 10 2 358 288 149 692
1817 4 2 10 2 451 594 663 674
1818 4 2 10 2 601 353 668 705
1819 4 2 10 2 295 680 302 703
1820 4 2 10 2 463 647 594 674
1821 4 2 10 2 544 148 138 694
1822 4 2 10 2 298 628 296 710
1823 4 2 10 2 120 123 592 688
1824 4 2 10 2 283 373 692 712
1825 4 2 10 2 514 621 617 684
1826 4 2 10 2 482 554 632 737
1827 4 2 10 2 281 18 364 676
1828 4 2 10 2 394 664 582 718
1829 4 2 10 2 229 282 412 687
1830 4 2 10 2 194 609 166 694
1831 4 2 10 2 363 623 415 654
1832 4 2 10 2 10 670 11 697
1833 4 2 10 2 591 635 616 716
1834 4 2 10 2 329 585 417 686
1835 4 2 10 2 505 593 535 745
1836 4 2 10 2 502 579 433 691
1837 4 2 10 2 601 658 612 711
1838 4 2 10 2 441 619 203 646
1839 4 2 10 2 629 679 593 723
1840 4 2 10 2 514 506 621 684
1841 4 2 10 2 194 171 654 694
1842 4 2 10 2 326 655 594 732
1843 4 2 10 2 587 592 685 696
1844 4 2 10 2 177 192 142 689
1845 4 2 10 2 151 189 607 733
1846 4 2 10 2 650 676 581 678
1847 4 2 10 2 378 382 604 686
1848 4 2 10 2 629 689 679 723
1849 4 2 10 2 601 392 705 711
1850 4 2 10 2 158 653 614 731
1851 4 2 10 2 368 327 395 704
1852 4 2 10 2 487 472 481 645
1853 4 2 10 2 574 630 597 714
1854 4 2 10 2 205 401 313 648
1855 4 2 10 2 485 627 567 702
1856 4 2 10 2 350 425 672 721
1857 4 2 10 2 244 585 695 702
1858 4 2 10 2 539 484 624 697
1859 4 2 10 2 359 633 606 666
1860 4 2 10 2 309 636 335 641
1861 4 2 10 2 350 672 586 721
1862 4 2 10 2 388 582 394 664
1863 4 2 10 2 620 658 608 741
1864 4 2 10 2 264 639 633 687
1865 4 2 10 2 446 443 612 656
1866 4 2 10 2 591 680 628 717
1867 4 2 10 2 591 612 635 716
1868 4 2 10 2 337 637 657 735
1869 4 2 10 2 582 647 614 707
1870 4 2 10 2 396 348 419 642
1871 4 2 10 2 595 643 708 713
1872 4 2 10 2 590 637 615 693
1873 4 2 10 2 316 318 373 599
1874 4 2 10 2 351 607 427 709
1875 4 2 10 2 474 663 679 743
1876 4 2 10 2 20 634 125 671
1877 4 2 10 2 623 654 363 735
1878 4 2 10 2 583 622 670 677
1879 4 2 10 2 555 442 572 716
1880 4 2 10 2 365 285 389 648
1881 4 2 10 2 154 631 173 667
1882 4 2 10 2 489 225 224 620
1883 4 2 10 2 586 648 350 721
1884 4 2 10 2 478 533 480 611
1885 4 2 10 2 589 679 629 689
1886 4 2 10 2 471 597 693 714
1887 4 2 10 2 442 562 673 716
1888 4 2 10 2 584 13 682 685
1889 4 2 10 2 341 604 382 721
1890 4 2 10 2 586 669 554 744
1891 4 2 10 2 516 537 453 596
1892 4 2 10 2 351 427 607 720
1893 4 2 10 2 388 655 582 664
1894 4 2 10 2 431 517 177 689
1895 4 2 10 2 596 680 296 703
1896 4 2 10 2 154 618 631 667
1897 4 2 10 2 158 614 177 707
1898 4 2 10 2 604 500 627 701
1899 4 2 10 2 326 594 681 732
1900 4 2 10 2 264 633 228 687
1901 4 2 10 2 176 630 183 690
1902 4 2 10 2 411 597 637 654
1903 4 2 10 2 478 611 15 696
1904 4 2 10 2 525 598 579 708
1905 4 2 10 2 370 362 333 687
1906 4 2 10 2 226 695 611 702
1907 4 2 10 2 304 303 628 681
1908 4 2 10 2 603 710 332 739
1909 4 2 10 2 233 262 606 734
1910 4 2 10 2 518 609 166 634
1911 4 2 10 2 592 636 584 677
1912 4 2 10 2 557 507 214 741
1913 4 2 10 2 324 608 325 727
1914 4 2 10 2 367 585 641 695
1915 4 2 10 2 587 636 592 641
1916 4 2 10 2 253 203 619 646
1917 4 2 10 2 329 367 417 585
1918 4 2 10 2 183 176 148 630
1919 4 2 10 2 331 681 589 732
1920 4 2 10 2 594 647 614 655
1921 4 2 10 2 554 724 586 744
1922 4 2 10 2 456 458 621 747
1923 4 2 10 2 489 224 437 620
1924 4 2 10 2 679 689 505 723
1925 4 2 10 2 433 259 271 659
1926 4 2 10 2 592 641 314 644
1927 4 2 10 2 599 607 692 742
1928 4 2 10 2 426 167 290 728
1929 4 2 10 2 494 719 504 746
1930 4 2 10 2 353 601 392 705
1931 4 2 10 2 631 677 366 712
1932 4 2 10 2 491 658 620 741
1933 4 2 10 2 203 558 441 646
1934 4 2 10 2 242 650 605 678
1935 4 2 10 2 378 588 315 644
1936 4 2 10 2 167 179 145 728
1937 4 2 10 2 581 634 609 645
1938 4 2 10 2 270 240 659 718
1939 4 2 10 2 620 642 608 705
1940 4 2 10 2 262 633 606 734
1941 4 2 10 2 612 673 587 716
1942 4 2 10 2 315 588 622 644
1943 4 2 10 2 354 392 353 601
1944 4 2 10 2 539 565 484 697
1945 4 2 10 2 396 204 348 642
1946 4 2 10 2 637 709 355 725
1947 4 2 10 2 356 715 610 739
1948 4 2 10 2 354 601 668 736
1949 4 2 10 2 628 680 596 717
1950 4 2 10 2 177 142 431 689
1951 4 2 10 2 510 466 475 699
1952 4 2 10 2 124 20 540 634
1953 4 2 10 2 355 411 597 637
1954 4 2 10 2 477 476 12 670
1955 4 2 10 2 383 613 132 715
1956 4 2 10 2 153 128 530 618
1957 4 2 10 2 426 290 404 728
1958 4 2 10 2 190 163 160 715
1959 4 2 10 2 615 709 637 725
1960 4 2 10 2 453 515 444 717
1961 4 2 10 2 389 605 657 706
1962 4 2 10 2 581 671 487 678
1963 4 2 10 2 158 157 653 731
1964 4 2 10 2 475 603 466 743
1965 4 2 10 2 354 704 601 736
1966 4 2 10 2 407 163 131 649
1967 4 2 10 2 560 566 484 667
1968 4 2 10 2 548 740 699 743
1969 4 2 10 2 612 711 658 746
1970 4 2 10 2 605 552 661 724
1971 4 2 10 2 151 607 720 733
1972 4 2 10 2 123 592 688 696
1973 4 2 10 2 218 271 259 659
1974 4 2 10 2 386 359 633 734
1975 4 2 10 2 315 378 317 588
1976 4 2 10 2 442 673 572 716
1977 4 2 10 2 453 682 515 717
1978 4 2 10 2 540 634 20 671
1979 4 2 10 2 582 655 647 664
1980 4 2 10 2 645 657 581 661
1981 4 2 10 2 453 596 682 717
1982 4 2 10 2 325 324 312 713
1983 4 2 10 2 308 377 307 625
1984 4 2 10 2 120 122 592 685
1985 4 2 10 2 200 611 226 722
1986 4 2 10 2 317 651 588 665
1987 4 2 10 2 607 714 733 742
1988 4 2 10 2 597 690 405 709
1989 4 2 10 2 589 603 660 679
1990 4 2 10 2 602 708 643 713
1991 4 2 10 2 388 381 655 664
1992 4 2 10 2 156 284 391 629
1993 4 2 10 2 606 633 262 698
1994 4 2 10 2 653 731 385 732
1995 4 2 10 2 611 673 15 696
1996 4 2 10 2 544 138 434 694
1997 4 2 10 2 478 611 696 702
1998 4 2 10 2 589 660 603 681
1999 4 2 10 2 186 613 683 740
2000 4 2 10 2 255 211 244 627
2001 4 2 10 2 566 539 484 624
2002 4 2 10 2 361 637 355 725
2003 4 2 10 2 516 596 453 717
2004 4 2 10 2 662 723 180 728
2005 4 2 10 2 240 208 270 659
2006 4 2 10 2 156 391 134 629
2007 4 2 10 2 319 651 665 730
2008 4 2 10 2 567 627 227 702
2009 4 2 10 2 574 544 434 694
2010 4 2 10 2 392 601 354 704
2011 4 2 10 2 352 338 409 676
2012 4 2 10 2 292 172 279 683
2013 4 2 10 2 205 237 256 737
2014 4 2 10 2 454 697 742 747
2015 4 2 10 2 400 382 277 626
2016 4 2 10 2 228 633 408 687
2017 4 2 10 2 591 652 638 656
2018 4 2 10 2 548 700 740 743
2019 4 2 10 2 154 186 172 683
2020 4 2 10 2 601 704 392 711
2021 4 2 10 2 591 638 612 656
2022 4 2 10 2 155 566 560 667
2023 4 2 10 2 307 638 595 711
2024 4 2 10 2 180 179 662 728
2025 4 2 10 2 458 456 457 747
2026 4 2 10 2 220 482 545 632
2027 4 2 10 2 516 699 596 717
2028 4 2 10 2 296 293 683 703
2029 4 2 10 2 538 564 459 640
2030 4 2 10 2 304 628 374 710
2031 4 2 10 2 533 611 478 702
2032 4 2 10 2 467 518 197 634
2033 4 2 10 2 324 311 312 705
2034 4 2 10 2 583 677 631 712
2035 4 2 10 2 244 227 627 702
2036 4 2 10 2 389 365 605 706
2037 4 2 10 2 287 160 407 715
2038 4 2 10 2 581 338 650 657
2039 4 2 10 2 454 697 624 742
2040 4 2 10 2 196 170 137 623
2041 4 2 10 2 373 599 318 692
2042 4 2 10 2 473 663 589 679
2043 4 2 10 2 483 647 582 707
2044 4 2 10 2 433 524 259 659
2045 4 2 10 2 319 725 651 730
2046 4 2 10 2 582 388 718 731
2047 4 2 10 2 494 534 492 658
2048 4 2 10 2 604 341 665 721
2049 4 2 10 2 286 216 234 642
2050 4 2 10 2 154 618 153 740
2051 4 2 10 2 146 561 168 662
2052 4 2 10 2 203 239 558 646
2053 4 2 10 2 611 695 668 736
2054 4 2 10 2 495 496 643 708
2055 4 2 10 2 369 635 368 636
2056 4 2 10 2 464 600 519 719
2057 4 2 10 2 226 611 200 702
2058 4 2 10 2 386 633 289 734
2059 4 2 10 2 146 662 649 745
2060 4 2 10 2 375 285 209 650
2061 4 2 10 2 517 614 452 707
2062 4 2 10 2 560 128 155 667
2063 4 2 10 2 265 633 264 639
2064 4 2 10 2 616 680 591 717
2065 4 2 10 2 290 167 145 728
2066 4 2 10 2 362 633 602 687
2067 4 2 10 2 146 440 561 662
2068 4 2 10 2 576 161 129 662
2069 4 2 10 2 319 665 320 730
2070 4 2 10 2 338 657 581 735
2071 4 2 10 2 604 627 626 701
2072 4 2 10 2 413 668 251 695
2073 4 2 10 2 314 641 367 644
2074 4 2 10 2 517 452 188 707
2075 4 2 10 2 482 669 554 737
2076 4 2 10 2 143 170 22 634
2077 4 2 10 2 330 126 21 623
2078 4 2 10 2 529 521 639 738
2079 4 2 10 2 223 626 669 672
2080 4 2 10 2 555 446 443 612
2081 4 2 10 2 200 702 611 722
2082 4 2 10 2 213 669 571 737
2083 4 2 10 2 493 492 491 658
2084 4 2 10 2 607 733 729 742
2085 4 2 10 2 178 173 154 631
2086 4 2 10 2 587 673 612 704
2087 4 2 10 2 581 623 609 634
2088 4 2 10 2 188 158 177 707
2089 4 2 10 2 531 601 673 722
2090 4 2 10 2 411 405 355 597
2091 4 2 10 2 253 646 619 675
2092 4 2 10 2 325 608 666 727
2093 4 2 10 2 120 592 123 696
2094 4 2 10 2 157 385 653 731
2095 4 2 10 2 568 516 488 740
2096 4 2 10 2 232 461 646 698
2097 4 2 10 2 332 710 374 739
2098 4 2 10 2 120 121 123 688
2099 4 2 10 2 610 743 503 745
2100 4 2 10 2 500 701 604 744
2101 4 2 10 2 613 699 740 743
2102 4 2 10 2 170 623 22 634
2103 4 2 10 2 173 182 624 712
2104 4 2 10 2 593 679 505 723
2105 4 2 10 2 587 635 616 636
2106 4 2 10 2 400 626 425 721
2107 4 2 10 2 625 687 602 708
2108 4 2 10 2 640 688 585 696
2109 4 2 10 2 602 643 495 738
2110 4 2 10 2 257 668 620 722
2111 4 2 10 2 255 261 626 701
2112 4 2 10 2 595 708 625 713
2113 4 2 10 2 597 637 615 709
2114 4 2 10 2 305 302 636 677
2115 4 2 10 2 505 679 593 745
2116 4 2 10 2 584 680 616 682
2117 4 2 10 2 420 387 222 672
2118 4 2 10 2 179 649 184 662
2119 4 2 10 2 586 672 626 721
2120 4 2 10 2 341 382 400 721
2121 4 2 10 2 508 609 569 645
2122 4 2 10 2 594 628 603 663
2123 4 2 10 2 602 639 529 708
2124 4 2 10 2 446 656 612 746
2125 4 2 10 2 412 282 371 687
2126 4 2 10 2 584 636 592 685
2127 4 2 10 2 352 338 676 735
2128 4 2 10 2 339 385 731 732
2129 4 2 10 2 597 355 637 709
2130 4 2 10 2 571 669 482 737
2131 4 2 10 2 463 450 647 674
2132 4 2 10 2 601 668 620 705
2133 4 2 10 2 335 314 309 641
2134 4 2 10 2 167 184 179 649
2135 4 2 10 2 176 138 148 694
2136 4 2 10 2 276 394 388 718
2137 4 2 10 2 595 643 608 658
2138 4 2 10 2 416 134 391 728
2139 4 2 10 2 613 740 700 743
2140 4 2 10 2 494 496 504 719
2141 4 2 10 2 512 733 714 742
2142 4 2 10 2 232 578 201 646
2143 4 2 10 2 464 647 600 691
2144 4 2 10 2 589 663 603 679
2145 4 2 10 2 146 440 662 745
2146 4 2 10 2 379 296 683 710
2147 4 2 10 2 526 610 503 745
2148 4 2 10 2 377 625 370 713
2149 4 2 10 2 596 680 616 717
2150 4 2 10 2 330 415 363 623
2151 4 2 10 2 126 18 127 623
2152 4 2 10 2 446 612 555 746
2153 4 2 10 2 584 680 682 703
2154 4 2 10 2 619 666 608 727
2155 4 2 10 2 615 637 597 693
2156 4 2 10 2 488 153 530 618
2157 4 2 10 2 603 628 594 681
2158 4 2 10 2 213 252 571 669
2159 4 2 10 2 167 426 131 649
2160 4 2 10 2 365 648 605 706
2161 4 2 10 2 265 633 639 698
2162 4 2 10 2 533 702 200 722
2163 4 2 10 2 352 676 623 735
2164 4 2 10 2 508 609 693 694
2165 4 2 10 2 319 651 320 665
2166 4 2 10 2 612 673 601 704
2167 4 2 10 2 244 695 226 702
2168 4 2 10 2 266 650 242 678
2169 4 2 10 2 206 633 262 734
2170 4 2 10 2 407 131 344 649
2171 4 2 10 2 512 729 733 742
2172 4 2 10 2 547 511 517 614
2173 4 2 10 2 530 618 128 667
2174 4 2 10 2 598 687 625 708
2175 4 2 10 2 361 321 337 725
2176 4 2 10 2 330 364 126 623
2177 4 2 10 2 351 288 427 720
2178 4 2 10 2 585 688 644 696
2179 4 2 10 2 521 698 639 738
2180 4 2 10 2 592 636 587 685
2181 4 2 10 2 355 597 405 709
2182 4 2 10 2 305 636 309 677
2183 4 2 10 2 518 166 197 634
2184 4 2 10 2 584 631 618 667
2185 4 2 10 2 518 569 609 634
2186 4 2 10 2 233 606 646 734
2187 4 2 10 2 490 620 491 658
2188 4 2 10 2 486 148 544 630
2189 4 2 10 2 292 631 683 703
2190 4 2 10 2 594 663 603 681
2191 4 2 10 2 593 723 662 728
2192 4 2 10 2 526 141 556 700
2193 4 2 10 2 329 644 585 686
2194 4 2 10 2 617 661 479 724
2195 4 2 10 2 132 613 186 715
2196 4 2 10 2 133 402 147 690
2197 4 2 10 2 534 497 658 746
2198 4 2 10 2 225 620 489 722
2199 4 2 10 2 637 654 609 735
2200 4 2 10 2 120 592 121 688
2201 4 2 10 2 529 496 495 708
2202 4 2 10 2 603 663 589 681
2203 4 2 10 2 600 656 652 674
2204 4 2 10 2 418 352 623 735
2205 4 2 10 2 213 571 482 737
2206 4 2 10 2 190 700 610 715
2207 4 2 10 2 230 639 264 687
2208 4 2 10 2 454 742 455 747
2209 4 2 10 2 575 536 505 689
2210 4 2 10 2 576 462 161 662
2211 4 2 10 2 582 647 483 691
2212 4 2 10 2 253 619 258 675
2213 4 2 10 2 605 650 389 657
2214 4 2 10 2 121 120 122 592
2215 4 2 10 2 626 669 586 701
2216 4 2 10 2 272 20 19 671
2217 4 2 10 2 494 492 643 658
2218 4 2 10 2 475 699 603 743
2219 4 2 10 2 599 726 651 747
2220 4 2 10 2 122 11 10 670
2221 4 2 10 2 390 629 284 653
2222 4 2 10 2 221 255 261 626
2223 4 2 10 2 312 307 377 713
2224 4 2 10 2 204 396 234 642
2225 4 2 10 2 189 729 607 733
2226 4 2 10 2 219 209 285 650
2227 4 2 10 2 502 582 483 691
2228 4 2 10 2 651 726 588 747
2229 4 2 10 2 226 668 611 695
2230 4 2 10 2 423 350 648 706
2231 4 2 10 2 260 258 235 619
2232 4 2 10 2 526 503 610 700
2233 4 2 10 2 568 488 618 740
2234 4 2 10 2 488 153 618 740
2235 4 2 10 2 404 344 426 649
2236 4 2 10 2 123 688 16 696
2237 4 2 10 2 166 609 518 694
2238 4 2 10 2 225 257 620 722
2239 4 2 10 2 690 709 630 720
2240 4 2 10 2 299 628 298 652
2241 4 2 10 2 435 550 210 678
2242 4 2 10 2 213 482 632 737
2243 4 2 10 2 294 366 631 677
2244 4 2 10 2 219 401 205 648
2245 4 2 10 2 229 228 408 687
2246 4 2 10 2 594 655 614 732
2247 4 2 10 2 610 660 356 739
2248 4 2 10 2 223 222 626 672
2249 4 2 10 2 648 706 350 721
2250 4 2 10 2 603 660 332 681
2251 4 2 10 2 650 657 605 678
2252 4 2 10 2 184 649 146 662
2253 4 2 10 2 459 500 538 627
2254 4 2 10 2 347 650 268 676
2255 4 2 10 2 462 662 535 723
2256 4 2 10 2 444 616 429 716
2257 4 2 10 2 454 539 624 697
2258 4 2 10 2 233 646 247 734
2259 4 2 10 2 258 253 203 619
2260 4 2 10 2 552 605 661 678
2261 4 2 10 2 156 284 629 653
2262 4 2 10 2 607 630 709 720
2263 4 2 10 2 213 482 220 632
2264 4 2 10 2 492 493 643 658
2265 4 2 10 2 614 647 582 655
2266 4 2 10 2 122 10 121 670
2267 4 2 10 2 401 219 285 648
2268 4 2 10 2 616 682 596 717
2269 4 2 10 2 520 743 679 745
2270 4 2 10 2 383 613 379 683
2271 4 2 10 2 640 644 585 688
2272 4 2 10 2 621 588 726 747
2273 4 2 10 2 585 644 641 696
2274 4 2 10 2 295 369 302 680
2275 4 2 10 2 232 231 543 698
2276 4 2 10 2 153 154 128 618
2277 4 2 10 2 324 325 372 727
2278 4 2 10 2 147 654 176 690
2279 4 2 10 2 599 742 697 747
2280 4 2 10 2 303 298 628 652
2281 4 2 10 2 582 655 388 731
2282 4 2 10 2 217 269 671 678
2283 4 2 10 2 303 299 298 652
2284 4 2 10 2 206 428 289 734
2285 4 2 10 2 363 654 637 735
2286 4 2 10 2 538 459 627 640
2287 4 2 10 2 265 639 215 698
2288 4 2 10 2 357 379 613 710
2289 4 2 10 2 357 710 613 739
2290 4 2 10 2 344 356 407 649
2291 4 2 10 2 597 637 609 693
2292 4 2 10 2 387 626 222 672
2293 4 2 10 2 347 375 268 650
2294 4 2 10 2 657 706 661 730
2295 4 2 10 2 606 666 619 727
2296 4 2 10 2 582 664 659 718
2297 4 2 10 2 193 653 629 689
2298 4 2 10 2 364 623 352 676
2299 4 2 10 2 228 264 265 633
2300 4 2 10 2 604 588 640 684
2301 4 2 10 2 173 667 631 712
2302 4 2 10 2 206 245 428 734
2303 4 2 10 2 386 359 289 633
2304 4 2 10 2 657 661 590 730
2305 4 2 10 2 186 715 613 740
2306 4 2 10 2 276 718 388 731
2307 4 2 10 2 568 618 477 682
2308 4 2 10 2 186 700 715 740
2309 4 2 10 2 304 298 374 628
2310 4 2 10 2 586 701 669 744
2311 4 2 10 2 587 641 611 736
2312 4 2 10 2 134 629 391 728
2313 4 2 10 2 120 685 592 696
2314 4 2 10 2 590 657 637 735
2315 4 2 10 2 480 611 533 722
2316 4 2 10 2 294 305 366 677
2317 4 2 10 2 608 666 643 713
2318 4 2 10 2 505 462 535 723
2319 4 2 10 2 586 706 648 721
2320 4 2 10 2 615 637 590 725
2321 4 2 10 2 581 657 650 678
2322 4 2 10 2 511 452 614 707
2323 4 2 10 2 305 309 310 677
2324 4 2 10 2 594 663 681 732
2325 4 2 10 2 225 226 257 668
2326 4 2 10 2 396 286 234 642
2327 4 2 10 2 454 624 499 742
2328 4 2 10 2 194 166 171 694
2329 4 2 10 2 443 555 612 716
2330 4 2 10 2 533 611 702 722
2331 4 2 10 2 454 438 697 747
2332 4 2 10 2 222 202 420 672
2333 4 2 10 2 646 675 247 734
2334 4 2 10 2 270 398 24 718
2335 4 2 10 2 193 156 629 653
2336 4 2 10 2 512 553 714 733
2337 4 2 10 2 592 644 688 696
2338 4 2 10 2 630 690 597 709
2339 4 2 10 2 12 670 122 685
2340 4 2 10 2 588 604 665 684
2341 4 2 10 2 479 514 617 724
2342 4 2 10 2 155 135 541 624
2343 4 2 10 2 584 682 616 685
2344 4 2 10 2 219 205 249 648
2345 4 2 10 2 516 699 548 740
2346 4 2 10 2 351 427 342 709
2347 4 2 10 2 479 617 514 661
2348 4 2 10 2 446 445 443 656
2349 4 2 10 2 602 639 698 738
2350 4 2 10 2 224 106 225 489
2351 4 2 10 2 206 289 633 734
2352 4 2 10 2 226 668 225 722
2353 4 2 10 2 251 413 243 668
2354 4 2 10 2 498 513 528 619
2355 4 2 10 2 520 503 743 745
2356 4 2 10 2 422 254 334 734
2357 4 2 10 2 186 700 191 715
2358 4 2 10 2 269 509 671 678
2359 4 2 10 2 589 681 663 732
2360 4 2 10 2 599 697 622 726
2361 4 2 10 2 631 667 584 670
2362 4 2 10 2 225 668 257 722
2363 4 2 10 2 393 625 308 664
2364 4 2 10 2 477 618 530 667
2365 4 2 10 2 419 372 396 642
2366 4 2 10 2 157 136 385 731
2367 4 2 10 2 238 210 550 678
2368 4 2 10 2 280 411 654 690
2369 4 2 10 2 156 391 45 134
2370 4 2 10 2 641 644 592 696
2371 4 2 10 2 543 215 432 698
2372 4 2 10 2 220 545 435 632
2373 4 2 10 2 532 483 502 582
2374 4 2 10 2 597 693 609 694
2375 4 2 10 2 156 391 284 45
2376 4 2 10 2 485 538 567 627
2377 4 2 10 2 226 251 668 695
2378 4 2 10 2 224 106 489 437
2379 4 2 10 2 328 388 381 655
2380 4 2 10 2 508 518 609 694
2381 4 2 10 2 616 685 429 716
2382 4 2 10 2 649 660 610 745
2383 4 2 10 2 213 252 669 737
2384 4 2 10 2 519 600 656 719
2385 4 2 10 2 626 701 586 744
2386 4 2 10 2 593 660 649 745
2387 4 2 10 2 219 242 209 650
2388 4 2 10 2 590 645 657 735
2389 4 2 10 2 268 650 241 676
2390 4 2 10 2 332 660 603 739
2391 4 2 10 2 269 550 509 678
2392 4 2 10 2 607 709 630 714
2393 4 2 10 2 630 709 597 714
2394 4 2 10 2 508 518 569 609
2395 4 2 10 2 280 147 402 690
2396 4 2 10 2 449 669 701 744
2397 4 2 10 2 223 672 669 737
2398 4 2 10 2 155 541 566 624
2399 4 2 10 2 356 344 404 649
2400 4 2 10 2 161 180 662 723
2401 4 2 10 2 536 505 689 723
2402 4 2 10 2 609 637 597 654
2403 4 2 10 2 215 639 432 698
2404 4 2 10 2 307 312 311 711
2405 4 2 10 2 628 710 699 717
2406 4 2 10 2 441 528 619 646
2407 4 2 10 2 283 424 373 712
2408 4 2 10 2 127 21 126 623
2409 4 2 10 2 136 399 385 731
2410 4 2 10 2 162 134 416 728
2411 4 2 10 2 173 139 182 712
2412 4 2 10 2 616 636 584 685
2413 4 2 10 2 419 348 353 705
2414 4 2 10 2 514 684 617 744
2415 4 2 10 2 454 539 499 624
2416 4 2 10 2 457 714 615 742
2417 4 2 10 2 14 429 685 716
2418 4 2 10 2 309 368 335 636
2419 4 2 10 2 379 296 293 683
2420 4 2 10 2 397 695 641 736
2421 4 2 10 2 356 287 715 739
2422 4 2 10 2 344 131 426 649
2423 4 2 10 2 621 651 588 747
2424 4 2 10 2 323 665 341 721
2425 4 2 10 2 413 251 291 695
2426 4 2 10 2 173 631 178 712
2427 4 2 10 2 430 522 540 671
2428 4 2 10 2 229 408 282 687
2429 4 2 10 2 311 705 392 711
2430 4 2 10 2 329 378 644 686
2431 4 2 10 2 617 661 706 730
2432 4 2 10 2 235 258 203 619
2433 4 2 10 2 457 742 615 747
2434 4 2 10 2 154 128 618 667
2435 4 2 10 2 610 679 660 743
2436 4 2 10 2 542 207 227 627
2437 4 2 10 2 323 320 341 665
2438 4 2 10 2 511 483 452 707
2439 4 2 10 2 244 226 200 702
2440 4 2 10 2 552 661 472 678
2441 4 2 10 2 429 444 515 616
2442 4 2 10 2 486 544 574 630
2443 4 2 10 2 297 635 369 680
2444 4 2 10 2 193 192 653 689
2445 4 2 10 2 213 632 220 737
2446 4 2 10 2 570 181 140 733
2447 4 2 10 2 658 705 595 711
2448 4 2 10 2 520 474 679 743
2449 4 2 10 2 653 614 731 732
2450 4 2 10 2 480 562 15 673
2451 4 2 10 2 554 546 632 724
2452 4 2 10 2 501 554 669 744
2453 4 2 10 2 281 275 18 676
2454 4 2 10 2 532 483 582 707
2455 4 2 10 2 277 221 387 626
2456 4 2 10 2 638 652 600 656
2457 4 2 10 2 389 657 336 706
2458 4 2 10 2 679 743 610 745
2459 4 2 10 2 304 303 298 628
2460 4 2 10 2 590 637 645 735
2461 4 2 10 2 534 555 497 746
2462 4 2 10 2 128 173 155 667
2463 4 2 10 2 36 172 292 178
2464 4 2 10 2 699 710 596 717
2465 4 2 10 2 514 460 684 744
2466 4 2 10 2 609 645 508 693
2467 4 2 10 2 350 400 425 721
2468 4 2 10 2 488 530 568 618
2469 4 2 10 2 615 693 597 714
2470 4 2 10 2 586 648 706 724
2471 4 2 10 2 221 222 387 626
2472 4 2 10 2 327 635 306 704
2473 4 2 10 2 173 182 155 624
2474 4 2 10 2 408 633 362 687
2475 4 2 10 2 609 623 581 735
2476 4 2 10 2 310 622 380 677
2477 4 2 10 2 232 543 231 113
2478 4 2 10 2 464 527 691 719
2479 4 2 10 2 411 637 363 654
2480 4 2 10 2 390 284 384 653
2481 4 2 10 2 489 620 490 722
2482 4 2 10 2 639 687 598 708
2483 4 2 10 2 195 158 707 731
2484 4 2 10 2 609 654 597 694
2485 4 2 10 2 373 318 342 692
2486 4 2 10 2 659 664 582 691
2487 4 2 10 2 369 297 300 635
2488 4 2 10 2 472 469 645 661
2489 4 2 10 2 309 305 302 636
2490 4 2 10 2 652 656 591 674
2491 4 2 10 2 526 503 520 745
2492 4 2 10 2 75 285 209 375
2493 4 2 10 2 364 418 352 623
2494 4 2 10 2 408 228 206 633
2495 4 2 10 2 616 682 13 685
2496 4 2 10 2 323 665 721 730
2497 4 2 10 2 166 143 197 634
2498 4 2 10 2 211 417 251 695
2499 4 2 10 2 196 330 21 623
2500 4 2 10 2 480 673 611 722
2501 4 2 10 2 613 715 357 739
2502 4 2 10 2 176 654 171 694
2503 4 2 10 2 129 161 180 662
2504 4 2 10 2 494 495 496 643
2505 4 2 10 2 543 231 215 698
2506 4 2 10 2 633 666 602 738
2507 4 2 10 2 606 666 633 738
2508 4 2 10 2 602 639 633 698
2509 4 2 10 2 625 708 595 719
2510 4 2 10 2 628 596 710 717
2511 4 2 10 2 610 700 503 743
2512 4 2 10 2 587 636 616 685
2513 4 2 10 2 280 654 147 690
2514 4 2 10 2 605 706 648 724
2515 4 2 10 2 313 648 423 672
2516 4 2 10 2 606 619 675 727
2517 4 2 10 2 462 161 662 723
2518 4 2 10 2 618 683 631 703
2519 4 2 10 2 411 346 363 637
2520 4 2 10 2 546 552 632 724
2521 4 2 10 2 383 357 379 613
2522 4 2 10 2 224 107 507 214
2523 4 2 10 2 542 227 567 627
2524 4 2 10 2 660 679 610 745
2525 4 2 10 2 541 539 566 624
2526 4 2 10 2 565 10 11 697
2527 4 2 10 2 186 154 153 740
2528 4 2 10 2 169 195 707 731
2529 4 2 10 2 298 374 628 710
2530 4 2 10 2 492 490 491 658
2531 4 2 10 2 140 148 486 630
2532 4 2 10 2 487 481 522 671
2533 4 2 10 2 383 357 613 715
2534 4 2 10 2 357 715 287 739
2535 4 2 10 2 223 626 261 669
2536 4 2 10 2 409 650 347 676
2537 4 2 10 2 476 477 530 667
2538 4 2 10 2 541 624 135 729
2539 4 2 10 2 335 368 395 736
2540 4 2 10 2 438 726 697 747
2541 4 2 10 2 586 669 626 672
2542 4 2 10 2 236 253 258 675
2543 4 2 10 2 585 641 611 696
2544 4 2 10 2 226 611 668 722
2545 4 2 10 2 525 529 639 708
2546 4 2 10 2 551 621 506 684
2547 4 2 10 2 13 616 515 682
2548 4 2 10 2 584 682 618 703
2549 4 2 10 2 379 683 613 710
2550 4 2 10 2 320 665 323 730
2551 4 2 10 2 432 639 521 698
2552 4 2 10 2 224 225 257 620
2553 4 2 10 2 616 635 591 680
2554 4 2 10 2 243 83 413 251
2555 4 2 10 2 596 682 680 703
2556 4 2 10 2 17 16 123 688
2557 4 2 10 2 331 332 660 681
2558 4 2 10 2 658 711 595 746
2559 4 2 10 2 611 641 585 695
2560 4 2 10 2 314 367 329 644
2561 4 2 10 2 603 699 628 710
2562 4 2 10 2 540 522 634 671
2563 4 2 10 2 107 224 507 437
2564 4 2 10 2 625 708 602 713
2565 4 2 10 2 598 664 659 691
2566 4 2 10 2 456 458 580 621
2567 4 2 10 2 583 670 631 677
2568 4 2 10 2 425 626 387 672
2569 4 2 10 2 470 479 514 661
2570 4 2 10 2 347 409 375 650
2571 4 2 10 2 396 286 642 727
2572 4 2 10 2 585 644 640 686
2573 4 2 10 2 360 675 410 727
2574 4 2 10 2 261 669 626 701
2575 4 2 10 2 528 513 441 619
2576 4 2 10 2 631 670 584 677
2577 4 2 10 2 300 306 327 635
2578 4 2 10 2 602 687 639 708
2579 4 2 10 2 248 672 223 737
2580 4 2 10 2 585 696 611 702
2581 4 2 10 2 276 198 718 731
2582 4 2 10 2 303 304 326 681
2583 4 2 10 2 614 707 158 731
2584 4 2 10 2 127 22 21 170
2585 4 2 10 2 613 715 700 740
2586 4 2 10 2 172 36 292 279
2587 4 2 10 2 605 648 632 724
2588 4 2 10 2 317 320 651 665
2589 4 2 10 2 221 81 349 277
2590 4 2 10 2 263 224 257 620
2591 4 2 10 2 223 202 222 672
2592 4 2 10 2 463 450 464 647
2593 4 2 10 2 351 709 690 720
2594 4 2 10 2 542 207 627 701
2595 4 2 10 2 398 394 276 718
2596 4 2 10 2 303 328 376 652
2597 4 2 10 2 279 383 379 683
2598 4 2 10 2 398 276 24 718
2599 4 2 10 2 337 346 361 637
2600 4 2 10 2 590 621 615 725
2601 4 2 10 2 280 405 411 690
2602 4 2 10 2 617 621 590 730
2603 4 2 10 2 617 590 661 730
2604 4 2 10 2 413 354 668 736
2605 4 2 10 2 232 461 578 646
2606 4 2 10 2 81 221 349 211
2607 4 2 10 2 133 147 176 690
2608 4 2 10 2 295 296 680 703
2609 4 2 10 2 582 664 647 691
2610 4 2 10 2 445 656 450 674
2611 4 2 10 2 254 675 334 734
2612 4 2 10 2 610 613 700 743
2613 4 2 10 2 206 262 245 734
2614 4 2 10 2 183 690 630 720
2615 4 2 10 2 408 206 289 633
2616 4 2 10 2 225 533 200 722
2617 4 2 10 2 647 664 600 691
2618 4 2 10 2 396 642 372 727
2619 4 2 10 2 605 661 706 724
2620 4 2 10 2 201 233 232 646
2621 4 2 10 2 229 230 264 687
2622 4 2 10 2 315 622 310 644
2623 4 2 10 2 612 587 635 716
2624 4 2 10 2 479 661 552 724
2625 4 2 10 2 333 377 370 713
2626 4 2 10 2 660 679 603 743
2627 4 2 10 2 472 470 469 661
2628 4 2 10 2 618 631 584 703
2629 4 2 10 2 80 221 222 387
2630 4 2 10 2 611 668 601 736
2631 4 2 10 2 515 13 429 616
2632 4 2 10 2 448 512 729 733
2633 4 2 10 2 618 682 596 703
2634 4 2 10 2 632 648 586 724
2635 4 2 10 2 504 534 494 746
2636 4 2 10 2 254 212 334 675
2637 4 2 10 2 187 629 134 728
2638 4 2 10 2 382 349 277 686
2639 4 2 10 2 449 501 554 669
2640 4 2 10 2 80 221 387 277
2641 4 2 10 2 169 718 198 731
2642 4 2 10 2 327 368 369 635
2643 4 2 10 2 625 691 598 708
2644 4 2 10 2 482 554 546 632
2645 4 2 10 2 183 630 175 720
2646 4 2 10 2 626 721 604 744
2647 4 2 10 2 155 560 57 128
2648 4 2 10 2 437 490 489 620
2649 4 2 10 2 586 721 626 744
2650 4 2 10 2 253 239 203 646
2651 4 2 10 2 269 238 550 678
2652 4 2 10 2 145 179 180 728
2653 4 2 10 2 281 364 352 676
2654 4 2 10 2 367 641 397 695
2655 4 2 10 2 188 517 177 69
2656 4 2 10 2 623 676 581 735
2657 4 2 10 2 155 560 566 57
2658 4 2 10 2 691 708 625 719
2659 4 2 10 2 574 553 630 714
2660 4 2 10 2 136 47 157 385
2661 4 2 10 2 568 477 537 682
2662 4 2 10 2 215 265 264 639
2663 4 2 10 2 219 75 285 209
2664 4 2 10 2 474 466 473 663
2665 4 2 10 2 292 683 293 703
2666 4 2 10 2 375 209 268 650
2667 4 2 10 2 590 657 645 661
2668 4 2 10 2 583 667 631 670
2669 4 2 10 2 613 610 739 743
2670 4 2 10 2 136 47 385 399
2671 4 2 10 2 611 695 585 702
2672 4 2 10 2 508 693 549 694
2673 4 2 10 2 439 640 17 688
2674 4 2 10 2 292 294 631 703
2675 4 2 10 2 601 673 611 736
2676 4 2 10 2 183 165 690 720
2677 4 2 10 2 518 467 569 634
2678 4 2 10 2 278 354 353 668
2679 4 2 10 2 402 133 165 690
2680 4 2 10 2 557 441 513 619
2681 4 2 10 2 513 557 619 741
2682 4 2 10 2 351 607 709 720
2683 4 2 10 2 209 241 268 650
2684 4 2 10 2 127 22 170 623
2685 4 2 10 2 62 146 164 440
2686 4 2 10 2 432 529 521 639
2687 4 2 10 2 205 77 237 313
2688 4 2 10 2 604 701 626 744
2689 4 2 10 2 429 616 13 685
2690 4 2 10 2 210 220 435 632
2691 4 2 10 2 613 683 596 710
2692 4 2 10 2 615 599 651 747
2693 4 2 10 2 423 648 365 706
2694 4 2 10 2 478 696 16 702
2695 4 2 10 2 449 501 669 744
2696 4 2 10 2 435 220 98 545
2697 4 2 10 2 616 680 596 682
2698 4 2 10 2 617 706 661 724
2699 4 2 10 2 313 77 401 205
2700 4 2 10 2 454 455 438 747
2701 4 2 10 2 475 466 474 743
2702 4 2 10 2 193 192 156 653
2703 4 2 10 2 157 158 136 731
2704 4 2 10 2 21 127 170 623
2705 4 2 10 2 168 184 146 662
2706 4 2 10 2 495 521 529 738
2707 4 2 10 2 633 639 602 687
2708 4 2 10 2 538 542 567 627
2709 4 2 10 2 209 242 266 650
2710 4 2 10 2 547 431 575 689
2711 4 2 10 2 356 357 287 739
2712 4 2 10 2 554 577 724 744
2713 4 2 10 2 311 353 392 705
2714 4 2 10 2 146 63 168 561
2715 4 2 10 2 620 668 601 722
2716 4 2 10 2 407 131 163 40
2717 4 2 10 2 491 620 437 741
2718 4 2 10 2 692 729 624 742
2719 4 2 10 2 625 664 598 691
2720 4 2 10 2 227 104 567 702
2721 4 2 10 2 611 673 587 736
2722 4 2 10 2 229 264 228 687
2723 4 2 10 2 299 376 301 652
2724 4 2 10 2 190 191 700 715
2725 4 2 10 2 474 663 473 679
2726 4 2 10 2 319 317 320 651
2727 4 2 10 2 541 539 624 729
2728 4 2 10 2 262 633 265 698
2729 4 2 10 2 206 92 228 408
2730 4 2 10 2 227 200 104 702
2731 4 2 10 2 396 372 286 727
2732 4 2 10 2 12 122 13 685
2733 4 2 10 2 586 706 617 724
2734 4 2 10 2 561 576 168 662
2735 4 2 10 2 600 691 625 719
2736 4 2 10 2 217 238 269 678
2737 4 2 10 2 183 175 165 720
2738 4 2 10 2 423 313 401 648
2739 4 2 10 2 423 365 350 706
2740 4 2 10 2 485 478 16 702
2741 4 2 10 2 439 17 1 688
2742 4 2 10 2 393 308 381 664
2743 4 2 10 2 612 635 587 704
2744 4 2 10 2 449 701 501 744
2745 4 2 10 2 590 645 637 693
2746 4 2 10 2 420 78 313 672
2747 4 2 10 2 302 369 368 636
2748 4 2 10 2 244 227 255 627
2749 4 2 10 2 187 723 629 728
2750 4 2 10 2 76 205 219 401
2751 4 2 10 2 592 644 622 688
2752 4 2 10 2 146 63 561 440
2753 4 2 10 2 600 664 625 691
2754 4 2 10 2 238 242 210 678
2755 4 2 10 2 625 638 600 719
2756 4 2 10 2 595 638 625 719
2757 4 2 10 2 139 34 149 358
2758 4 2 10 2 432 115 523 639
2759 4 2 10 2 405 690 351 709
2760 4 2 10 2 86 216 234 286
2761 4 2 10 2 215 114 543 432
2762 4 2 10 2 614 653 589 732
2763 4 2 10 2 402 165 343 690
2764 4 2 10 2 609 581 645 735
2765 4 2 10 2 533 105 225 200
2766 4 2 10 2 363 418 623 735
2767 4 2 10 2 110 203 558 441
2768 4 2 10 2 154 173 128 667
2769 4 2 10 2 225 200 226 722
2770 4 2 10 2 389 336 365 706
2771 4 2 10 2 187 180 723 728
2772 4 2 10 2 232 543 461 698
2773 4 2 10 2 337 346 637 735
2774 4 2 10 2 605 661 657 706
2775 4 2 10 2 622 644 588 688
2776 4 2 10 2 276 399 198 731
2777 4 2 10 2 617 724 514 744
2778 4 2 10 2 339 731 655 732
2779 4 2 10 2 451 450 463 674
2780 4 2 10 2 576 161 65 129
2781 4 2 10 2 292 414 178 631
2782 4 2 10 2 448 553 512 733
2783 4 2 10 2 402 165 133 30
2784 4 2 10 2 563 13 515 682
2785 4 2 10 2 346 363 637 735
2786 4 2 10 2 110 203 239 558
2787 4 2 10 2 210 97 238 550
2788 4 2 10 2 391 629 403 728
2789 4 2 10 2 432 215 115 639
2790 4 2 10 2 294 295 302 703
2791 4 2 10 2 229 408 228 93
2792 4 2 10 2 144 169 195 707
2793 4 2 10 2 162 187 134 728
2794 4 2 10 2 133 29 147 402
2795 4 2 10 2 172 37 383 132
2796 4 2 10 2 616 635 587 716
2797 4 2 10 2 206 92 408 289
2798 4 2 10 2 578 558 239 646
2799 4 2 10 2 210 97 550 435
2800 4 2 10 2 559 567 104 702
2801 4 2 10 2 557 214 108 235
2802 4 2 10 2 511 452 517 614
2803 4 2 10 2 593 679 660 745
2804 4 2 10 2 186 152 191 700
2805 4 2 10 2 610 700 613 715
2806 4 2 10 2 193 629 187 723
2807 4 2 10 2 346 355 361 637
2808 4 2 10 2 599 692 624 742
2809 4 2 10 2 393 370 377 625
2810 4 2 10 2 607 729 692 742
2811 4 2 10 2 215 114 231 543
2812 4 2 10 2 601 705 658 711
2813 4 2 10 2 611 673 601 722
2814 4 2 10 2 124 125 20 634
2815 4 2 10 2 186 152 700 740
2816 4 2 10 2 601 668 611 722
2817 4 2 10 2 630 714 553 733
2818 4 2 10 2 612 704 601 711
2819 4 2 10 2 488 516 548 740
2820 4 2 10 2 596 683 618 703
2821 4 2 10 2 116 250 524 523
2822 4 2 10 2 577 514 724 744
2823 4 2 10 2 207 102 246 701
2824 4 2 10 2 570 486 553 733
2825 4 2 10 2 624 697 599 742
2826 4 2 10 2 247 675 254 734
2827 4 2 10 2 456 621 551 747
2828 4 2 10 2 587 685 616 716
2829 4 2 10 2 209 266 241 650
2830 4 2 10 2 352 345 338 735
2831 4 2 10 2 390 391 284 629
2832 4 2 10 2 212 236 410 675
2833 4 2 10 2 621 651 615 725
2834 4 2 10 2 613 596 699 710
2835 4 2 10 2 360 410 286 727
2836 4 2 10 2 615 651 621 747
2837 4 2 10 2 559 104 200 702
2838 4 2 10 2 204 234 263 642
2839 4 2 10 2 211 251 244 695
2840 4 2 10 2 631 667 583 712
2841 4 2 10 2 492 534 497 658
2842 4 2 10 2 629 653 589 689
2843 4 2 10 2 601 704 673 736
2844 4 2 10 2 576 168 64 561
2845 4 2 10 2 401 76 285 219
2846 4 2 10 2 552 472 487 678
2847 4 2 10 2 444 429 443 716
2848 4 2 10 2 437 491 490 620
2849 4 2 10 2 34 283 358 139
2850 4 2 10 2 193 689 629 723
2851 4 2 10 2 585 640 627 686
2852 4 2 10 2 621 725 590 730
2853 4 2 10 2 608 642 620 741
2854 4 2 10 2 248 223 669 737
2855 4 2 10 2 435 546 552 632
2856 4 2 10 2 617 706 586 721
2857 4 2 10 2 73 272 72 671
2858 4 2 10 2 547 473 465 663
2859 4 2 10 2 404 340 356 660
2860 4 2 10 2 246 669 261 701
2861 4 2 10 2 425 400 387 626
2862 4 2 10 2 581 657 645 735
2863 4 2 10 2 429 14 442 716
2864 4 2 10 2 420 202 78 672
2865 4 2 10 2 305 310 380 677
2866 4 2 10 2 141 61 526 556
2867 4 2 10 2 416 391 403 728
2868 4 2 10 2 697 726 599 747
2869 4 2 10 2 37 172 383 279
2870 4 2 10 2 319 320 321 730
2871 4 2 10 2 431 177 68 142
2872 4 2 10 2 530 477 568 618
2873 4 2 10 2 169 707 718 731
2874 4 2 10 2 355 709 322 725
2875 4 2 10 2 508 645 469 693
2876 4 2 10 2 141 61 164 526
2877 4 2 10 2 604 617 665 684
2878 4 2 10 2 305 380 366 677
2879 4 2 10 2 490 492 497 658
2880 4 2 10 2 554 482 571 669
2881 4 2 10 2 325 666 360 727
2882 4 2 10 2 610 715 613 739
2883 4 2 10 2 613 739 699 743
2884 4 2 10 2 548 503 700 743
2885 4 2 10 2 149 33 150 288
2886 4 2 10 2 361 355 322 725
2887 4 2 10 2 500 542 538 627
2888 4 2 10 2 418 345 352 735
2889 4 2 10 2 413 397 354 736
2890 4 2 10 2 212 410 334 675
2891 4 2 10 2 602 698 633 738
2892 4 2 10 2 191 132 186 715
2893 4 2 10 2 407 131 40 344
2894 4 2 10 2 457 455 742 747
2895 4 2 10 2 499 624 539 729
2896 4 2 10 2 188 517 69 452
2897 4 2 10 2 351 690 343 720
2898 4 2 10 2 306 638 307 711
2899 4 2 10 2 610 660 739 743
2900 4 2 10 2 603 739 660 743
2901 4 2 10 2 156 134 193 629
2902 4 2 10 2 549 468 471 693
2903 4 2 10 2 155 182 135 624
2904 4 2 10 2 620 658 601 705
2905 4 2 10 2 608 658 620 705
2906 4 2 10 2 413 278 243 668
2907 4 2 10 2 248 202 223 672
2908 4 2 10 2 229 408 93 282
2909 4 2 10 2 440 62 526 164
2910 4 2 10 2 526 556 503 700
2911 4 2 10 2 298 296 374 710
2912 4 2 10 2 116 250 259 524
2913 4 2 10 2 46 284 156 653
2914 4 2 10 2 506 551 456 621
2915 4 2 10 2 402 165 30 343
2916 4 2 10 2 533 559 200 702
2917 4 2 10 2 614 655 582 731
2918 4 2 10 2 606 675 646 734
2919 4 2 10 2 508 549 518 694
2920 4 2 10 2 413 291 397 695
2921 4 2 10 2 270 24 240 718
2922 4 2 10 2 464 519 527 719
2923 4 2 10 2 336 706 657 730
2924 4 2 10 2 232 578 112 201
2925 4 2 10 2 494 492 493 643
2926 4 2 10 2 357 374 379 710
2927 4 2 10 2 542 627 500 701
2928 4 2 10 2 169 707 144 718
2929 4 2 10 2 459 640 439 684
2930 4 2 10 2 134 44 416 391
2931 4 2 10 2 447 674 510 717
2932 4 2 10 2 319 321 725 730
2933 4 2 10 2 445 450 447 674
2934 4 2 10 2 628 652 591 674
2935 4 2 10 2 619 646 606 675
2936 4 2 10 2 603 699 710 739
2937 4 2 10 2 420 425 387 672
2938 4 2 10 2 673 704 587 736
2939 4 2 10 2 175 720 630 733
2940 4 2 10 2 136 198 399 731
2941 4 2 10 2 613 710 699 739
2942 4 2 10 2 603 699 739 743
2943 4 2 10 2 250 523 115 639
2944 4 2 10 2 351 405 343 690
2945 4 2 10 2 239 578 111 558
2946 4 2 10 2 339 385 399 731
2947 4 2 10 2 557 214 507 108
2948 4 2 10 2 529 523 525 639
2949 4 2 10 2 230 250 264 639
2950 4 2 10 2 388 394 381 664
2951 4 2 10 2 247 646 253 675
2952 4 2 10 2 261 223 222 626
2953 4 2 10 2 641 695 611 736
2954 4 2 10 2 24 276 198 718
2955 4 2 10 2 594 652 628 674
2956 4 2 10 2 251 82 417 211
2957 4 2 10 2 217 73 72 671
2958 4 2 10 2 251 243 226 668
2959 4 2 10 2 216 260 234 642
2960 4 2 10 2 232 543 113 461
2961 4 2 10 2 262 206 265 633
2962 4 2 10 2 348 243 204 84
2963 4 2 10 2 195 136 158 731
2964 4 2 10 2 509 487 671 678
2965 4 2 10 2 273 430 20 671
2966 4 2 10 2 178 631 414 712
2967 4 2 10 2 438 551 726 747
2968 4 2 10 2 447 451 510 674
2969 4 2 10 2 397 641 335 736
2970 4 2 10 2 197 23 467 634
2971 4 2 10 2 255 627 207 701
2972 4 2 10 2 206 428 245 91
2973 4 2 10 2 203 109 235 557
2974 4 2 10 2 319 322 651 725
2975 4 2 10 2 355 346 411 637
2976 4 2 10 2 136 169 198 731
2977 4 2 10 2 576 161 462 65
2978 4 2 10 2 508 569 481 645
2979 4 2 10 2 135 624 182 729
2980 4 2 10 2 218 259 267 659
2981 4 2 10 2 134 44 162 416
2982 4 2 10 2 515 453 537 682
2983 4 2 10 2 250 115 215 639
2984 4 2 10 2 216 87 236 410
2985 4 2 10 2 39 160 163 407
2986 4 2 10 2 609 645 637 735
2987 4 2 10 2 274 71 72 676
2988 4 2 10 2 67 142 159 689
2989 4 2 10 2 158 157 192 653
2990 4 2 10 2 541 499 539 729
2991 4 2 10 2 357 374 710 739
2992 4 2 10 2 486 52 544 148
2993 4 2 10 2 284 46 385 653
2994 4 2 10 2 617 684 604 744
2995 4 2 10 2 102 207 542 701
2996 4 2 10 2 307 301 308 638
2997 4 2 10 2 247 254 233 734
2998 4 2 10 2 604 665 617 721
2999 4 2 10 2 337 657 338 735
3000 4 2 10 2 588 651 621 665
3001 4 2 10 2 391 390 403 629
3002 4 2 10 2 232 262 231 698
3003 4 2 10 2 286 86 396 234
3004 4 2 10 2 363 418 330 623
3005 4 2 10 2 622 688 588 726
3006 4 2 10 2 306 301 307 638
3007 4 2 10 2 203 109 557 441
3008 4 2 10 2 190 191 141 700
3009 4 2 10 2 595 711 638 746
3010 4 2 10 2 226 244 251 695
3011 4 2 10 2 308 393 377 625
3012 4 2 10 2 384 653 385 732
3013 4 2 10 2 135 182 189 729
3014 4 2 10 2 174 729 189 733
3015 4 2 10 2 194 171 137 654
3016 4 2 10 2 175 151 720 733
3017 4 2 10 2 621 665 617 684
3018 4 2 10 2 150 288 421 720
3019 4 2 10 2 220 435 98 210
3020 4 2 10 2 102 449 246 701
3021 4 2 10 2 540 430 20 124
3022 4 2 10 2 147 415 137 654
3023 4 2 10 2 196 21 170 623
3024 4 2 10 2 266 242 238 678
3025 4 2 10 2 380 310 316 622
3026 4 2 10 2 339 384 385 732
3027 4 2 10 2 435 552 550 678
3028 4 2 10 2 486 574 553 630
3029 4 2 10 2 138 176 171 694
3030 4 2 10 2 254 247 212 675
3031 4 2 10 2 638 711 612 746
3032 4 2 10 2 317 378 320 665
3033 4 2 10 2 608 642 619 727
3034 4 2 10 2 505 520 679 745
3035 4 2 10 2 571 252 246 669
3036 4 2 10 2 499 624 729 742
3037 4 2 10 2 295 293 296 703
3038 4 2 10 2 202 79 222 420
3039 4 2 10 2 527 708 691 719
3040 4 2 10 2 637 645 609 693
3041 4 2 10 2 360 325 359 666
3042 4 2 10 2 619 642 608 741
3043 4 2 10 2 227 207 255 627
3044 4 2 10 2 155 541 135 56
3045 4 2 10 2 512 714 457 742
3046 4 2 10 2 627 640 604 686
3047 4 2 10 2 227 542 103 207
3048 4 2 10 2 655 731 614 732
3049 4 2 10 2 131 163 185 649
3050 4 2 10 2 314 335 367 641
3051 4 2 10 2 375 389 285 650
3052 4 2 10 2 617 665 621 730
3053 4 2 10 2 46 156 157 653
3054 4 2 10 2 222 420 79 387
3055 4 2 10 2 633 698 606 738
3056 4 2 10 2 310 315 316 622
3057 4 2 10 2 597 709 615 714
3058 4 2 10 2 212 410 236 88
3059 4 2 10 2 615 742 599 747
3060 4 2 10 2 451 465 466 663
3061 4 2 10 2 574 434 549 694
3062 4 2 10 2 495 643 493 738
3063 4 2 10 2 533 225 489 722
3064 4 2 10 2 468 508 469 693
3065 4 2 10 2 238 217 266 678
3066 4 2 10 2 240 267 208 659
3067 4 2 10 2 669 672 586 737
3068 4 2 10 2 559 485 567 702
3069 4 2 10 2 180 179 129 662
3070 4 2 10 2 656 719 638 746
3071 4 2 10 2 554 501 577 744
3072 4 2 10 2 511 463 483 647
3073 4 2 10 2 325 333 666 713
3074 4 2 10 2 206 428 91 289
3075 4 2 10 2 431 177 517 68
3076 4 2 10 2 331 332 340 660
3077 4 2 10 2 588 644 640 688
3078 4 2 10 2 280 29 402 147
3079 4 2 10 2 486 630 553 733
3080 4 2 10 2 6 398 24 270
3081 4 2 10 2 614 582 707 731
3082 4 2 10 2 129 168 576 662
3083 4 2 10 2 479 577 514 724
3084 4 2 10 2 548 700 436 740
3085 4 2 10 2 393 394 371 664
3086 4 2 10 2 216 87 410 286
3087 4 2 10 2 157 385 46 653
3088 4 2 10 2 578 239 201 646
3089 4 2 10 2 147 171 176 654
3090 4 2 10 2 134 187 193 629
3091 4 2 10 2 22 125 23 634
3092 4 2 10 2 282 370 371 687
3093 4 2 10 2 329 378 315 644
3094 4 2 10 2 292 293 294 703
3095 4 2 10 2 166 518 50 694
3096 4 2 10 2 434 50 518 694
3097 4 2 10 2 140 183 148 630
3098 4 2 10 2 237 313 78 672
3099 4 2 10 2 531 673 480 722
3100 4 2 10 2 406 275 281 676
3101 4 2 10 2 193 142 192 689
3102 4 2 10 2 417 291 251 695
3103 4 2 10 2 343 690 165 720
3104 4 2 10 2 100 213 252 571
3105 4 2 10 2 49 467 518 197
3106 4 2 10 2 541 155 566 56
3107 4 2 10 2 542 227 103 567
3108 4 2 10 2 339 655 326 732
3109 4 2 10 2 638 656 600 719
3110 4 2 10 2 71 241 72 676
3111 4 2 10 2 28 137 147 415
3112 4 2 10 2 570 140 181 53
3113 4 2 10 2 204 85 234 396
3114 4 2 10 2 332 356 660 739
3115 4 2 10 2 246 223 261 669
3116 4 2 10 2 212 410 88 334
3117 4 2 10 2 574 471 553 714
3118 4 2 10 2 249 256 220 632
3119 4 2 10 2 131 184 167 649
3120 4 2 10 2 665 617 721 730
3121 4 2 10 2 397 367 335 641
3122 4 2 10 2 265 215 231 698
3123 4 2 10 2 560 530 128 667
3124 4 2 10 2 595 638 719 746
3125 4 2 10 2 52 140 148 486
3126 4 2 10 2 193 159 689 723
3127 4 2 10 2 514 460 506 684
3128 4 2 10 2 58 530 153 128
3129 4 2 10 2 67 159 536 689
3130 4 2 10 2 481 472 469 645
3131 4 2 10 2 39 160 407 287
3132 4 2 10 2 210 249 220 632
3133 4 2 10 2 580 506 456 621
3134 4 2 10 2 150 421 130 720
3135 4 2 10 2 607 714 630 733
3136 4 2 10 2 138 51 148 544
3137 4 2 10 2 320 378 341 665
3138 4 2 10 2 83 243 413 278
3139 4 2 10 2 169 136 195 731
3140 4 2 10 2 200 227 244 702
3141 4 2 10 2 418 364 330 623
3142 4 2 10 2 464 483 647 691
3143 4 2 10 2 4 330 126 21
3144 4 2 10 2 124 23 125 634
3145 4 2 10 2 316 317 318 651
3146 4 2 10 2 7 433 271 26
3147 4 2 10 2 38 383 132 715
3148 4 2 10 2 509 550 487 678
3149 4 2 10 2 105 533 225 489
3150 4 2 10 2 326 339 328 655
3151 4 2 10 2 233 201 247 646
3152 4 2 10 2 460 459 439 684
3153 4 2 10 2 360 386 334 675
3154 4 2 10 2 505 535 520 745
3155 4 2 10 2 229 412 282 94
3156 4 2 10 2 546 479 552 724
3157 4 2 10 2 434 544 51 138
3158 4 2 10 2 398 6 24 276
3159 4 2 10 2 482 100 571 213
3160 4 2 10 2 531 489 490 722
3161 4 2 10 2 588 665 621 684
3162 4 2 10 2 612 656 638 746
3163 4 2 10 2 395 704 354 736
3164 4 2 10 2 166 50 138 694
3165 4 2 10 2 617 721 586 744
3166 4 2 10 2 143 22 23 634
3167 4 2 10 2 214 263 260 642
3168 4 2 10 2 339 388 655 731
3169 4 2 10 2 55 135 174 729
3170 4 2 10 2 229 412 94 208
3171 4 2 10 2 331 326 681 732
3172 4 2 10 2 168 576 64 129
3173 4 2 10 2 449 102 542 701
3174 4 2 10 2 185 146 184 649
3175 4 2 10 2 323 721 706 730
3176 4 2 10 2 402 405 280 690
3177 4 2 10 2 386 334 675 734
3178 4 2 10 2 7 199 532 26
3179 4 2 10 2 280 415 147 654
3180 4 2 10 2 431 142 67 689
3181 4 2 10 2 169 144 25 718
3182 4 2 10 2 358 283 373 692
3183 4 2 10 2 434 138 50 694
3184 4 2 10 2 255 207 261 701
3185 4 2 10 2 348 243 84 278
3186 4 2 10 2 15 120 123 696
3187 4 2 10 2 333 359 325 666
3188 4 2 10 2 406 268 71 676
3189 4 2 10 2 496 708 527 719
3190 4 2 10 2 237 78 202 672
3191 4 2 10 2 519 719 656 746
3192 4 2 10 2 570 140 53 486
3193 4 2 10 2 550 96 269 509
3194 4 2 10 2 389 650 338 657
3195 4 2 10 2 201 111 239 578
3196 4 2 10 2 14 429 13 685
3197 4 2 10 2 467 540 522 634
3198 4 2 10 2 147 28 415 280
3199 4 2 10 2 1 688 121 726
3200 4 2 10 2 628 674 591 717
3201 4 2 10 2 246 449 669 701
3202 4 2 10 2 337 345 346 735
3203 4 2 10 2 338 389 409 650
3204 4 2 10 2 197 518 49 166
3205 4 2 10 2 586 724 617 744
3206 4 2 10 2 586 648 632 737
3207 4 2 10 2 289 359 362 633
3208 4 2 10 2 231 262 265 698
3209 4 2 10 2 256 220 632 737
3210 4 2 10 2 505 473 575 679
3211 4 2 10 2 41 131 167 426
3212 4 2 10 2 133 176 183 690
3213 4 2 10 2 71 275 406 676
3214 4 2 10 2 288 33 358 149
3215 4 2 10 2 501 701 500 744
3216 4 2 10 2 604 721 617 744
3217 4 2 10 2 83 413 251 291
3218 4 2 10 2 297 295 296 680
3219 4 2 10 2 366 292 294 631
3220 4 2 10 2 536 689 159 723
3221 4 2 10 2 629 723 593 728
3222 4 2 10 2 464 502 483 691
3223 4 2 10 2 331 384 326 732
3224 4 2 10 2 38 132 160 715
3225 4 2 10 2 586 672 648 737
3226 4 2 10 2 25 218 240 659
3227 4 2 10 2 453 444 447 717
3228 4 2 10 2 179 184 168 662
3229 4 2 10 2 443 442 555 716
3230 4 2 10 2 60 556 141 700
3231 4 2 10 2 314 315 310 644
3232 4 2 10 2 282 408 362 687
3233 4 2 10 2 441 558 528 646
3234 4 2 10 2 226 243 257 668
3235 4 2 10 2 532 452 483 707
3236 4 2 10 2 556 60 436 700
3237 4 2 10 2 240 25 659 718
3238 4 2 10 2 151 174 189 733
3239 4 2 10 2 400 277 387 626
3240 4 2 10 2 43 416 290 728
3241 4 2 10 2 43 162 416 728
3242 4 2 10 2 433 7 532 26
3243 4 2 10 2 195 158 188 707
3244 4 2 10 2 193 187 159 723
3245 4 2 10 2 38 287 383 715
3246 4 2 10 2 386 289 428 734
3247 4 2 10 2 520 503 474 743
3248 4 2 10 2 247 239 253 646
3249 4 2 10 2 246 449 571 669
3250 4 2 10 2 482 546 545 632
3251 4 2 10 2 208 412 270 398
3252 4 2 10 2 246 101 252 571
3253 4 2 10 2 183 140 175 630
3254 4 2 10 2 150 130 151 720
3255 4 2 10 2 199 188 452 707
3256 4 2 10 2 560 484 476 667
3257 4 2 10 2 120 13 122 685
3258 4 2 10 2 187 162 180 728
3259 4 2 10 2 469 508 481 645
3260 4 2 10 2 331 304 332 681
3261 4 2 10 2 318 319 322 651
3262 4 2 10 2 275 274 18 676
3263 4 2 10 2 643 666 602 713
3264 4 2 10 2 292 279 293 683
3265 4 2 10 2 60 141 152 700
3266 4 2 10 2 522 569 467 634
3267 4 2 10 2 436 548 503 700
3268 4 2 10 2 519 656 446 746
3269 4 2 10 2 290 145 43 728
3270 4 2 10 2 152 436 60 700
3271 4 2 10 2 706 721 617 730
3272 4 2 10 2 55 174 448 729
3273 4 2 10 2 38 160 287 715
3274 4 2 10 2 248 669 252 737
3275 4 2 10 2 449 500 501 701
3276 4 2 10 2 252 248 223 669
3277 4 2 10 2 462 505 536 723
3278 4 2 10 2 452 532 199 707
3279 4 2 10 2 165 130 421 720
3280 4 2 10 2 289 362 408 633
3281 4 2 10 2 367 397 291 695
3282 4 2 10 2 439 551 506 684
3283 4 2 10 2 345 337 338 735
3284 4 2 10 2 550 96 238 269
3285 4 2 10 2 397 335 395 736
3286 4 2 10 2 296 379 374 710
3287 4 2 10 2 66 536 159 723
3288 4 2 10 2 460 514 501 744
3289 4 2 10 2 43 145 162 728
3290 4 2 10 2 233 245 262 734
3291 4 2 10 2 74 347 375 268
3292 4 2 10 2 306 392 704 711
3293 4 2 10 2 533 478 559 702
3294 4 2 10 2 48 399 136 198
3295 4 2 10 2 4 330 21 196
3296 4 2 10 2 395 392 354 704
3297 4 2 10 2 440 535 561 662
3298 4 2 10 2 276 388 399 731
3299 4 2 10 2 261 222 221 626
3300 4 2 10 2 431 67 536 689
3301 4 2 10 2 403 404 290 728
3302 4 2 10 2 439 459 17 640
3303 4 2 10 2 204 85 396 348
3304 4 2 10 2 66 159 161 723
3305 4 2 10 2 55 541 135 729
3306 4 2 10 2 363 345 418 735
3307 4 2 10 2 160 191 190 715
3308 4 2 10 2 165 421 343 720
3309 4 2 10 2 323 706 336 730
3310 4 2 10 2 346 345 363 735
3311 4 2 10 2 504 719 519 746
3312 4 2 10 2 256 213 220 737
3313 4 2 10 2 237 672 248 737
3314 4 2 10 2 347 268 406 676
3315 4 2 10 2 414 631 366 712
3316 4 2 10 2 398 270 95 412
3317 4 2 10 2 422 428 90 734
3318 4 2 10 2 228 265 206 633
3319 4 2 10 2 357 332 374 739
3320 4 2 10 2 454 565 539 697
3321 4 2 10 2 425 313 423 672
3322 4 2 10 2 548 699 475 743
3323 4 2 10 2 66 161 462 723
3324 4 2 10 2 11 12 476 670
3325 4 2 10 2 303 376 299 652
3326 4 2 10 2 339 399 388 731
3327 4 2 10 2 535 662 440 745
3328 4 2 10 2 525 496 529 708
3329 4 2 10 2 278 413 354 668
3330 4 2 10 2 10 1 121 726
3331 4 2 10 2 17 459 564 640
3332 4 2 10 2 187 180 161 723
3333 4 2 10 2 512 457 455 742
3334 4 2 10 2 292 366 414 631
3335 4 2 10 2 383 287 357 715
3336 4 2 10 2 232 578 461 112
3337 4 2 10 2 332 357 356 739
3338 4 2 10 2 41 131 426 344
3339 4 2 10 2 133 183 165 690
3340 4 2 10 2 95 208 412 270
3341 4 2 10 2 138 171 166 694
3342 4 2 10 2 504 496 527 719
3343 4 2 10 2 378 329 382 686
3344 4 2 10 2 545 546 435 632
3345 4 2 10 2 309 302 368 636
3346 4 2 10 2 455 454 499 742
3347 4 2 10 2 505 520 474 679
3348 4 2 10 2 360 334 410 675
3349 4 2 10 2 4 330 364 126
3350 4 2 10 2 269 573 73 671
3351 4 2 10 2 499 729 512 742
3352 4 2 10 2 649 662 593 745
3353 4 2 10 2 82 251 417 291
3354 4 2 10 2 48 276 399 198
3355 4 2 10 2 364 126 18 281
3356 4 2 10 2 212 247 253 675
3357 4 2 10 2 504 519 446 746
3358 4 2 10 2 268 375 74 209
3359 4 2 10 2 478 15 16 696
3360 4 2 10 2 630 720 607 733
3361 4 2 10 2 175 181 151 733
3362 4 2 10 2 300 327 369 635
3363 4 2 10 2 460 501 500 744
3364 4 2 10 2 246 261 207 701
3365 4 2 10 2 477 563 537 682
3366 4 2 10 2 577 546 554 724
3367 4 2 10 2 349 329 417 686
3368 4 2 10 2 480 531 572 673
3369 4 2 10 2 384 284 385 653
3370 4 2 10 2 66 462 536 723
3371 4 2 10 2 454 438 10 697
3372 4 2 10 2 321 323 336 730
3373 4 2 10 2 491 513 493 741
3374 4 2 10 2 523 529 432 639
3375 4 2 10 2 498 495 493 738
3376 4 2 10 2 445 519 450 656
3377 4 2 10 2 491 437 507 741
3378 4 2 10 2 602 666 643 738
3379 4 2 10 2 365 401 285 648
3380 4 2 10 2 432 521 543 698
3381 4 2 10 2 327 306 392 704
3382 4 2 10 2 275 71 274 676
3383 4 2 10 2 10 697 438 726
3384 4 2 10 2 174 135 189 729
3385 4 2 10 2 577 501 514 744
3386 4 2 10 2 198 6 276 24
3387 4 2 10 2 530 58 153 488
3388 4 2 10 2 236 212 253 675
3389 4 2 10 2 442 562 572 673
3390 4 2 10 2 332 356 340 660
3391 4 2 10 2 297 369 295 680
3392 4 2 10 2 174 448 729 733
3393 4 2 10 2 560 476 530 667
3394 4 2 10 2 55 448 541 729
3395 4 2 10 2 90 254 422 734
3396 4 2 10 2 269 73 217 671
3397 4 2 10 2 246 101 571 449
3398 4 2 10 2 175 151 130 720
3399 4 2 10 2 59 436 152 740
3400 4 2 10 2 165 421 130 31
3401 4 2 10 2 248 237 202 672
3402 4 2 10 2 362 370 282 687
3403 4 2 10 2 462 576 535 662
3404 4 2 10 2 240 24 25 718
3405 4 2 10 2 531 480 533 722
3406 4 2 10 2 213 248 252 737
3407 4 2 10 2 306 307 311 711
3408 4 2 10 2 499 448 512 729
3409 4 2 10 2 452 70 188 199
3410 4 2 10 2 342 322 351 709
3411 4 2 10 2 379 293 279 683
3412 4 2 10 2 436 700 152 740
3413 4 2 10 2 35 283 139 712
3414 4 2 10 2 142 193 159 689
3415 4 2 10 2 325 312 333 713
3416 4 2 10 2 428 245 90 734
3417 4 2 10 2 472 552 479 661
3418 4 2 10 2 73 573 273 671
3419 4 2 10 2 311 324 353 705
3420 4 2 10 2 350 706 323 721
3421 4 2 10 2 438 456 551 747
3422 4 2 10 2 582 718 707 731
3423 4 2 10 2 331 326 304 681
3424 4 2 10 2 197 143 23 634
3425 4 2 10 2 471 457 512 714
3426 4 2 10 2 268 241 71 676
3427 4 2 10 2 234 260 263 642
3428 4 2 10 2 35 139 178 712
3429 4 2 10 2 337 336 338 657
3430 4 2 10 2 336 389 338 657
3431 4 2 10 2 328 339 388 655
3432 4 2 10 2 32 130 150 421
3433 4 2 10 2 470 472 479 661
3434 4 2 10 2 377 333 312 713
3435 4 2 10 2 411 363 280 654
3436 4 2 10 2 496 525 527 708
3437 4 2 10 2 438 551 1 726
3438 4 2 10 2 288 351 421 720
3439 4 2 10 2 280 363 415 654
3440 4 2 10 2 59 152 153 740
3441 4 2 10 2 573 430 273 671
3442 4 2 10 2 171 147 137 654
3443 4 2 10 2 393 381 394 664
3444 4 2 10 2 175 130 165 720
3445 4 2 10 2 165 421 31 343
3446 4 2 10 2 513 507 557 741
3447 4 2 10 2 361 319 321 725
3448 4 2 10 2 386 422 334 734
3449 4 2 10 2 54 181 570 733
3450 4 2 10 2 352 406 281 676
3451 4 2 10 2 105 533 559 200
3452 4 2 10 2 450 451 447 674
3453 4 2 10 2 185 184 131 649
3454 4 2 10 2 572 562 480 673
3455 4 2 10 2 215 264 250 639
3456 4 2 10 2 495 494 493 643
3457 4 2 10 2 466 465 473 663
3458 4 2 10 2 440 526 520 745
3459 4 2 10 2 571 449 554 669
3460 4 2 10 2 315 314 329 644
3461 4 2 10 2 321 320 323 730
3462 4 2 10 2 421 150 32 288
3463 4 2 10 2 436 503 556 700
3464 4 2 10 2 516 510 475 699
3465 4 2 10 2 446 555 534 746
3466 4 2 10 2 54 570 448 733
3467 4 2 10 2 90 245 254 734
3468 4 2 10 2 211 82 417 349
3469 4 2 10 2 456 455 457 747
3470 4 2 10 2 327 392 395 704
3471 4 2 10 2 419 353 324 705
3472 4 2 10 2 532 70 452 199
3473 4 2 10 2 256 237 248 737
3474 4 2 10 2 35 178 414 712
3475 4 2 10 2 519 504 527 719
3476 4 2 10 2 59 153 488 740
3477 4 2 10 2 487 522 509 671
3478 4 2 10 2 441 110 203 109
3479 4 2 10 2 43 42 145 290
3480 4 2 10 2 549 434 518 694
3481 4 2 10 2 292 414 36 178
3482 4 2 10 2 157 156 192 653
3483 4 2 10 2 284 46 156 45
3484 4 2 10 2 317 319 318 651
3485 4 2 10 2 352 409 347 676
3486 4 2 10 2 339 326 384 732
3487 4 2 10 2 35 414 283 712
3488 4 2 10 2 509 573 269 671
3489 4 2 10 2 474 473 505 679
3490 4 2 10 2 552 487 550 678
3491 4 2 10 2 106 107 437 224
3492 4 2 10 2 365 323 350 706
3493 4 2 10 2 423 401 365 648
3494 4 2 10 2 306 311 392 711
3495 4 2 10 2 267 240 218 659
3496 4 2 10 2 341 400 350 721
3497 4 2 10 2 145 180 162 728
3498 4 2 10 2 463 464 483 647
3499 4 2 10 2 295 294 293 703
3500 4 2 10 2 500 449 542 701
3501 4 2 10 2 205 76 77 401
3502 4 2 10 2 395 354 397 736
3503 4 2 10 2 351 343 421 720
3504 4 2 10 2 239 247 201 646
3505 4 2 10 2 325 360 372 727
3506 4 2 10 2 389 375 409 650
3507 4 2 10 2 115 215 432 114
3508 4 2 10 2 360 286 372 727
3509 4 2 10 2 543 521 461 698
3510 4 2 10 2 107 108 507 214
3511 4 2 10 2 443 429 442 716
3512 4 2 10 2 528 578 461 646
3513 4 2 10 2 342 358 373 692
3514 4 2 10 2 134 45 44 391
3515 4 2 10 2 61 62 164 526
3516 4 2 10 2 468 549 508 693
3517 4 2 10 2 417 367 291 695
3518 4 2 10 2 273 20 272 671
3519 4 2 10 2 252 223 246 669
3520 4 2 10 2 430 3 20 124
3521 4 2 10 2 168 129 179 662
3522 4 2 10 2 427 358 342 692
3523 4 2 10 2 548 516 475 699
3524 4 2 10 2 447 510 453 717
3525 4 2 10 2 478 485 559 702
3526 4 2 10 2 54 448 174 733
3527 4 2 10 2 54 174 181 733
3528 4 2 10 2 59 60 152 436
3529 4 2 10 2 579 502 527 691
3530 4 2 10 2 87 86 286 216
3531 4 2 10 2 81 80 277 221
3532 4 2 10 2 59 488 436 740
3533 4 2 10 2 24 198 169 718
3534 4 2 10 2 502 464 527 691
3535 4 2 10 2 460 439 506 684
3536 4 2 10 2 41 40 131 344
3537 4 2 10 2 548 475 503 743
3538 4 2 10 2 341 350 323 721
3539 4 2 10 2 365 336 323 706
3540 4 2 10 2 471 512 553 714
3541 4 2 10 2 92 91 289 206
3542 4 2 10 2 561 535 576 662
3543 4 2 10 2 319 361 322 725
3544 4 2 10 2 68 67 431 142
3545 4 2 10 2 121 17 123 688
3546 4 2 10 2 519 445 446 656
3547 4 2 10 2 329 349 382 686
3548 4 2 10 2 520 535 440 745
3549 4 2 10 2 63 440 146 62
3550 4 2 10 2 199 144 188 707
3551 4 2 10 2 578 528 558 646
3552 4 2 10 2 89 88 334 212
3553 4 2 10 2 563 515 537 682
3554 4 2 10 2 448 570 553 733
3555 4 2 10 2 420 313 425 672
3556 4 2 10 2 67 66 536 159
3557 4 2 10 2 30 31 343 165
3558 4 2 10 2 3 430 540 124
3559 4 2 10 2 273 272 73 671
3560 4 2 10 2 565 454 10 697
3561 4 2 10 2 126 2 18 281
3562 4 2 10 2 24 169 25 718
3563 4 2 10 2 39 38 160 287
3564 4 2 10 2 173 178 139 712
3565 4 2 10 2 121 1 17 688
3566 4 2 10 2 191 152 141 700
3567 4 2 10 2 355 405 351 709
3568 4 2 10 2 38 37 132 383
3569 4 2 10 2 78 77 313 237
3570 4 2 10 2 132 191 160 715
3571 4 2 10 2 233 254 245 734
3572 4 2 10 2 65 66 161 462
3573 4 2 10 2 80 79 387 222
3574 4 2 10 2 15 123 16 696
3575 4 2 10 2 575 431 536 689
3576 4 2 10 2 533 489 531 722
3577 4 2 10 2 414 366 424 712
3578 4 2 10 2 86 85 396 234
3579 4 2 10 2 60 61 141 556
3580 4 2 10 2 35 34 139 283
3581 4 2 10 2 548 436 488 740
3582 4 2 10 2 456 438 455 747
3583 4 2 10 2 105 106 489 225
3584 4 2 10 2 99 100 482 213
3585 4 2 10 2 530 58 560 128
3586 4 2 10 2 416 403 290 728
3587 4 2 10 2 504 446 534 746
3588 4 2 10 2 79 78 420 202
3589 4 2 10 2 64 65 129 576
3590 4 2 10 2 47 48 399 136
3591 4 2 10 2 63 64 168 561
3592 4 2 10 2 343 405 402 690
3593 4 2 10 2 503 475 474 743
3594 4 2 10 2 53 52 486 140
3595 4 2 10 2 94 229 93 282
3596 4 2 10 2 85 84 348 204
3597 4 2 10 2 58 59 153 488
3598 4 2 10 2 30 29 133 402
3599 4 2 10 2 34 33 149 358
3600 4 2 10 2 75 76 219 285
3601 4 2 10 2 98 97 210 435
3602 4 2 10 2 161 159 187 723
3603 4 2 10 2 33 32 150 288
3604 4 2 10 2 47 46 157 385
3605 4 2 10 2 113 114 543 231
3606 4 2 10 2 573 522 430 671
3607 4 2 10 2 518 50 49 166
3608 4 2 10 2 44 162 416 43
3609 4 2 10 2 111 112 578 201
3610 4 2 10 2 98 99 545 220
3611 4 2 10 2 115 116 523 250
3612 4 2 10 2 351 322 355 709
3613 4 2 10 2 414 424 283 712
3614 4 2 10 2 352 347 406 676
3615 4 2 10 2 101 449 246 102
3616 4 2 10 2 448 54 174 55
3617 4 2 10 2 349 82 81 211
3618 4 2 10 2 37 36 172 279
3619 4 2 10 2 448 499 541 729
3620 4 2 10 2 546 577 479 724
3621 4 2 10 2 144 195 188 707
3622 4 2 10 2 13 120 14 685
3623 4 2 10 2 74 75 209 375
3624 4 2 10 2 40 39 163 407
3625 4 2 10 2 110 111 558 239
3626 4 2 10 2 513 491 507 741
3627 4 2 10 2 108 109 557 235
3628 4 2 10 2 69 68 517 177
3629 4 2 10 2 117 116 259 524
3630 4 2 10 2 112 113 461 232
3631 4 2 10 2 52 51 544 148
3632 4 2 10 2 273 3 20 430
3633 4 2 10 2 152 186 153 740
3634 4 2 10 2 181 174 151 733
3635 4 2 10 2 199 7 532 70
3636 4 2 10 2 29 28 147 280
3637 4 2 10 2 12 11 122 670
3638 4 2 10 2 84 83 278 243
3639 4 2 10 2 2 126 364 281
3640 4 2 10 2 50 51 138 434
3641 4 2 10 2 256 248 213 737
3642 4 2 10 2 42 426 41 167
3643 4 2 10 2 93 228 92 408
3644 4 2 10 2 1 10 438 726
3645 4 2 10 2 55 56 135 541
3646 4 2 10 2 521 495 498 738
3647 4 2 10 2 102 103 542 207
3648 4 2 10 2 88 87 410 236
3649 4 2 10 2 97 96 238 550
3650 4 2 10 2 406 8 71 268
3651 4 2 10 2 6 198 276 48
3652 4 2 10 2 269 9 73 573
3653 4 2 10 2 83 82 291 251
3654 4 2 10 2 117 7 433 271
3655 4 2 10 2 53 54 181 570
3656 4 2 10 2 90 89 422 254
3657 4 2 10 2 2 18 281 275
3658 4 2 10 2 49 5 467 197
3659 4 2 10 2 91 90 428 245
3660 4 2 10 2 100 101 571 252
3661 4 2 10 2 398 270 6 95
3662 4 2 10 2 70 69 452 188
3663 4 2 10 2 36 35 178 414
3664 4 2 10 2 104 105 559 200
3665 4 2 10 2 27 4 196 330
3666 4 2 10 2 94 95 208 412
3667 4 2 10 2 428 422 386 734
3668 4 2 10 2 406 71 8 275
3669 4 2 10 2 499 512 455 742
3670 4 2 10 2 273 73 9 573
3671 4 2 10 2 522 573 509 671
3672 4 2 10 2 103 104 567 227
3673 4 2 10 2 56 57 155 566
3674 4 2 10 2 28 27 137 415
3675 4 2 10 2 74 8 347 268
3676 4 2 10 2 347 8 406 268
3677 4 2 10 2 57 58 128 560
3678 4 2 10 2 32 31 130 421
3679 4 2 10 2 9 96 509 269
3680 4 2 10 2 2 4 364 126
3681 4 2 10 2 9 509 573 269
3682 4 2 10 2 5 3 540 124
3683 4 2 10 2 573 119 273 430
3684 4 2 10 2 119 3 273 430
3685 4 2 10 2 118 281 406 275
3686 4 2 10 2 281 118 2 275
3687 4 2 10 2 118 8 275 406
3688 4 2 10 2 9 119 273 573
3689 4 2 10 2 612 497 673 555
3690 4 2 10 2 612 673 497 601
3691 4 2 10 2 686 244 695 211
3692 4 2 10 2 686 695 244 585
3693 4 2 10 2 661 580 514 470
3694 4 2 10 2 661 514 580 617
3695 4 2 10 2 524 639 525 523
3696 4 2 10 2 525 639 524 598
3697 4 2 10 2 699 596 568 516
3698 4 2 10 2 682 12 13 584
3699 4 2 10 2 682 13 12 563
3700 4 2 10 2 564 696 702 16
3701 4 2 10 2 702 696 564 585
3702 4 2 10 2 702 564 627 585
3703 4 2 10 2 702 627 564 485
3704 4 2 10 2 740 596 568 699
3705 4 2 10 2 740 568 596 618
3706 4 2 10 2 696 564 688 16
3707 4 2 10 2 696 688 564 640
3708 4 2 10 2 17 688 564 16
3709 4 2 10 2 17 564 688 640
3710 4 2 10 2 673 685 716 14
3711 4 2 10 2 716 685 673 587
3712 4 2 10 2 258 675 216 236
3713 4 2 10 2 216 675 258 619
3714 4 2 10 2 667 566 624 155
3715 4 2 10 2 667 624 566 484
3716 4 2 10 2 632 678 552 435
3717 4 2 10 2 552 678 632 605
3718 4 2 10 2 634 194 166 143
3719 4 2 10 2 634 166 194 609
3720 4 2 10 2 741 263 620 224
3721 4 2 10 2 741 620 263 642
3722 4 2 10 2 433 691 582 502
3723 4 2 10 2 582 691 433 659
3724 4 2 10 2 190 649 164 185
3725 4 2 10 2 164 649 190 610
3726 4 2 10 2 741 498 619 513
3727 4 2 10 2 741 619 498 738
3728 4 2 10 2 712 380 373 583
3729 4 2 10 2 712 373 380 424
3730 4 2 10 2 604 459 627 500
3731 4 2 10 2 604 627 459 640
3732 4 2 10 2 712 380 366 424
3733 4 2 10 2 712 366 380 677
3734 4 2 10 2 727 410 216 675
3735 4 2 10 2 727 216 410 286
3736 4 2 10 2 643 741 491 493
3737 4 2 10 2 491 658 643 493
3738 4 2 10 2 14 696 120 15
3739 4 2 10 2 120 696 14 685
3740 4 2 10 2 727 419 324 608
3741 4 2 10 2 727 324 419 372
3742 4 2 10 2 741 260 619 642
3743 4 2 10 2 741 619 260 235
3744 4 2 10 2 584 618 477 670
3745 4 2 10 2 477 618 584 682
3746 4 2 10 2 477 12 584 670
3747 4 2 10 2 584 12 477 682
3748 4 2 10 2 709 742 714 607
3749 4 2 10 2 714 742 709 615
3750 4 2 10 2 634 127 19 623
3751 4 2 10 2 634 19 127 125
3752 4 2 10 2 634 170 194 143
3753 4 2 10 2 634 194 170 623
3754 4 2 10 2 710 332 304 603
3755 4 2 10 2 710 304 332 374
3756 4 2 10 2 734 359 675 386
3757 4 2 10 2 734 675 359 606
3758 4 2 10 2 360 675 359 386
3759 4 2 10 2 360 359 675 606
3760 4 2 10 2 712 182 692 139
3761 4 2 10 2 712 692 182 624
3762 4 2 10 2 709 692 322 599
3763 4 2 10 2 709 322 692 342
3764 4 2 10 2 318 322 692 599
3765 4 2 10 2 318 692 322 342
3766 4 2 10 2 737 205 632 256
3767 4 2 10 2 737 632 205 648
3768 4 2 10 2 249 632 205 256
3769 4 2 10 2 249 205 632 648
3770 4 2 10 2 670 484 476 11
3771 4 2 10 2 670 476 484 667
3772 4 2 10 2 741 658 643 491
3773 4 2 10 2 741 643 658 608
3774 4 2 10 2 629 679 660 593
3775 4 2 10 2 660 679 629 589
3776 4 2 10 2 290 167 42 145
3777 4 2 10 2 290 42 167 426
3778 4 2 10 2 579 708 527 525
3779 4 2 10 2 527 708 579 691
3780 4 2 10 2 606 619 528 646
3781 4 2 10 2 330 137 27 415
3782 4 2 10 2 330 27 137 196
3783 4 2 10 2 730 337 336 321
3784 4 2 10 2 730 336 337 657
3785 4 2 10 2 726 651 622 599
3786 4 2 10 2 726 622 651 588
3787 4 2 10 2 220 482 99 545
3788 4 2 10 2 220 99 482 213
3789 4 2 10 2 738 528 619 498
3790 4 2 10 2 738 619 528 606
3791 4 2 10 2 698 738 528 606
3792 4 2 10 2 528 646 698 606
3793 4 2 10 2 698 646 528 461
3794 4 2 10 2 634 124 467 540
3795 4 2 10 2 634 467 124 23
3796 4 2 10 2 730 651 621 725
3797 4 2 10 2 730 621 651 665
3798 4 2 10 2 717 516 510 453
3799 4 2 10 2 717 510 516 699
3800 4 2 10 2 733 140 175 181
3801 4 2 10 2 733 175 140 630
3802 4 2 10 2 733 486 140 570
3803 4 2 10 2 733 140 486 630
3804 4 2 10 2 254 334 89 422
3805 4 2 10 2 254 89 334 212
3806 4 2 10 2 433 259 117 271
3807 4 2 10 2 433 117 259 524
3808 4 2 10 2 698 521 498 738
3809 4 2 10 2 498 521 698 461
3810 4 2 10 2 498 528 698 738
3811 4 2 10 2 698 528 498 461
3812 4 2 10 2 124 5 467 540
3813 4 2 10 2 467 23 5 124
3814 4 2 10 2 5 23 467 197
$EndElements
